"Unique Key","Created Date","Closed Date","Agency","Agency Name","Problem (formerly Complaint Type)","Problem Detail (formerly Descriptor)","Location Type","Incident Zip","Incident Address","Street Name","Cross Street 1","Cross Street 2","Intersection Street 1","Intersection Street 2","Address Type","City","Landmark","Facility Type","Status","Due Date","Resolution Action Updated Date","Community Board","Borough","X Coordinate (State Plane)","Y Coordinate (State Plane)","Park Facility Name","Park Borough","Vehicle Type","Taxi Company Borough","Taxi Pick Up Location","Bridge Highway Name","Bridge Highway Direction","Road Ramp","Bridge Highway Segment","Latitude","Longitude","Location"
"68833353","2026 Apr 29 01:16:44 PM",,"DOHMH","Department of Health and Mental Hygiene","Rodent","Rat Sighting","3+ Family Mixed Use Building","11204","1782 68 STREET","68 STREET","17 AVENUE","18 AVENUE","17 AVENUE","18 AVENUE","ADDRESS","BROOKLYN","68 STREET",,"In Progress",,,"11 BROOKLYN","BROOKLYN","986,317","164,341","Unspecified","BROOKLYN",,,,,,,,"40.61775428408","-73.99255464872","POINT (-73.992554648717 40.617754284079)"
"68815375","2026 Apr 28 11:13:55 AM",,"DOHMH","Department of Health and Mental Hygiene","Rodent","Rat Sighting","3+ Family Apt. Building","11214","2109 85 STREET","85 STREET","21 AVENUE","BAY PARKWAY","21 AVENUE","BAY PARKWAY","ADDRESS","BROOKLYN","85 STREET",,"In Progress",,,"11 BROOKLYN","BROOKLYN","985,649","159,186","Unspecified","BROOKLYN",,,,,,,,"40.60360499937","-73.99496185825","POINT (-73.994961858252 40.603604999369)"
"68777568","2026 Apr 24 01:19:30 PM","2026 Apr 30 06:01:14 PM","DOHMH","Department of Health and Mental Hygiene","Rodent","Rat Sighting","1-2 Family Dwelling","11204","1514 DAHILL ROAD","DAHILL ROAD","63 STREET","AVENUE O","63 STREET","AVENUE O","ADDRESS","BROOKLYN","DAHILL ROAD",,"Closed",,"2026 Apr 30 06:01:22 PM","11 BROOKLYN","BROOKLYN","991,320","161,994","Unspecified","BROOKLYN",,,,,,,,"40.61130967459","-73.97453625902","POINT (-73.974536259018 40.611309674595)"
"68682938","2026 Apr 15 07:01:33 AM","2026 Apr 24 08:03:06 PM","DOHMH","Department of Health and Mental Hygiene","Rodent","Rat Sighting","3+ Family Apt. Building","11214","8678 BAY PARKWAY","BAY PARKWAY","86 STREET","BENSON AVENUE","86 STREET","BENSON AVENUE","ADDRESS","BROOKLYN","BAY PARKWAY",,"Closed",,"2026 Apr 24 08:03:12 PM","11 BROOKLYN","BROOKLYN","985,571","158,084","Unspecified","BROOKLYN",,,,,,,,"40.60058024526","-73.99524297088","POINT (-73.995242970877 40.600580245258)"
"68666059","2026 Apr 14 01:07:22 PM","2026 Apr 24 08:03:04 PM","DOHMH","Department of Health and Mental Hygiene","Rodent","Rat Sighting","1-2 Family Dwelling","11214","8762 20 AVENUE","20 AVENUE","BATH AVENUE","CROPSEY AVENUE","BATH AVENUE","CROPSEY AVENUE","ADDRESS","BROOKLYN","20 AVENUE",,"Closed",,"2026 Apr 24 08:03:09 PM","11 BROOKLYN","BROOKLYN","983,757","158,321","Unspecified","BROOKLYN",,,,,,,,"40.60123084692","-74.00177535065","POINT (-74.00177535065 40.601230846919)"
"68656504","2026 Apr 13 09:11:09 AM","2026 Apr 27 01:25:38 PM","DOHMH","Department of Health and Mental Hygiene","Rodent","Rat Sighting","3+ Family Apt. Building","11204","6201 BAY PARKWAY","BAY PARKWAY","62 STREET","63 STREET","62 STREET","63 STREET","ADDRESS","BROOKLYN","BAY PARKWAY",,"Closed",,"2026 Apr 27 01:25:44 PM","11 BROOKLYN","BROOKLYN","989,881","163,512","Unspecified","BROOKLYN",,,,,,,,"40.61547730263","-73.97971778262","POINT (-73.979717782622 40.615477302634)"
"68634662","2026 Apr 11 07:57:01 PM","2026 Apr 24 08:03:05 PM","DOHMH","Department of Health and Mental Hygiene","Rodent","Rat Sighting","3+ Family Apt. Building","11214","159 BAY 29 STREET","BAY 29 STREET","BENSON AVENUE","BATH AVENUE","BENSON AVENUE","BATH AVENUE","ADDRESS","BROOKLYN","BAY 29 STREET",,"Closed",,"2026 Apr 24 08:03:10 PM","11 BROOKLYN","BROOKLYN","984,884","157,647","Unspecified","BROOKLYN",,,,,,,,"40.59938084458","-73.99771695512","POINT (-73.99771695512 40.599380844578)"
"68619386","2026 Apr 10 01:40:53 PM","2026 Apr 10 01:40:53 PM","DOHMH","Department of Health and Mental Hygiene","Rodent","Rat Sighting","1-2 Family Dwelling","11204","1425 DAHILL ROAD","DAHILL ROAD","24 AVENUE","62 STREET","24 AVENUE","62 STREET","ADDRESS","BROOKLYN","DAHILL ROAD","N/A","Closed",,"2026 Apr 14 11:03:31 AM","11 BROOKLYN","BROOKLYN","991,232","162,629","Unspecified","BROOKLYN",,,,,,,,"40.61305268852","-73.97485254857","POINT (-73.974852548572 40.613052688515)"
"68615379","2026 Apr 09 10:45:10 AM","2026 Apr 10 05:17:54 PM","DOHMH","Department of Health and Mental Hygiene","Rodent","Rat Sighting","3+ Family Apt. Building","11214","8650 BAY PARKWAY","BAY PARKWAY","86 STREET","BENSON AVENUE","86 STREET","BENSON AVENUE","ADDRESS","BROOKLYN","BAY PARKWAY","N/A","Closed",,"2026 Apr 09 10:45:10 AM","11 BROOKLYN","BROOKLYN","985,686","158,230","Unspecified","BROOKLYN",,,,,,,,"40.60098096776","-73.99482881543","POINT (-73.994828815428 40.600980967756)"
"68599566","2026 Apr 08 11:23:16 PM","2026 Apr 13 12:21:55 PM","DOHMH","Department of Health and Mental Hygiene","Rodent","Rat Sighting","3+ Family Apt. Building","11214","69 BAY   29 STREET","BAY   29 STREET","86 STREET","BENSON AVENUE","86 STREET","BENSON AVENUE","ADDRESS","BROOKLYN","BAY 29 STREET","N/A","Closed",,"2026 Apr 08 11:23:16 PM","11 BROOKLYN","BROOKLYN","985,395","158,294","Unspecified","BROOKLYN",,,,,,,,"40.60115667714","-73.99587672569","POINT (-73.995876725685 40.601156677144)"
"68596821","2026 Apr 07 11:29:21 PM","2026 Apr 08 12:39:54 PM","DOHMH","Department of Health and Mental Hygiene","Rodent","Rat Sighting","Vacant Building","11214","69 BAY   29 STREET","BAY   29 STREET","86 STREET","BENSON AVENUE","86 STREET","BENSON AVENUE","ADDRESS","BROOKLYN","BAY 29 STREET","N/A","Closed",,"2026 Apr 07 11:29:21 PM","11 BROOKLYN","BROOKLYN","985,395","158,294","Unspecified","BROOKLYN",,,,,,,,"40.60115667714","-73.99587672569","POINT (-73.995876725685 40.601156677144)"
"68552863","2026 Apr 03 02:49:43 PM","2026 Apr 06 02:14:16 PM","DOHMH","Department of Health and Mental Hygiene","Rodent","Rat Sighting","3+ Family Mixed Use Building","11204","1918 BAYRIDGE PARKWAY","BAYRIDGE PARKWAY","19 AVENUE","20 AVENUE","19 AVENUE","20 AVENUE","ADDRESS","BROOKLYN","BAY RIDGE PARKWAY","N/A","Closed",,"2026 Apr 03 02:49:43 PM","11 BROOKLYN","BROOKLYN","986,085","162,178","Unspecified","BROOKLYN",,,,,,,,"40.61181734726","-73.99339090249","POINT (-73.993390902485 40.611817347256)"
"68530034","2026 Apr 01 12:48:41 PM","2026 Apr 01 03:13:36 PM","DOHMH","Department of Health and Mental Hygiene","Rodent","Rat Sighting","1-2 Family Dwelling","11204","2107 65 STREET","65 STREET","21 AVENUE","SEA BEACH LINE","21 AVENUE","SEA BEACH LINE","ADDRESS","BROOKLYN","65 STREET","N/A","Closed",,"2026 Apr 01 12:48:41 PM","11 BROOKLYN","BROOKLYN","988,864","163,342","Unspecified","BROOKLYN",,,,,,,,"40.61501127577","-73.98338101627","POINT (-73.983381016271 40.615011275767)"
"68525726","2026 Mar 31 07:39:14 AM","2026 Mar 31 07:39:14 AM","DOHMH","Department of Health and Mental Hygiene","Rodent","Rat Sighting","3+ Family Apt. Building","11230","264 AVENUE O","AVENUE O","DAHILL ROAD","MCDONALD AVENUE","DAHILL ROAD","MCDONALD AVENUE","ADDRESS","BROOKLYN","AVENUE O","N/A","Closed",,"2026 Apr 02 11:54:46 AM","11 BROOKLYN","BROOKLYN","991,369","161,978","Unspecified","BROOKLYN",,,,,,,,"40.61126571866","-73.97435979452","POINT (-73.974359794523 40.611265718656)"
"68476749","2026 Mar 27 02:40:33 PM","2026 Mar 27 02:40:33 PM","DOHMH","Department of Health and Mental Hygiene","Rodent","Rat Sighting","3+ Family Mixed Use Building","11204","2214 62 STREET","62 STREET","BAY PARKWAY","23 AVENUE","BAY PARKWAY","23 AVENUE","ADDRESS","BROOKLYN","62 STREET","N/A","Closed",,"2026 Apr 02 11:15:00 AM","11 BROOKLYN","BROOKLYN","990,056","163,419","Unspecified","BROOKLYN",,,,,,,,"40.61522192393","-73.97908753265","POINT (-73.979087532649 40.615221923932)"
"68460581","2026 Mar 26 12:40:36 PM","2026 Mar 26 12:40:36 PM","DOHMH","Department of Health and Mental Hygiene","Rodent","Rat Sighting","3+ Family Mixed Use Building","11214","8650 BAY PARKWAY","BAY PARKWAY","86 STREET","BENSON AVENUE","86 STREET","BENSON AVENUE","ADDRESS","BROOKLYN","BAY PARKWAY","N/A","Closed",,"2026 Apr 01 12:06:31 PM","11 BROOKLYN","BROOKLYN","985,686","158,230","Unspecified","BROOKLYN",,,,,,,,"40.60098096776","-73.99482881543","POINT (-73.994828815428 40.600980967756)"
"68469755","2026 Mar 26 08:15:16 AM","2026 Mar 30 02:42:19 PM","DOHMH","Department of Health and Mental Hygiene","Rodent","Rat Sighting","3+ Family Apt. Building","11204","7424 21 AVENUE","21 AVENUE","74 STREET","BAY RIDGE PARKWAY","74 STREET","BAY RIDGE PARKWAY","ADDRESS","BROOKLYN","21 AVENUE","N/A","Closed",,"2026 Mar 26 08:15:16 AM","11 BROOKLYN","BROOKLYN","987,263","161,489","Unspecified","BROOKLYN",,,,,,,,"40.60992586167","-73.98914842145","POINT (-73.98914842145 40.609925861668)"
"68354956","2026 Mar 17 08:06:53 PM","2026 Mar 17 08:06:53 PM","DOHMH","Department of Health and Mental Hygiene","Rodent","Rat Sighting","1-2 Family Mixed Use Building","11223","189 HIGHLAWN AVENUE","HIGHLAWN AVENUE","WEST 7 STREET","WEST 6 STREET","WEST 7 STREET","WEST 6 STREET","ADDRESS","BROOKLYN","HIGHLAWN AVENUE","N/A","Closed",,"2026 Mar 23 11:24:29 AM","11 BROOKLYN","BROOKLYN","990,070","159,134","Unspecified","BROOKLYN",,,,,,,,"40.60346046927","-73.97904079931","POINT (-73.979040799312 40.603460469265)"
"68305116","2026 Mar 12 08:41:04 PM","2026 Mar 12 08:41:04 PM","DOHMH","Department of Health and Mental Hygiene","Rodent","Rat Sighting","Vacant Lot","11214","8712 BAY PARKWAY","BAY PARKWAY","BENSON AVENUE","BATH AVENUE","BENSON AVENUE","BATH AVENUE","ADDRESS","BROOKLYN","BAY PARKWAY","N/A","Closed",,"2026 Mar 17 12:56:44 PM","11 BROOKLYN","BROOKLYN","985,291","157,731","Unspecified","BROOKLYN",,,,,,,,"40.59961136911","-73.99625132819","POINT (-73.996251328193 40.599611369107)"
"68300725","2026 Mar 12 08:37:24 PM","2026 Mar 12 08:37:24 PM","DOHMH","Department of Health and Mental Hygiene","Rodent","Rat Sighting","3+ Family Apt. Building","11214","8732 BAY PARKWAY","BAY PARKWAY","BENSON AVENUE","BATH AVENUE","BENSON AVENUE","BATH AVENUE","ADDRESS","BROOKLYN","BAY PARKWAY","N/A","Closed",,"2026 Mar 17 12:50:16 PM","11 BROOKLYN","BROOKLYN","985,208","157,627","Unspecified","BROOKLYN",,,,,,,,"40.59932591953","-73.9965502284","POINT (-73.996550228398 40.599325919526)"
"68309561","2026 Mar 12 08:34:40 PM","2026 Mar 12 08:34:40 PM","DOHMH","Department of Health and Mental Hygiene","Rodent","Rat Sighting","3+ Family Apt. Building","11214","8650 BAY PARKWAY","BAY PARKWAY","86 STREET","BENSON AVENUE","86 STREET","BENSON AVENUE","ADDRESS","BROOKLYN","BAY PARKWAY","N/A","Closed",,"2026 Mar 17 01:07:54 PM","11 BROOKLYN","BROOKLYN","985,686","158,230","Unspecified","BROOKLYN",,,,,,,,"40.60098096776","-73.99482881543","POINT (-73.994828815428 40.600980967756)"
"68306616","2026 Mar 12 04:54:17 PM","2026 Mar 12 04:54:17 PM","DOHMH","Department of Health and Mental Hygiene","Rodent","Rat Sighting","3+ Family Apt. Building","11214","8678 BAY PARKWAY","BAY PARKWAY","86 STREET","BENSON AVENUE","86 STREET","BENSON AVENUE","ADDRESS","BROOKLYN","BAY PARKWAY","N/A","Closed",,"2026 Mar 17 01:03:16 PM","11 BROOKLYN","BROOKLYN","985,571","158,084","Unspecified","BROOKLYN",,,,,,,,"40.60058024526","-73.99524297088","POINT (-73.995242970877 40.600580245258)"
"68300724","2026 Mar 12 04:47:54 PM","2026 Mar 15 07:42:52 PM","DOHMH","Department of Health and Mental Hygiene","Rodent","Rat Sighting","3+ Family Apt. Building","11214","69 BAY   29 STREET","BAY   29 STREET","86 STREET","BENSON AVENUE","86 STREET","BENSON AVENUE","ADDRESS","BROOKLYN","BAY 29 STREET","N/A","Closed",,"2026 Mar 12 04:47:54 PM","11 BROOKLYN","BROOKLYN","985,395","158,294","Unspecified","BROOKLYN",,,,,,,,"40.60115667714","-73.99587672569","POINT (-73.995876725685 40.601156677144)"
"68303637","2026 Mar 12 04:38:16 PM","2026 Mar 15 07:41:33 PM","DOHMH","Department of Health and Mental Hygiene","Rodent","Rat Sighting","3+ Family Apt. Building","11214","69 BAY   29 STREET","BAY   29 STREET","86 STREET","BENSON AVENUE","86 STREET","BENSON AVENUE","ADDRESS","BROOKLYN","BAY 29 STREET","N/A","Closed",,"2026 Mar 12 04:38:16 PM","11 BROOKLYN","BROOKLYN","985,395","158,294","Unspecified","BROOKLYN",,,,,,,,"40.60115667714","-73.99587672569","POINT (-73.995876725685 40.601156677144)"
"68269812","2026 Mar 09 11:55:19 AM","2026 Mar 09 11:55:19 AM","DOHMH","Department of Health and Mental Hygiene","Rodent","Rat Sighting","3+ Family Apt. Building","11214","69 BAY   29 STREET","BAY   29 STREET","86 STREET","BENSON AVENUE","86 STREET","BENSON AVENUE","ADDRESS","BROOKLYN","BAY 29 STREET","N/A","Closed",,"2026 Mar 23 12:40:00 PM","11 BROOKLYN","BROOKLYN","985,395","158,294","Unspecified","BROOKLYN",,,,,,,,"40.60115667714","-73.99587672569","POINT (-73.995876725685 40.601156677144)"
"68246242","2026 Mar 08 12:38:42 PM","2026 Mar 08 12:38:42 PM","DOHMH","Department of Health and Mental Hygiene","Rodent","Rat Sighting","Sidewalk","11204","1930 BAYRIDGE PARKWAY","BAYRIDGE PARKWAY","19 AVENUE","20 AVENUE","19 AVENUE","20 AVENUE","ADDRESS","BROOKLYN","BAY RIDGE PARKWAY","N/A","Closed",,"2026 Mar 10 01:30:00 PM","11 BROOKLYN","BROOKLYN","986,143","162,132","Unspecified","BROOKLYN",,,,,,,,"40.61169107452","-73.99318201748","POINT (-73.993182017476 40.611691074524)"
"68228623","2026 Mar 06 12:51:45 PM","2026 Mar 06 12:51:45 PM","DOHMH","Department of Health and Mental Hygiene","Rodent","Rat Sighting","1-2 Family Dwelling","11228","1562 72 STREET","72 STREET","15 AVENUE","NEW UTRECHT AVENUE","15 AVENUE","NEW UTRECHT AVENUE","ADDRESS","BROOKLYN","72 STREET","N/A","Closed",,"2026 Mar 10 11:07:21 AM","11 BROOKLYN","BROOKLYN","984,228","164,669","Unspecified","BROOKLYN",,,,,,,,"40.61865481705","-74.00007924525","POINT (-74.000079245253 40.61865481705)"
"68194484","2026 Mar 03 03:52:16 PM","2026 Mar 09 12:33:34 PM","DOHMH","Department of Health and Mental Hygiene","Rodent","Rat Sighting","3+ Family Apt. Building","11204","105 AVENUE P","AVENUE P","WEST 11 STREET","WEST 10 STREET","WEST 11 STREET","WEST 10 STREET","ADDRESS","BROOKLYN","AVENUE P","N/A","Closed",,"2026 Mar 03 03:52:16 PM","11 BROOKLYN","BROOKLYN","988,619","160,636","Unspecified","BROOKLYN",,,,,,,,"40.60758398675","-73.98426522279","POINT (-73.984265222794 40.60758398675)"
"68173453","2026 Mar 01 04:00:02 PM","2026 Mar 01 04:00:02 PM","DOHMH","Department of Health and Mental Hygiene","Rodent","Rat Sighting","3+ Family Mixed Use Building","11204","105 AVENUE P","AVENUE P","WEST 11 STREET","WEST 10 STREET","WEST 11 STREET","WEST 10 STREET","ADDRESS","BROOKLYN","AVENUE P","N/A","Closed",,"2026 Mar 17 10:42:16 AM","11 BROOKLYN","BROOKLYN","988,619","160,636","Unspecified","BROOKLYN",,,,,,,,"40.60758398675","-73.98426522279","POINT (-73.984265222794 40.60758398675)"
"68137472","2026 Feb 26 11:20:04 AM","2026 Feb 26 11:20:04 AM","DOHMH","Department of Health and Mental Hygiene","Rodent","Rat Sighting","1-2 Family Dwelling","11204","1716 67 STREET","67 STREET","17 AVENUE","18 AVENUE","17 AVENUE","18 AVENUE","ADDRESS","BROOKLYN","67 STREET","N/A","Closed",,"2026 Mar 10 11:30:43 AM","11 BROOKLYN","BROOKLYN","986,121","164,721","Unspecified","BROOKLYN",,,,,,,,"40.61879734872","-73.99326053704","POINT (-73.993260537044 40.618797348716)"
"68063889","2026 Feb 21 07:38:20 PM","2026 Feb 21 07:38:20 PM","DOHMH","Department of Health and Mental Hygiene","Rodent","Rat Sighting","Sidewalk","11214","8758 BAY PARKWAY","BAY PARKWAY","BENSON AVENUE","BATH AVENUE","BENSON AVENUE","BATH AVENUE","ADDRESS","BROOKLYN","BAY PARKWAY","N/A","Closed",,"2026 Mar 10 02:19:00 PM","11 BROOKLYN","BROOKLYN","985,101","157,491","Unspecified","BROOKLYN",,,,,,,,"40.59895263797","-73.99693555405","POINT (-73.996935554049 40.598952637972)"
"68009065","2026 Feb 16 09:50:05 AM","2026 Feb 16 09:50:05 AM","DOHMH","Department of Health and Mental Hygiene","Rodent","Rat Sighting","Sidewalk","11214","8423 16 AVENUE","16 AVENUE","85 STREET","86 STREET","85 STREET","86 STREET","ADDRESS","BROOKLYN","16 AVENUE","N/A","Closed",,"2026 Mar 10 10:17:04 AM","11 BROOKLYN","BROOKLYN","982,467","161,850","Unspecified","BROOKLYN",,,,,,,,"40.61091706536","-74.00642172313","POINT (-74.006421723134 40.610917065355)"
"68007862","2026 Feb 15 04:16:18 PM","2026 Feb 15 04:16:18 PM","DOHMH","Department of Health and Mental Hygiene","Rodent","Rat Sighting","Commercial Building","11204","1792 70 STREET","70 STREET","17 AVENUE","18 AVENUE","17 AVENUE","18 AVENUE","ADDRESS","BROOKLYN","70 STREET","N/A","Closed",,"2026 Mar 10 12:55:32 PM","11 BROOKLYN","BROOKLYN","986,044","163,894","Unspecified","BROOKLYN",,,,,,,,"40.61652742125","-73.99353811577","POINT (-73.99353811577 40.616527421253)"
"67972838","2026 Feb 12 12:24:25 PM","2026 Feb 12 12:24:25 PM","DOHMH","Department of Health and Mental Hygiene","Rodent","Rat Sighting","Sidewalk","11223","1925 WEST    8 STREET","WEST    8 STREET","AVENUE S","AVENUE T","AVENUE S","AVENUE T","ADDRESS","BROOKLYN","WEST 8 STREET","N/A","Closed",,"2026 Mar 02 11:47:00 AM","11 BROOKLYN","BROOKLYN","989,762","157,933","Unspecified","BROOKLYN",,,,,,,,"40.60016416521","-73.98015096038","POINT (-73.98015096038 40.600164165213)"
"67963176","2026 Feb 11 08:03:19 AM","2026 Feb 11 08:03:19 AM","DOHMH","Department of Health and Mental Hygiene","Rodent","Rat Sighting","3+ Family Apt. Building","11214","8650 BAY PARKWAY","BAY PARKWAY","86 STREET","BENSON AVENUE","86 STREET","BENSON AVENUE","ADDRESS","BROOKLYN","BAY PARKWAY","N/A","Closed",,"2026 Mar 02 10:22:07 AM","11 BROOKLYN","BROOKLYN","985,686","158,230","Unspecified","BROOKLYN",,,,,,,,"40.60098096776","-73.99482881543","POINT (-73.994828815428 40.600980967756)"
"67947591","2026 Feb 11 07:29:12 AM","2026 Feb 11 07:29:12 AM","DOHMH","Department of Health and Mental Hygiene","Rodent","Rat Sighting","Sidewalk","11214","8628 BAY PARKWAY","BAY PARKWAY","86 STREET","BENSON AVENUE","86 STREET","BENSON AVENUE","ADDRESS","BROOKLYN","BAY PARKWAY","N/A","Closed",,"2026 Mar 02 10:07:07 AM","11 BROOKLYN","BROOKLYN","985,777","158,345","Unspecified","BROOKLYN",,,,,,,,"40.60129660421","-73.99450108902","POINT (-73.994501089017 40.601296604206)"
"67590633","2026 Jan 23 06:40:05 PM","2026 Jan 23 06:40:05 PM","DOHMH","Department of Health and Mental Hygiene","Rodent","Rat Sighting","3+ Family Apt. Building","11223","112 AVENUE S","AVENUE S","WEST 10 STREET","WEST 9 STREET","WEST 10 STREET","WEST 9 STREET","ADDRESS","BROOKLYN","AVENUE S","N/A","Closed",,"2026 Mar 02 11:24:07 AM","11 BROOKLYN","BROOKLYN","989,356","158,160","Unspecified","BROOKLYN",,,,,,,,"40.60078747739","-73.98161281888","POINT (-73.981612818881 40.600787477388)"
"67566160","2026 Jan 21 12:25:56 PM","2026 Jan 28 12:51:20 PM","DOHMH","Department of Health and Mental Hygiene","Rodent","Rat Sighting","3+ Family Apt. Building","11214","2109 85 STREET","85 STREET","21 AVENUE","BAY PARKWAY","21 AVENUE","BAY PARKWAY","ADDRESS","BROOKLYN","85 STREET","N/A","Closed",,"2026 Jan 21 12:25:56 PM","11 BROOKLYN","BROOKLYN","985,649","159,186","Unspecified","BROOKLYN",,,,,,,,"40.60360499937","-73.99496185825","POINT (-73.994961858252 40.603604999369)"
"67545224","2026 Jan 20 09:19:22 PM","2026 Jan 20 09:19:22 PM","DOHMH","Department of Health and Mental Hygiene","Rodent","Rat Sighting","3+ Family Mixed Use Building","11214","8002 17 AVENUE","17 AVENUE","17 AVENUE","80 STREET","17 AVENUE","80 STREET","ADDRESS","BROOKLYN",,"N/A","Closed",,"2026 Feb 13 09:42:00 AM","11 BROOKLYN","BROOKLYN","983,855","162,211","Unspecified","BROOKLYN",,,,,,,,"40.61190810666","-74.0014226687","POINT (-74.0014226687 40.611908106664)"
"67529132","2026 Jan 18 10:23:15 PM","2026 Jan 28 12:51:21 PM","DOHMH","Department of Health and Mental Hygiene","Rodent","Rat Sighting","Sidewalk","11214","2109 85 STREET","85 STREET","21 AVENUE","BAY PARKWAY","21 AVENUE","BAY PARKWAY","ADDRESS","BROOKLYN","85 STREET","N/A","Closed",,"2026 Jan 18 10:23:15 PM","11 BROOKLYN","BROOKLYN","985,649","159,186","Unspecified","BROOKLYN",,,,,,,,"40.60360499937","-73.99496185825","POINT (-73.994961858252 40.603604999369)"
"67532737","2026 Jan 18 03:36:49 PM","2026 Jan 28 12:51:21 PM","DOHMH","Department of Health and Mental Hygiene","Rodent","Rat Sighting","Sidewalk","11214","2109 85 STREET","85 STREET","21 AVENUE","BAY PARKWAY","21 AVENUE","BAY PARKWAY","ADDRESS","BROOKLYN","85 STREET","N/A","Closed",,"2026 Jan 18 03:36:49 PM","11 BROOKLYN","BROOKLYN","985,649","159,186","Unspecified","BROOKLYN",,,,,,,,"40.60360499937","-73.99496185825","POINT (-73.994961858252 40.603604999369)"
"67527300","2026 Jan 18 03:19:39 PM","2026 Jan 28 12:51:21 PM","DOHMH","Department of Health and Mental Hygiene","Rodent","Rat Sighting","Sidewalk","11214","2109 85 STREET","85 STREET","21 AVENUE","BAY PARKWAY","21 AVENUE","BAY PARKWAY","ADDRESS","BROOKLYN","85 STREET","N/A","Closed",,"2026 Jan 18 03:19:39 PM","11 BROOKLYN","BROOKLYN","985,649","159,186","Unspecified","BROOKLYN",,,,,,,,"40.60360499937","-73.99496185825","POINT (-73.994961858252 40.603604999369)"
"67491107","2026 Jan 14 11:27:00 AM","2026 Jan 28 12:51:21 PM","DOHMH","Department of Health and Mental Hygiene","Rodent","Rat Sighting","3+ Family Apt. Building","11214","2109 85 STREET","85 STREET","21 AVENUE","BAY PARKWAY","21 AVENUE","BAY PARKWAY","ADDRESS","BROOKLYN","85 STREET","N/A","Closed",,"2026 Jan 14 11:27:00 AM","11 BROOKLYN","BROOKLYN","985,649","159,186","Unspecified","BROOKLYN",,,,,,,,"40.60360499937","-73.99496185825","POINT (-73.994961858252 40.603604999369)"
"67483370","2026 Jan 13 11:08:38 AM","2026 Jan 13 11:08:38 AM","DOHMH","Department of Health and Mental Hygiene","Rodent","Rat Sighting","3+ Family Apt. Building","11204","2430 63 STREET","63 STREET","24 AVENUE","DAHILL ROAD","24 AVENUE","DAHILL ROAD","ADDRESS","BROOKLYN","63 STREET","N/A","Closed",,"2026 Jan 15 08:46:31 AM","11 BROOKLYN","BROOKLYN","991,180","162,200","Unspecified","BROOKLYN",,,,,,,,"40.61187521278","-73.97504028008","POINT (-73.975040280078 40.611875212776)"
"67467737","2026 Jan 12 10:42:09 AM","2026 Jan 12 10:42:09 AM","DOHMH","Department of Health and Mental Hygiene","Rodent","Rat Sighting","Sidewalk","11204","7324 20 AVENUE","20 AVENUE","20 AVENUE","74 STREET","20 AVENUE","74 STREET","ADDRESS","BROOKLYN",,"N/A","Closed",,"2026 Jan 15 12:32:25 PM","11 BROOKLYN","BROOKLYN","986,817","162,183","Unspecified","BROOKLYN",,,,,,,,"40.6118308894","-73.99075446497","POINT (-73.990754464971 40.6118308894)"
"67427260","2026 Jan 08 08:24:09 PM","2026 Jan 08 08:24:09 PM","DOHMH","Department of Health and Mental Hygiene","Rodent","Rat Sighting","1-2 Family Dwelling","11214","8803 20 AVENUE","20 AVENUE","BATH AVENUE","CROPSEY AVENUE","BATH AVENUE","CROPSEY AVENUE","ADDRESS","BROOKLYN","20 AVENUE","N/A","Closed",,"2026 Jan 15 11:43:38 AM","11 BROOKLYN","BROOKLYN","983,575","158,078","Unspecified","BROOKLYN",,,,,,,,"40.60056384922","-74.00243072965","POINT (-74.002430729651 40.600563849222)"
"67419008","2026 Jan 07 12:59:11 PM","2026 Jan 07 12:59:11 PM","DOHMH","Department of Health and Mental Hygiene","Rodent","Rat Sighting","3+ Family Apt. Building","11214","8001 NEW UTRECHT AVENUE","NEW UTRECHT AVENUE","NEW UTRECHT AVENUE","18 AVENUE","NEW UTRECHT AVENUE","18 AVENUE","ADDRESS","BROOKLYN","NEW UTRECHT AVENUE","N/A","Closed",,"2026 Jan 15 10:22:38 AM","11 BROOKLYN","BROOKLYN","984,022","162,089","Unspecified","BROOKLYN",,,,,,,,"40.61157324765","-74.00082118186","POINT (-74.000821181865 40.611573247647)"
"67409514","2026 Jan 06 09:29:01 AM","2026 Jan 06 09:29:01 AM","DOHMH","Department of Health and Mental Hygiene","Rodent","Rat Sighting","1-2 Family Mixed Use Building","11228","8798 15 AVENUE","15 AVENUE","BATH AVENUE","CROPSEY AVENUE","BATH AVENUE","CROPSEY AVENUE","ADDRESS","BROOKLYN","15 AVENUE","N/A","Closed",,"2026 Jan 15 10:59:38 AM","11 BROOKLYN","BROOKLYN","980,446","160,566","Unspecified","BROOKLYN",,,,,,,,"40.60739211163","-74.01369991311","POINT (-74.013699913112 40.607392111633)"
"67347752","2025 Dec 31 01:13:39 PM","2025 Dec 31 01:13:39 PM","DOHMH","Department of Health and Mental Hygiene","Rodent","Rat Sighting","3+ Family Apt. Building","11214","8411 21 AVENUE","21 AVENUE","84 STREET","85 STREET","84 STREET","85 STREET","ADDRESS","BROOKLYN","21 AVENUE","N/A","Closed",,"2026 Jan 07 10:36:38 AM","11 BROOKLYN","BROOKLYN","985,648","159,442","Unspecified","BROOKLYN",,,,,,,,"40.60430766738","-73.99496540651","POINT (-73.99496540651 40.60430766738)"
"67316706","2025 Dec 28 12:56:24 PM","2025 Dec 28 12:56:24 PM","DOHMH","Department of Health and Mental Hygiene","Rodent","Rat Sighting","3+ Family Apt. Building","11214","2109 85 STREET","85 STREET","21 AVENUE","BAY PARKWAY","21 AVENUE","BAY PARKWAY","ADDRESS","BROOKLYN","85 STREET","N/A","Closed",,"2025 Dec 29 12:17:21 PM","11 BROOKLYN","BROOKLYN","985,649","159,186","Unspecified","BROOKLYN",,,,,,,,"40.60360499937","-73.99496185825","POINT (-73.994961858252 40.603604999369)"
"67283237","2025 Dec 23 08:40:55 AM","2025 Dec 23 08:40:55 AM","DOHMH","Department of Health and Mental Hygiene","Rodent","Rat Sighting","3+ Family Apt. Building","11214","8750 BAY PARKWAY","BAY PARKWAY","BENSON AVENUE","BATH AVENUE","BENSON AVENUE","BATH AVENUE","ADDRESS","BROOKLYN","BAY PARKWAY","N/A","Closed",,"2025 Dec 29 12:48:21 PM","11 BROOKLYN","BROOKLYN","985,134","157,533","Unspecified","BROOKLYN",,,,,,,,"40.59906791624","-73.99681671575","POINT (-73.996816715749 40.599067916243)"
"67196194","2025 Dec 15 12:38:18 PM","2025 Dec 15 02:39:49 PM","DOHMH","Department of Health and Mental Hygiene","Rodent","Rat Sighting","1-2 Family Dwelling","11214","2133 83 STREET","83 STREET","21 AVENUE","BAY PARKWAY","21 AVENUE","BAY PARKWAY","ADDRESS","BROOKLYN","83 STREET","N/A","Closed",,"2025 Dec 15 12:38:18 PM","11 BROOKLYN","BROOKLYN","986,078","159,510","Unspecified","BROOKLYN",,,,,,,,"40.60449423525","-73.99341683647","POINT (-73.993416836466 40.604494235253)"
"67167152","2025 Dec 13 11:03:36 AM","2025 Dec 13 11:03:36 AM","DOHMH","Department of Health and Mental Hygiene","Rodent","Rat Sighting","1-2 Family Dwelling","11214","2133 83 STREET","83 STREET","21 AVENUE","BAY PARKWAY","21 AVENUE","BAY PARKWAY","ADDRESS","BROOKLYN","83 STREET","N/A","Closed",,"2025 Dec 22 11:34:00 AM","11 BROOKLYN","BROOKLYN","986,078","159,510","Unspecified","BROOKLYN",,,,,,,,"40.60449423525","-73.99341683647","POINT (-73.993416836466 40.604494235253)"
"67126990","2025 Dec 10 02:47:19 PM","2025 Dec 10 02:47:19 PM","DOHMH","Department of Health and Mental Hygiene","Rodent","Rat Sighting","3+ Family Apt. Building","11214","2036 CROPSEY AVENUE","CROPSEY AVENUE","BAY 25 STREET","BAY 26 STREET","BAY   25 STREET","BAY   26 STREET","ADDRESS","BROOKLYN","CROPSEY AVENUE","N/A","Closed",,"2025 Dec 22 12:13:00 PM","11 BROOKLYN","BROOKLYN","983,730","157,706","Unspecified","BROOKLYN",,,,,,,,"40.59954279505","-74.00187253347","POINT (-74.001872533465 40.599542795054)"
"67021398","2025 Dec 02 07:23:15 AM","2025 Dec 02 07:23:15 AM","DOHMH","Department of Health and Mental Hygiene","Rodent","Rat Sighting","3+ Family Apt. Building","11204","7424 21 AVENUE","21 AVENUE","74 STREET","BAY RIDGE PARKWAY","74 STREET","BAY RIDGE PARKWAY","ADDRESS","BROOKLYN","21 AVENUE","N/A","Closed",,"2025 Dec 22 11:18:00 AM","11 BROOKLYN","BROOKLYN","987,263","161,489","Unspecified","BROOKLYN",,,,,,,,"40.60992586167","-73.98914842145","POINT (-73.98914842145 40.609925861668)"
"66933125","2025 Nov 23 07:03:08 PM","2025 Nov 23 07:03:08 PM","DOHMH","Department of Health and Mental Hygiene","Rodent","Rat Sighting","3+ Family Apt. Building","11214","2372 84 STREET","84 STREET","23 AVENUE","24 AVENUE","23 AVENUE","24 AVENUE","ADDRESS","BROOKLYN","84 STREET","N/A","Closed",,"2025 Dec 04 01:38:31 PM","11 BROOKLYN","BROOKLYN","987,323","158,183","Unspecified","BROOKLYN",,,,,,,,"40.60085154585","-73.98893383049","POINT (-73.988933830487 40.60085154585)"
"66926358","2025 Nov 22 12:15:59 PM","2025 Dec 01 01:51:44 PM","DOHMH","Department of Health and Mental Hygiene","Rodent","Rat Sighting","1-2 Family Dwelling","11214","33 BAY   31 STREET","BAY   31 STREET","86 STREET","BENSON AVENUE","86 STREET","BENSON AVENUE","ADDRESS","BROOKLYN","BAY   31 STREET","N/A","Closed",,"2025 Nov 22 12:15:59 PM","11 BROOKLYN","BROOKLYN","985,974","158,145","Unspecified","BROOKLYN",,,,,,,,"40.60074760865","-73.99379171933","POINT (-73.993791719328 40.600747608653)"
"66903287","2025 Nov 20 10:38:46 PM","2025 Nov 20 10:38:46 PM","DOHMH","Department of Health and Mental Hygiene","Rodent","Rat Sighting","3+ Family Mixed Use Building","11214","8758 BAY PARKWAY","BAY PARKWAY","BENSON AVENUE","BATH AVENUE","BENSON AVENUE","BATH AVENUE","ADDRESS","BROOKLYN","BAY PARKWAY","N/A","Closed",,"2025 Nov 24 11:17:52 AM","11 BROOKLYN","BROOKLYN","985,101","157,491","Unspecified","BROOKLYN",,,,,,,,"40.59895263797","-73.99693555405","POINT (-73.996935554049 40.598952637972)"
"66817720","2025 Nov 12 11:12:12 AM","2025 Nov 18 03:15:26 PM","DOHMH","Department of Health and Mental Hygiene","Rodent","Rat Sighting","1-2 Family Dwelling","11223","1925 WEST    8 STREET","WEST    8 STREET","AVENUE S","AVENUE T","AVENUE S","AVENUE T","ADDRESS","BROOKLYN","WEST    8 STREET","N/A","Closed",,"2025 Nov 12 11:12:12 AM","11 BROOKLYN","BROOKLYN","989,762","157,933","Unspecified","BROOKLYN",,,,,,,,"40.60016416521","-73.98015096038","POINT (-73.98015096038 40.600164165213)"
"66815943","2025 Nov 12 08:45:19 AM","2025 Nov 12 08:45:19 AM","DOHMH","Department of Health and Mental Hygiene","Rodent","Rat Sighting","3+ Family Apt. Building","11204","105 AVENUE P","AVENUE P","WEST 11 STREET","WEST 10 STREET","WEST   11 STREET","WEST   10 STREET","ADDRESS","BROOKLYN","AVENUE P","N/A","Closed",,"2025 Nov 19 10:57:05 AM","11 BROOKLYN","BROOKLYN","988,619","160,636","Unspecified","BROOKLYN",,,,,,,,"40.60758398675","-73.98426522279","POINT (-73.984265222794 40.60758398675)"
"66786348","2025 Nov 10 12:41:14 PM","2025 Nov 10 12:41:14 PM","DOHMH","Department of Health and Mental Hygiene","Rodent","Rat Sighting","3+ Family Apt. Building","11204","2402 65 STREET","65 STREET","AVENUE O","WEST 2 STREET","AVENUE O","WEST    2 STREET","ADDRESS","BROOKLYN","65 STREET","N/A","Closed",,"2025 Nov 19 12:10:05 PM","11 BROOKLYN","BROOKLYN","990,728","161,865","Unspecified","BROOKLYN",,,,,,,,"40.61095604871","-73.97666856578","POINT (-73.976668565783 40.610956048712)"
"66733790","2025 Nov 05 02:42:12 PM","2025 Nov 05 02:42:12 PM","DOHMH","Department of Health and Mental Hygiene","Rodent","Rat Sighting","3+ Family Apt. Building","11214","8679 19 AVENUE","19 AVENUE","86 STREET","BENSON AVENUE","86 STREET","BENSON AVENUE","ADDRESS","BROOKLYN","19 AVENUE","N/A","Closed",,"2025 Nov 20 11:46:39 AM","11 BROOKLYN","BROOKLYN","983,718","159,519","Unspecified","BROOKLYN",,,,,,,,"40.60451911099","-74.00191588857","POINT (-74.001915888568 40.604519110988)"
"66655560","2025 Oct 29 08:34:50 PM","2025 Oct 29 08:34:50 PM","DOHMH","Department of Health and Mental Hygiene","Rodent","Rat Sighting","Sidewalk","11214","1608 BAY PARKWAY","BAY PARKWAY","BELT PARKWAY WB BAY PARKWAY EN","SHORE PARKWAY","BELT PARKWAY WB BAY PARKWAY EN","SHORE PARKWAY","BLOCKFACE","BROOKLYN",,"N/A","Closed",,"2025 Dec 04 02:32:08 PM","11 BROOKLYN","BROOKLYN",,,"Unspecified","BROOKLYN",,,,,,,,,,
"66594706","2025 Oct 24 11:26:36 AM","2025 Dec 01 01:51:44 PM","DOHMH","Department of Health and Mental Hygiene","Rodent","Rat Sighting","3+ Family Apt. Building","11214","33 BAY   31 STREET","BAY   31 STREET","86 STREET","BENSON AVENUE","86 STREET","BENSON AVENUE","ADDRESS","BROOKLYN","BAY   31 STREET","N/A","Closed",,"2025 Oct 24 11:26:36 AM","11 BROOKLYN","BROOKLYN","985,974","158,145","Unspecified","BROOKLYN",,,,,,,,"40.60074760865","-73.99379171933","POINT (-73.993791719328 40.600747608653)"
"66572439","2025 Oct 22 02:13:47 PM","2025 Oct 28 02:02:33 PM","DOHMH","Department of Health and Mental Hygiene","Rodent","Rat Sighting","3+ Family Mixed Use Building","11204","117 AVENUE P","AVENUE P","WEST 11 STREET","WEST 10 STREET","WEST   11 STREET","WEST   10 STREET","ADDRESS","BROOKLYN","AVENUE P","N/A","Closed",,"2025 Oct 22 02:13:47 PM","11 BROOKLYN","BROOKLYN","988,717","160,650","Unspecified","BROOKLYN",,,,,,,,"40.60762236502","-73.9839122705","POINT (-73.983912270496 40.607622365024)"
"66576425","2025 Oct 22 08:44:12 AM","2025 Oct 28 02:03:26 PM","DOHMH","Department of Health and Mental Hygiene","Rodent","Rat Sighting","3+ Family Mixed Use Building","11204","7201 16 AVENUE","16 AVENUE","72 STREET","NEW UTRECHT AVENUE","72 STREET","NEW UTRECHT AVENUE","ADDRESS","BROOKLYN","16 AVENUE","N/A","Closed",,"2025 Oct 22 08:44:12 AM","11 BROOKLYN","BROOKLYN","984,506","164,417","Unspecified","BROOKLYN",,,,,,,,"40.61796312572","-73.99907788298","POINT (-73.999077882976 40.617963125716)"
"66511568","2025 Oct 16 09:55:16 PM","2025 Oct 20 02:20:45 PM","DOHMH","Department of Health and Mental Hygiene","Rodent","Rat Sighting","3+ Family Apt. Building","11204","117 AVENUE P","AVENUE P","WEST 11 STREET","WEST 10 STREET","WEST   11 STREET","WEST   10 STREET","ADDRESS","BROOKLYN","AVENUE P","N/A","Closed",,"2025 Oct 16 09:55:16 PM","11 BROOKLYN","BROOKLYN","988,717","160,650","Unspecified","BROOKLYN",,,,,,,,"40.60762236502","-73.9839122705","POINT (-73.983912270496 40.607622365024)"
"66509884","2025 Oct 16 06:03:41 PM","2025 Oct 20 02:20:10 PM","DOHMH","Department of Health and Mental Hygiene","Rodent","Rat Sighting","3+ Family Mixed Use Building","11204","117 AVENUE P","AVENUE P","WEST 11 STREET","WEST 10 STREET","WEST   11 STREET","WEST   10 STREET","ADDRESS","BROOKLYN","AVENUE P","N/A","Closed",,"2025 Oct 16 06:03:41 PM","11 BROOKLYN","BROOKLYN","988,717","160,650","Unspecified","BROOKLYN",,,,,,,,"40.60762236502","-73.9839122705","POINT (-73.983912270496 40.607622365024)"
"66464708","2025 Oct 13 09:48:25 PM","2025 Oct 13 09:48:25 PM","DOHMH","Department of Health and Mental Hygiene","Rodent","Rat Sighting","3+ Family Apt. Building","11214","25 BAY   31 STREET","BAY   31 STREET","86 STREET","BENSON AVENUE","86 STREET","BENSON AVENUE","ADDRESS","BROOKLYN","BAY   31 STREET","N/A","Closed",,"2025 Oct 22 12:25:14 PM","11 BROOKLYN","BROOKLYN","986,008","158,188","Unspecified","BROOKLYN",,,,,,,,"40.60086562825","-73.99366927105","POINT (-73.993669271047 40.600865628251)"
"66466142","2025 Oct 13 01:44:54 PM","2025 Oct 20 02:18:59 PM","DOHMH","Department of Health and Mental Hygiene","Rodent","Rat Sighting","Sidewalk","11223","192 KINGS HIGHWAY","KINGS HIGHWAY","WEST 12 STREET","WEST 11 STREET","WEST   12 STREET","WEST   11 STREET","ADDRESS","BROOKLYN","KINGS HIGHWAY","N/A","Closed",,"2025 Oct 13 01:44:54 PM","11 BROOKLYN","BROOKLYN","988,642","159,916","Unspecified","BROOKLYN",,,,,,,,"40.60560772259","-73.98418285744","POINT (-73.984182857442 40.605607722592)"
"66451021","2025 Oct 11 02:20:49 PM","2025 Oct 11 02:20:49 PM","DOHMH","Department of Health and Mental Hygiene","Rodent","Rat Sighting","1-2 Family Dwelling","11223","2054 WEST   10 STREET","WEST   10 STREET","AVENUE T","AVENUE U","AVENUE T","AVENUE U","ADDRESS","BROOKLYN","WEST   10 STREET","N/A","Closed",,"2025 Oct 22 12:00:14 PM","11 BROOKLYN","BROOKLYN","989,390","156,829","Unspecified","BROOKLYN",,,,,,,,"40.59713413214","-73.98149139446","POINT (-73.981491394456 40.597134132138)"
"66432505","2025 Oct 10 06:31:48 PM","2025 Oct 10 06:31:48 PM","DOHMH","Department of Health and Mental Hygiene","Rodent","Rat Sighting","1-2 Family Dwelling","11223","1627 WEST   11 STREET","WEST   11 STREET","AVENUE P","KINGS HIGHWAY","AVENUE P","KINGS HIGHWAY","ADDRESS","BROOKLYN","WEST   11 STREET","N/A","Closed",,"2025 Oct 22 12:47:17 PM","11 BROOKLYN","BROOKLYN","988,626","160,332","Unspecified","BROOKLYN",,,,,,,,"40.6067495655","-73.98424020955","POINT (-73.984240209552 40.6067495655)"
"66427242","2025 Oct 09 05:59:24 AM","2025 Oct 20 02:13:10 PM","DOHMH","Department of Health and Mental Hygiene","Rodent","Rat Sighting","3+ Family Apt. Building","11214","2107 CROPSEY AVENUE","CROPSEY AVENUE","21 AVENUE","21 LANE","21 AVENUE","21 LANE","ADDRESS","BROOKLYN","CROPSEY AVENUE","N/A","Closed",,"2025 Oct 09 05:59:24 AM","11 BROOKLYN","BROOKLYN","984,115","157,368","Unspecified","BROOKLYN",,,,,,,,"40.59861506768","-74.00048613174","POINT (-74.000486131741 40.598615067684)"
"66406090","2025 Oct 07 08:07:10 PM","2025 Oct 07 08:07:10 PM","DOHMH","Department of Health and Mental Hygiene","Rodent","Rat Sighting","Sidewalk","11223","94 QUENTIN ROAD","QUENTIN ROAD","QUENTIN ROAD","WEST 11 STREET","QUENTIN ROAD","WEST   11 STREET","ADDRESS","BROOKLYN",,"N/A","Closed",,"2025 Nov 10 02:40:17 PM","11 BROOKLYN","BROOKLYN","988,898","159,866","Unspecified","BROOKLYN",,,,,,,,"40.60547035222","-73.98326094549","POINT (-73.983260945495 40.605470352225)"
"66391320","2025 Oct 06 10:14:27 AM","2025 Oct 06 10:14:27 AM","DOHMH","Department of Health and Mental Hygiene","Rodent","Rat Sighting","3+ Family Apt. Building","11204","7000 BAY PARKWAY","BAY PARKWAY","70 STREET","71 STREET","70 STREET","71 STREET","ADDRESS","BROOKLYN","BAY PARKWAY","N/A","Closed",,"2025 Oct 22 11:12:17 AM","11 BROOKLYN","BROOKLYN","988,560","161,854","Unspecified","BROOKLYN",,,,,,,,"40.61092717572","-73.98447693157","POINT (-73.984476931565 40.61092717572)"
"66386697","2025 Oct 06 10:13:56 AM","2025 Oct 06 10:13:56 AM","DOHMH","Department of Health and Mental Hygiene","Rodent","Rat Sighting","Commercial Building","11204","7023 BAY PARKWAY","BAY PARKWAY","70 STREET","71 STREET","70 STREET","71 STREET","ADDRESS","BROOKLYN","BAY PARKWAY","N/A","Closed",,"2025 Oct 22 11:20:17 AM","11 BROOKLYN","BROOKLYN","988,516","161,790","Unspecified","BROOKLYN",,,,,,,,"40.61075153017","-73.98463544415","POINT (-73.984635444153 40.610751530173)"
"66373347","2025 Oct 04 03:30:08 PM","2025 Oct 04 03:30:08 PM","DOHMH","Department of Health and Mental Hygiene","Rodent","Rat Sighting","3+ Family Apt. Building","11204","1621 65 STREET","65 STREET","16 AVENUE","17 AVENUE","16 AVENUE","17 AVENUE","ADDRESS","BROOKLYN","65 STREET","N/A","Closed",,"2025 Nov 10 11:15:17 AM","11 BROOKLYN","BROOKLYN","985,861","165,730","Unspecified","BROOKLYN",,,,,,,,"40.62156689471","-73.99419683307","POINT (-73.994196833071 40.621566894708)"
"66369453","2025 Oct 04 08:43:15 AM","2025 Oct 04 08:43:15 AM","DOHMH","Department of Health and Mental Hygiene","Rodent","Rat Sighting","3+ Family Apt. Building","11204","105 AVENUE P","AVENUE P","WEST 11 STREET","WEST 10 STREET","WEST   11 STREET","WEST   10 STREET","ADDRESS","BROOKLYN","AVENUE P","N/A","Closed",,"2025 Oct 08 10:30:37 AM","11 BROOKLYN","BROOKLYN","988,619","160,636","Unspecified","BROOKLYN",,,,,,,,"40.60758398675","-73.98426522279","POINT (-73.984265222794 40.60758398675)"
"66323818","2025 Sep 30 11:02:12 AM","2025 Sep 30 12:49:51 PM","DOHMH","Department of Health and Mental Hygiene","Rodent","Rat Sighting","Sidewalk","11223","192 KINGS HIGHWAY","KINGS HIGHWAY","WEST 12 STREET","WEST 11 STREET","WEST   12 STREET","WEST   11 STREET","ADDRESS","BROOKLYN","KINGS HIGHWAY","N/A","Closed",,"2025 Sep 30 11:02:12 AM","11 BROOKLYN","BROOKLYN","988,642","159,916","Unspecified","BROOKLYN",,,,,,,,"40.60560772259","-73.98418285744","POINT (-73.984182857442 40.605607722592)"
"66287731","2025 Sep 26 09:35:09 AM","2025 Oct 01 12:21:29 PM","DOHMH","Department of Health and Mental Hygiene","Rodent","Rat Sighting","Sidewalk","11214","2535 CROPSEY AVENUE","CROPSEY AVENUE","BAY 40 STREET","BAY 41 STREET","BAY   40 STREET","BAY   41 STREET","ADDRESS","BROOKLYN","CROPSEY AVENUE","N/A","Closed",,"2025 Sep 26 09:35:09 AM","11 BROOKLYN","BROOKLYN","986,371","154,750","Unspecified","BROOKLYN",,,,,,,,"40.59142893194","-73.99236315211","POINT (-73.99236315211 40.591428931938)"
"66275946","2025 Sep 25 06:47:49 PM","2025 Sep 25 06:47:49 PM","DOHMH","Department of Health and Mental Hygiene","Rodent","Rat Sighting","3+ Family Apt. Building","11214","8650 BAY PARKWAY","BAY PARKWAY","86 STREET","BENSON AVENUE","86 STREET","BENSON AVENUE","ADDRESS","BROOKLYN","BAY PARKWAY","N/A","Closed",,"2025 Oct 02 09:28:06 AM","11 BROOKLYN","BROOKLYN","985,686","158,230","Unspecified","BROOKLYN",,,,,,,,"40.60098096776","-73.99482881543","POINT (-73.994828815428 40.600980967756)"
"66262156","2025 Sep 24 06:53:47 PM","2025 Sep 24 06:53:47 PM","DOHMH","Department of Health and Mental Hygiene","Rodent","Rat Sighting","1-2 Family Dwelling","11204","2107 65 STREET","65 STREET","21 AVENUE","SEA BEACH LINE","21 AVENUE","SEA BEACH LINE","ADDRESS","BROOKLYN","65 STREET","N/A","Closed",,"2025 Oct 08 02:38:37 PM","11 BROOKLYN","BROOKLYN","988,864","163,342","Unspecified","BROOKLYN",,,,,,,,"40.61501127577","-73.98338101627","POINT (-73.983381016271 40.615011275767)"
"66262164","2025 Sep 24 02:58:22 PM","2025 Sep 24 02:58:22 PM","DOHMH","Department of Health and Mental Hygiene","Rodent","Rat Sighting","Sidewalk","11223","176 HIGHLAWN AVENUE","HIGHLAWN AVENUE","HIGHLAWN AVENUE","WEST 7 STREET","HIGHLAWN AVENUE","WEST    7 STREET","ADDRESS","BROOKLYN",,"N/A","Closed",,"2025 Oct 29 12:22:12 PM","11 BROOKLYN","BROOKLYN","989,947","159,111","Unspecified","BROOKLYN",,,,,,,,"40.60339741887","-73.97948377087","POINT (-73.979483770874 40.603397418874)"
"66255742","2025 Sep 23 11:19:56 PM","2025 Sep 23 11:19:56 PM","DOHMH","Department of Health and Mental Hygiene","Rodent","Rat Sighting","3+ Family Apt. Building","11214","8797 25 AVENUE","25 AVENUE","BATH AVENUE","HARWAY AVENUE","BATH AVENUE","HARWAY AVENUE","ADDRESS","BROOKLYN","25 AVENUE","N/A","Closed",,"2025 Oct 02 10:08:06 AM","11 BROOKLYN","BROOKLYN","986,636","155,636","Unspecified","BROOKLYN",,,,,,,,"40.59386075676","-73.99140868332","POINT (-73.991408683323 40.593860756758)"
"66248970","2025 Sep 23 08:34:03 PM","2025 Sep 23 08:34:03 PM","DOHMH","Department of Health and Mental Hygiene","Rodent","Rat Sighting","Sidewalk","11214","2137 CROPSEY AVENUE","CROPSEY AVENUE","21 AVENUE","BAY 28 STREET","21 AVENUE","BAY   28 STREET","ADDRESS","BROOKLYN",,"N/A","Closed",,"2025 Oct 22 01:44:14 PM","11 BROOKLYN","BROOKLYN","984,305","157,192","Unspecified","BROOKLYN",,,,,,,,"40.59813198413","-73.99980194776","POINT (-73.999801947761 40.598131984127)"
"66235653","2025 Sep 22 09:12:43 PM","2025 Sep 23 02:08:02 PM","DOHMH","Department of Health and Mental Hygiene","Rodent","Rat Sighting","3+ Family Apt. Building","11204","127 AVENUE P","AVENUE P","WEST 11 STREET","WEST 10 STREET","WEST   11 STREET","WEST   10 STREET","ADDRESS","BROOKLYN","AVENUE P","N/A","Closed",,"2025 Sep 22 09:12:43 PM","11 BROOKLYN","BROOKLYN","988,799","160,662","Unspecified","BROOKLYN",,,,,,,,"40.60765526085","-73.98361694256","POINT (-73.983616942559 40.607655260852)"
"66235654","2025 Sep 22 09:01:37 PM","2025 Sep 23 02:08:03 PM","DOHMH","Department of Health and Mental Hygiene","Rodent","Rat Sighting","3+ Family Mixed Use Building","11204","127 AVENUE P","AVENUE P","WEST 11 STREET","WEST 10 STREET","WEST   11 STREET","WEST   10 STREET","ADDRESS","BROOKLYN","AVENUE P","N/A","Closed",,"2025 Sep 22 09:01:37 PM","11 BROOKLYN","BROOKLYN","988,799","160,662","Unspecified","BROOKLYN",,,,,,,,"40.60765526085","-73.98361694256","POINT (-73.983616942559 40.607655260852)"
"66243235","2025 Sep 22 05:12:34 PM","2025 Sep 22 05:12:34 PM","DOHMH","Department of Health and Mental Hygiene","Rodent","Rat Sighting","1-2 Family Dwelling","11204","127 AVENUE P","AVENUE P","WEST 11 STREET","WEST 10 STREET","WEST   11 STREET","WEST   10 STREET","ADDRESS","BROOKLYN","AVENUE P","N/A","Closed",,"2025 Oct 08 10:58:37 AM","11 BROOKLYN","BROOKLYN","988,799","160,662","Unspecified","BROOKLYN",,,,,,,,"40.60765526085","-73.98361694256","POINT (-73.983616942559 40.607655260852)"
"66238713","2025 Sep 22 01:28:37 PM","2025 Sep 23 02:09:11 PM","DOHMH","Department of Health and Mental Hygiene","Rodent","Rat Sighting","Street","11214","2531 CROPSEY AVENUE","CROPSEY AVENUE","BAY 40 STREET","BAY 41 STREET","BAY   40 STREET","BAY   41 STREET","ADDRESS","BROOKLYN","CROPSEY AVENUE","N/A","Closed",,"2025 Sep 22 01:28:37 PM","11 BROOKLYN","BROOKLYN","986,353","154,779","Unspecified","BROOKLYN",,,,,,,,"40.59150853542","-73.99242795367","POINT (-73.992427953674 40.591508535416)"
"66244709","2025 Sep 22 11:51:14 AM","2025 Sep 22 11:51:14 AM","DOHMH","Department of Health and Mental Hygiene","Rodent","Rat Sighting","Public Garden","11214","8204 18 AVENUE","18 AVENUE","18 AVENUE","82 STREET","18 AVENUE","82 STREET","ADDRESS","BROOKLYN",,"N/A","Closed",,"2025 Oct 08 09:38:37 AM","11 BROOKLYN","BROOKLYN","984,122","161,164","Unspecified","BROOKLYN",,,,,,,,"40.60903431469","-74.00046099685","POINT (-74.000460996847 40.609034314687)"
"66237148","2025 Sep 22 08:20:55 AM","2025 Sep 22 08:20:55 AM","DOHMH","Department of Health and Mental Hygiene","Rodent","Rat Sighting","1-2 Family Dwelling","11204","1867 66 STREET","66 STREET","18 AVENUE","19 AVENUE","18 AVENUE","19 AVENUE","ADDRESS","BROOKLYN","66 STREET","N/A","Closed",,"2025 Oct 08 03:03:37 PM","11 BROOKLYN","BROOKLYN","987,171","164,335","Unspecified","BROOKLYN",,,,,,,,"40.61773757493","-73.9894785362","POINT (-73.989478536197 40.617737574933)"
"66231814","2025 Sep 21 07:49:21 AM","2025 Sep 23 02:10:18 PM","DOHMH","Department of Health and Mental Hygiene","Rodent","Rat Sighting","3+ Family Apt. Building","11214","8425 BAY   16 STREET","BAY   16 STREET","84 STREET","85 STREET","84 STREET","85 STREET","ADDRESS","BROOKLYN","BAY   16 STREET","N/A","Closed",,"2025 Sep 21 07:49:21 AM","11 BROOKLYN","BROOKLYN","983,350","161,144","Unspecified","BROOKLYN",,,,,,,,"40.60897937401","-74.00324138142","POINT (-74.003241381416 40.608979374008)"
"66219074","2025 Sep 20 04:17:26 AM","2025 Sep 20 04:17:26 AM","DOHMH","Department of Health and Mental Hygiene","Rodent","Rat Sighting","3+ Family Apt. Building","11214","2535 CROPSEY AVENUE","CROPSEY AVENUE","BAY 40 STREET","BAY 41 STREET","BAY   40 STREET","BAY   41 STREET","ADDRESS","BROOKLYN","CROPSEY AVENUE","N/A","Closed",,"2025 Oct 02 10:22:06 AM","11 BROOKLYN","BROOKLYN","986,371","154,750","Unspecified","BROOKLYN",,,,,,,,"40.59142893194","-73.99236315211","POINT (-73.99236315211 40.591428931938)"
"66192737","2025 Sep 18 02:57:27 PM","2025 Sep 24 03:09:33 PM","DOHMH","Department of Health and Mental Hygiene","Rodent","Rat Sighting","3+ Family Apt. Building","11214","8650 BAY PARKWAY","BAY PARKWAY","86 STREET","BENSON AVENUE","86 STREET","BENSON AVENUE","ADDRESS","BROOKLYN","BAY PARKWAY","N/A","Closed",,"2025 Sep 18 02:57:27 PM","11 BROOKLYN","BROOKLYN","985,686","158,230","Unspecified","BROOKLYN",,,,,,,,"40.60098096776","-73.99482881543","POINT (-73.994828815428 40.600980967756)"
"66202136","2025 Sep 18 11:32:05 AM","2025 Sep 18 11:32:05 AM","DOHMH","Department of Health and Mental Hygiene","Rodent","Rat Sighting","Parking Lot or Garage","11223","35 QUENTIN ROAD","QUENTIN ROAD","WEST 13 STREET","WEST 12 STREET","WEST   13 STREET","WEST   12 STREET","ADDRESS","BROOKLYN","QUENTIN ROAD","N/A","Closed",,"2025 Sep 29 11:52:27 AM","11 BROOKLYN","BROOKLYN","988,307","159,793","Unspecified","BROOKLYN",,,,,,,,"40.6052702724","-73.98538938457","POINT (-73.985389384572 40.605270272401)"
"66202137","2025 Sep 18 09:02:01 AM","2025 Sep 23 02:13:48 PM","DOHMH","Department of Health and Mental Hygiene","Rodent","Rat Sighting","Parking Lot or Garage","11223","166 KINGS HIGHWAY","KINGS HIGHWAY","WEST 13 STREET","WEST 12 STREET","WEST   13 STREET","WEST   12 STREET","ADDRESS","BROOKLYN","KINGS HIGHWAY","N/A","Closed",,"2025 Sep 18 09:02:01 AM","11 BROOKLYN","BROOKLYN","988,304","159,979","Unspecified","BROOKLYN",,,,,,,,"40.6057808058","-73.98540007693","POINT (-73.985400076932 40.6057808058)"
"66191402","2025 Sep 17 10:01:06 PM","2025 Sep 24 03:09:33 PM","DOHMH","Department of Health and Mental Hygiene","Rodent","Rat Sighting","3+ Family Apt. Building","11214","8650 BAY PARKWAY","BAY PARKWAY","86 STREET","BENSON AVENUE","86 STREET","BENSON AVENUE","ADDRESS","BROOKLYN","BAY PARKWAY","N/A","Closed",,"2025 Sep 17 10:01:06 PM","11 BROOKLYN","BROOKLYN","985,686","158,230","Unspecified","BROOKLYN",,,,,,,,"40.60098096776","-73.99482881543","POINT (-73.994828815428 40.600980967756)"
"66185421","2025 Sep 17 12:03:31 PM","2025 Sep 17 12:03:31 PM","DOHMH","Department of Health and Mental Hygiene","Rodent","Rat Sighting","1-2 Family Dwelling","11204","2024 63 STREET","63 STREET","20 AVENUE","21 AVENUE","20 AVENUE","21 AVENUE","ADDRESS","BROOKLYN","63 STREET","N/A","Closed",,"2025 Sep 29 09:41:27 AM","11 BROOKLYN","BROOKLYN","988,665","164,190","Unspecified","BROOKLYN",,,,,,,,"40.61733896152","-73.98409723196","POINT (-73.984097231963 40.617338961517)"
"66173253","2025 Sep 16 02:09:14 PM","2025 Sep 17 11:30:48 AM","DOHMH","Department of Health and Mental Hygiene","Rodent","Rat Sighting","Other (Explain Below)","11223","166 KINGS HIGHWAY","KINGS HIGHWAY","WEST 13 STREET","WEST 12 STREET","WEST   13 STREET","WEST   12 STREET","ADDRESS","BROOKLYN","KINGS HIGHWAY","N/A","Closed",,"2025 Sep 16 02:09:14 PM","11 BROOKLYN","BROOKLYN","988,304","159,979","Unspecified","BROOKLYN",,,,,,,,"40.6057808058","-73.98540007693","POINT (-73.985400076932 40.6057808058)"
"66171016","2025 Sep 16 02:05:40 PM","2025 Sep 16 02:05:40 PM","DOHMH","Department of Health and Mental Hygiene","Rodent","Rat Sighting","Commercial Building","11223","192 KINGS HIGHWAY","KINGS HIGHWAY","WEST 12 STREET","WEST 11 STREET","WEST   12 STREET","WEST   11 STREET","ADDRESS","BROOKLYN","KINGS HIGHWAY","N/A","Closed",,"2025 Sep 29 11:38:00 AM","11 BROOKLYN","BROOKLYN","988,642","159,916","Unspecified","BROOKLYN",,,,,,,,"40.60560772259","-73.98418285744","POINT (-73.984182857442 40.605607722592)"
"66158774","2025 Sep 14 06:56:03 PM","2025 Sep 14 06:56:03 PM","DOHMH","Department of Health and Mental Hygiene","Rodent","Rat Sighting","1-2 Family Dwelling","11214","2531 CROPSEY AVENUE","CROPSEY AVENUE","BAY 40 STREET","BAY 41 STREET","BAY   40 STREET","BAY   41 STREET","ADDRESS","BROOKLYN","CROPSEY AVENUE","N/A","Closed",,"2025 Oct 02 10:27:06 AM","11 BROOKLYN","BROOKLYN","986,353","154,779","Unspecified","BROOKLYN",,,,,,,,"40.59150853542","-73.99242795367","POINT (-73.992427953674 40.591508535416)"
"66158776","2025 Sep 14 06:19:15 PM","2025 Sep 14 06:19:15 PM","DOHMH","Department of Health and Mental Hygiene","Rodent","Rat Sighting","Other (Explain Below)","11214","2527 CROPSEY AVENUE","CROPSEY AVENUE","BAY 40 STREET","BAY 41 STREET","BAY   40 STREET","BAY   41 STREET","ADDRESS","BROOKLYN",,"N/A","Closed",,"2025 Oct 22 11:12:00 AM","11 BROOKLYN","BROOKLYN","986,335","154,808","Unspecified","BROOKLYN",,,,,,,,"40.59158813886","-73.99249275539","POINT (-73.992492755392 40.591588138857)"
"66146594","2025 Sep 13 02:53:53 PM","2025 Sep 17 11:40:10 AM","DOHMH","Department of Health and Mental Hygiene","Rodent","Rat Sighting","Other (Explain Below)","11204","1590 WEST TENTH STREET","WEST TENTH STREET","AVENUE O","AVENUE P","AVENUE O","AVENUE P","ADDRESS","BROOKLYN","WEST   10 STREET","N/A","Closed",,"2025 Sep 13 02:53:53 PM","11 BROOKLYN","BROOKLYN","988,807","160,857","Unspecified","BROOKLYN",,,,,,,,"40.6081904918","-73.98358799927","POINT (-73.983587999273 40.6081904918)"
"66141326","2025 Sep 13 11:47:34 AM","2025 Sep 13 11:47:34 AM","DOHMH","Department of Health and Mental Hygiene","Rodent","Rat Sighting","Parking Lot/Garage","11214","1832 BENSON AVENUE","BENSON AVENUE","BAY 19 STREET","BAY 20 STREET","BAY   19 STREET","BAY   20 STREET","ADDRESS","BROOKLYN","BENSON AVENUE","N/A","Closed",,"2025 Sep 29 01:03:05 PM","11 BROOKLYN","BROOKLYN","983,182","159,504","Unspecified","BROOKLYN",,,,,,,,"40.60447789066","-74.00384617994","POINT (-74.003846179939 40.604477890658)"
"66134395","2025 Sep 12 05:04:23 PM","2025 Sep 24 03:14:29 PM","DOHMH","Department of Health and Mental Hygiene","Rodent","Rat Sighting","1-2 Family Dwelling","11204","1590 WEST TENTH STREET","WEST TENTH STREET","AVENUE O","AVENUE P","AVENUE O","AVENUE P","ADDRESS","BROOKLYN","WEST   10 STREET","N/A","Closed",,"2025 Sep 12 05:04:23 PM","11 BROOKLYN","BROOKLYN","988,807","160,857","Unspecified","BROOKLYN",,,,,,,,"40.6081904918","-73.98358799927","POINT (-73.983587999273 40.6081904918)"
"66127528","2025 Sep 12 12:07:47 AM","2025 Sep 12 12:07:47 AM","DOHMH","Department of Health and Mental Hygiene","Rodent","Rat Sighting","Commercial Building","11214","8725 18 AVENUE","18 AVENUE","BENSON AVENUE","BATH AVENUE","BENSON AVENUE","BATH AVENUE","ADDRESS","BROOKLYN","18 AVENUE","N/A","Closed",,"2025 Sep 29 12:55:03 PM","11 BROOKLYN","BROOKLYN","982,779","159,589","Unspecified","BROOKLYN",,,,,,,,"40.6047111406","-74.00529751916","POINT (-74.005297519156 40.604711140597)"
"66124869","2025 Sep 11 09:39:58 PM","2025 Sep 11 09:39:58 PM","DOHMH","Department of Health and Mental Hygiene","Rodent","Rat Sighting","Commercial Building","11204","1301 WEST    7 STREET","WEST    7 STREET","BAY PARKWAY","AVENUE O","BAY PARKWAY","AVENUE O","ADDRESS","BROOKLYN","WEST    7 STREET","N/A","Closed",,"2025 Sep 29 10:06:27 AM","11 BROOKLYN","BROOKLYN","989,344","162,646","Unspecified","BROOKLYN",,,,,,,,"40.61310063656","-73.98165264842","POINT (-73.981652648415 40.613100636564)"
"66127529","2025 Sep 11 09:35:06 PM","2025 Sep 11 09:35:06 PM","DOHMH","Department of Health and Mental Hygiene","Rodent","Rat Sighting","Other (Explain Below)","11204","1315 WEST SEVENTH STREET","WEST SEVENTH STREET","BAY PARKWAY","AVENUE O","BAY PARKWAY","AVENUE O","ADDRESS","BROOKLYN","WEST    7 STREET","N/A","Closed",,"2025 Sep 29 10:30:27 AM","11 BROOKLYN","BROOKLYN","989,352","162,591","Unspecified","BROOKLYN",,,,,,,,"40.61294966831","-73.98162387591","POINT (-73.981623875915 40.612949668306)"
"66114018","2025 Sep 10 10:14:52 PM","2025 Sep 11 02:34:44 PM","DOHMH","Department of Health and Mental Hygiene","Rodent","Rat Sighting","3+ Family Mixed Use Building","11214","8758 BAY PARKWAY","BAY PARKWAY","BENSON AVENUE","BATH AVENUE","BENSON AVENUE","BATH AVENUE","ADDRESS","BROOKLYN","BAY PARKWAY","N/A","Closed",,"2025 Sep 10 10:14:52 PM","11 BROOKLYN","BROOKLYN","985,101","157,491","Unspecified","BROOKLYN",,,,,,,,"40.59895263797","-73.99693555405","POINT (-73.996935554049 40.598952637972)"
"66108847","2025 Sep 10 10:46:11 AM","2025 Sep 10 10:46:11 AM","DOHMH","Department of Health and Mental Hygiene","Rodent","Rat Sighting","3+ Family Apt. Building","11204","117 AVENUE P","AVENUE P","WEST 11 STREET","WEST 10 STREET","WEST   11 STREET","WEST   10 STREET","ADDRESS","BROOKLYN","AVENUE P","N/A","Closed",,"2025 Sep 29 10:53:27 AM","11 BROOKLYN","BROOKLYN","988,717","160,650","Unspecified","BROOKLYN",,,,,,,,"40.60762236502","-73.9839122705","POINT (-73.983912270496 40.607622365024)"
"66106214","2025 Sep 09 08:06:28 PM","2025 Sep 09 08:06:28 PM","DOHMH","Department of Health and Mental Hygiene","Rodent","Rat Sighting","Commercial Building","11228","7115 15 AVENUE","15 AVENUE","71 STREET","72 STREET","71 STREET","72 STREET","ADDRESS","BROOKLYN","15 AVENUE","N/A","Closed",,"2025 Sep 20 09:32:34 AM","11 BROOKLYN","BROOKLYN","984,030","165,079","Unspecified","BROOKLYN",,,,,,,,"40.61978017909","-74.00079246589","POINT (-74.00079246589 40.619780179089)"
"66101834","2025 Sep 09 06:00:31 PM","2025 Sep 09 06:00:31 PM","DOHMH","Department of Health and Mental Hygiene","Rodent","Rat Sighting","1-2 Family Dwelling","11228","1541 BAY RIDGE PARKWAY","BAY RIDGE PARKWAY","15 AVENUE","16 AVENUE","15 AVENUE","16 AVENUE","ADDRESS","BROOKLYN","BAY RIDGE PARKWAY","N/A","Closed",,"2025 Sep 20 09:52:34 AM","11 BROOKLYN","BROOKLYN","983,678","164,092","Unspecified","BROOKLYN",,,,,,,,"40.61707105338","-74.00206032769","POINT (-74.002060327692 40.617071053375)"
"66097581","2025 Sep 09 01:38:43 PM","2025 Sep 09 01:38:43 PM","DOHMH","Department of Health and Mental Hygiene","Rodent","Rat Sighting","3+ Family Mixed Use Building","11223","1684 WEST   10 STREET","WEST   10 STREET","AVENUE P","KINGS HIGHWAY","AVENUE P","KINGS HIGHWAY","ADDRESS","BROOKLYN","WEST   10 STREET","N/A","Closed",,"2025 Sep 29 11:19:27 AM","11 BROOKLYN","BROOKLYN","988,921","160,073","Unspecified","BROOKLYN",,,,,,,,"40.60603851285","-73.98317797139","POINT (-73.983177971387 40.606038512854)"
"66097577","2025 Sep 09 11:07:46 AM","2025 Sep 09 11:07:46 AM","DOHMH","Department of Health and Mental Hygiene","Rodent","Rat Sighting","1-2 Family Dwelling","11223","1748 WEST   13 STREET","WEST   13 STREET","QUENTIN ROAD","HIGHLAWN AVENUE","QUENTIN ROAD","HIGHLAWN AVENUE","ADDRESS","BROOKLYN","WEST   13 STREET","N/A","Closed",,"2025 Sep 20 01:47:36 PM","11 BROOKLYN","BROOKLYN","988,240","159,329","Unspecified","BROOKLYN",,,,,,,,"40.60399671744","-73.98563094811","POINT (-73.985630948108 40.603996717438)"
"66079244","2025 Sep 07 07:08:57 PM","2025 Sep 17 11:33:18 AM","DOHMH","Department of Health and Mental Hygiene","Rodent","Rat Sighting","Vacant Lot","11223","166 KINGS HIGHWAY","KINGS HIGHWAY","WEST 13 STREET","WEST 12 STREET","WEST   13 STREET","WEST   12 STREET","ADDRESS","BROOKLYN","KINGS HIGHWAY","N/A","Closed",,"2025 Sep 07 07:08:57 PM","11 BROOKLYN","BROOKLYN","988,304","159,979","Unspecified","BROOKLYN",,,,,,,,"40.6057808058","-73.98540007693","POINT (-73.985400076932 40.6057808058)"
"66077166","2025 Sep 07 05:19:10 PM","2025 Sep 17 11:37:14 AM","DOHMH","Department of Health and Mental Hygiene","Rodent","Rat Sighting","1-2 Family Dwelling","11204","123 AVENUE P","AVENUE P","WEST 11 STREET","WEST 10 STREET","WEST   11 STREET","WEST   10 STREET","ADDRESS","BROOKLYN","AVENUE P","N/A","Closed",,"2025 Sep 07 05:19:10 PM","11 BROOKLYN","BROOKLYN","988,766","160,657","Unspecified","BROOKLYN",,,,,,,,"40.60764155375","-73.9837357942","POINT (-73.983735794195 40.607641553755)"
"66034999","2025 Sep 03 08:34:53 AM","2025 Sep 03 08:34:53 AM","DOHMH","Department of Health and Mental Hygiene","Rodent","Rat Sighting","1-2 Family Dwelling","11214","8650 BAY PARKWAY","BAY PARKWAY","86 STREET","BENSON AVENUE","86 STREET","BENSON AVENUE","ADDRESS","BROOKLYN","BAY PARKWAY","N/A","Closed",,"2025 Sep 10 12:17:30 PM","11 BROOKLYN","BROOKLYN","985,686","158,230","Unspecified","BROOKLYN",,,,,,,,"40.60098096776","-73.99482881543","POINT (-73.994828815428 40.600980967756)"
"66026878","2025 Sep 02 06:17:48 PM","2025 Sep 02 06:17:48 PM","DOHMH","Department of Health and Mental Hygiene","Rodent","Rat Sighting","1-2 Family Dwelling","11214","168 BAY   41 STREET","BAY   41 STREET","BENSON AVENUE","BATH AVENUE","BENSON AVENUE","BATH AVENUE","ADDRESS","BROOKLYN","BAY   41 STREET","N/A","Closed",,"2025 Sep 10 11:28:03 AM","11 BROOKLYN","BROOKLYN","987,287","155,635","Unspecified","BROOKLYN",,,,,,,,"40.5938578128","-73.98906461541","POINT (-73.989064615414 40.5938578128)"
"66001362","2025 Aug 30 09:06:57 PM","2025 Aug 30 09:06:57 PM","DOHMH","Department of Health and Mental Hygiene","Rodent","Rat Sighting","Vacant Building","11214","33 BAY   31 STREET","BAY   31 STREET","86 STREET","BENSON AVENUE","86 STREET","BENSON AVENUE","ADDRESS","BROOKLYN","BAY   31 STREET","N/A","Closed",,"2025 Sep 20 12:18:36 PM","11 BROOKLYN","BROOKLYN","985,974","158,145","Unspecified","BROOKLYN",,,,,,,,"40.60074760865","-73.99379171933","POINT (-73.993791719328 40.600747608653)"
"65997585","2025 Aug 30 04:03:47 PM","2025 Aug 30 04:03:47 PM","DOHMH","Department of Health and Mental Hygiene","Rodent","Rat Sighting","3+ Family Apt. Building","11204","1608 66 STREET","66 STREET","16 AVENUE","OVINGTON COURT","16 AVENUE","OVINGTON COURT","ADDRESS","BROOKLYN","66 STREET","N/A","Closed",,"2025 Sep 08 10:08:00 AM","11 BROOKLYN","BROOKLYN","985,555","165,607","Unspecified","BROOKLYN",,,,,,,,"40.62122933572","-73.99529913436","POINT (-73.995299134363 40.62122933572)"
"65966893","2025 Aug 27 06:56:03 PM","2025 Aug 27 06:56:03 PM","DOHMH","Department of Health and Mental Hygiene","Rodent","Rat Sighting","3+ Family Apt. Building","11219","1537 68 STREET","68 STREET","NEW UTRECHT AVENUE","16 AVENUE","NEW UTRECHT AVENUE","16 AVENUE","ADDRESS","BROOKLYN","68 STREET","N/A","Closed",,"2025 Sep 08 08:29:49 AM","11 BROOKLYN","BROOKLYN","984,849","165,505","Unspecified","BROOKLYN",,,,,,,,"40.62094944285","-73.99784229371","POINT (-73.997842293711 40.620949442847)"
"65957592","2025 Aug 26 10:03:06 AM","2025 Aug 29 03:12:58 PM","DOHMH","Department of Health and Mental Hygiene","Rodent","Rat Sighting","3+ Family Apt. Building","11204","1608 66 STREET","66 STREET","16 AVENUE","OVINGTON COURT","16 AVENUE","OVINGTON COURT","ADDRESS","BROOKLYN","66 STREET","N/A","Closed",,"2025 Aug 26 10:03:06 AM","11 BROOKLYN","BROOKLYN","985,555","165,607","Unspecified","BROOKLYN",,,,,,,,"40.62122933572","-73.99529913436","POINT (-73.995299134363 40.62122933572)"
"65941877","2025 Aug 24 09:04:16 AM","2025 Aug 24 09:04:16 AM","DOHMH","Department of Health and Mental Hygiene","Rodent","Rat Sighting","1-2 Family Dwelling","11223","1674 WEST NINTH STREET","WEST NINTH STREET","AVENUE P","QUENTIN ROAD","AVENUE P","QUENTIN ROAD","ADDRESS","BROOKLYN","WEST    9 STREET","N/A","Closed",,"2025 Sep 08 01:37:49 PM","11 BROOKLYN","BROOKLYN","989,176","160,123","Unspecified","BROOKLYN",,,,,,,,"40.60617561456","-73.98225958399","POINT (-73.982259583992 40.606175614556)"
"65918512","2025 Aug 22 06:40:14 AM","2025 Aug 22 06:40:14 AM","DOHMH","Department of Health and Mental Hygiene","Rodent","Rat Sighting","3+ Family Mixed Use Building","11214","8758 BAY PARKWAY","BAY PARKWAY","BENSON AVENUE","BATH AVENUE","BENSON AVENUE","BATH AVENUE","ADDRESS","BROOKLYN","BAY PARKWAY","N/A","Closed",,"2025 Sep 03 11:53:56 AM","11 BROOKLYN","BROOKLYN","985,101","157,491","Unspecified","BROOKLYN",,,,,,,,"40.59895263797","-73.99693555405","POINT (-73.996935554049 40.598952637972)"
"65910672","2025 Aug 21 11:14:26 PM","2025 Aug 25 12:23:57 PM","DOHMH","Department of Health and Mental Hygiene","Rodent","Rat Sighting","3+ Family Apt. Building","11204","1608 66 STREET","66 STREET","16 AVENUE","OVINGTON COURT","16 AVENUE","OVINGTON COURT","ADDRESS","BROOKLYN","66 STREET","N/A","Closed",,"2025 Aug 21 11:14:26 PM","11 BROOKLYN","BROOKLYN","985,555","165,607","Unspecified","BROOKLYN",,,,,,,,"40.62122933572","-73.99529913436","POINT (-73.995299134363 40.62122933572)"
"65913995","2025 Aug 21 09:28:03 PM","2025 Aug 25 12:22:20 PM","DOHMH","Department of Health and Mental Hygiene","Rodent","Rat Sighting","3+ Family Apt. Building","11223","1702 WEST    7 STREET","WEST    7 STREET","QUENTIN ROAD","KINGS HIGHWAY","QUENTIN ROAD","KINGS HIGHWAY","ADDRESS","BROOKLYN","WEST    7 STREET","N/A","Closed",,"2025 Aug 21 09:28:03 PM","11 BROOKLYN","BROOKLYN","989,725","159,947","Unspecified","BROOKLYN",,,,,,,,"40.60569220833","-73.98028256709","POINT (-73.980282567088 40.605692208328)"
"65909572","2025 Aug 21 05:24:50 AM","2025 Aug 21 05:24:50 AM","DOHMH","Department of Health and Mental Hygiene","Rodent","Rat Sighting","Catch Basin/Sewer","11204","91 AVENUE O","AVENUE O","WEST 8 STREET","SEA BEACH LINE","WEST    8 STREET","SEA BEACH LINE","ADDRESS","BROOKLYN","AVENUE O","N/A","Closed",,"2025 Sep 08 01:02:49 PM","11 BROOKLYN","BROOKLYN","989,326","161,688","Unspecified","BROOKLYN",,,,,,,,"40.61047113416","-73.98171820017","POINT (-73.981718200171 40.610471134156)"
"65906495","2025 Aug 20 01:01:35 PM","2025 Aug 25 12:19:15 PM","DOHMH","Department of Health and Mental Hygiene","Rodent","Rat Sighting","1-2 Family Dwelling","11214","1809 SHORE PARKWAY","SHORE PARKWAY","BAY 38 STREET","25 AVENUE","BAY   38 STREET","25 AVENUE","ADDRESS","BROOKLYN","SHORE PARKWAY","N/A","Closed",,"2025 Aug 20 01:01:35 PM","11 BROOKLYN","BROOKLYN","985,842","155,038","Unspecified","BROOKLYN",,,,,,,,"40.59221954501","-73.99426779548","POINT (-73.994267795483 40.592219545006)"
"65896455","2025 Aug 19 09:03:04 PM","2025 Aug 19 09:03:04 PM","DOHMH","Department of Health and Mental Hygiene","Rodent","Rat Sighting","1-2 Family Dwelling","11214","1815 SHORE PARKWAY","SHORE PARKWAY","BAY 38 STREET","25 AVENUE","BAY   38 STREET","25 AVENUE","ADDRESS","BROOKLYN","SHORE PARKWAY","N/A","Closed",,"2025 Sep 10 10:26:00 AM","11 BROOKLYN","BROOKLYN","985,873","154,994","Unspecified","BROOKLYN",,,,,,,,"40.59209876821","-73.99415618649","POINT (-73.994156186492 40.592098768208)"
"65892925","2025 Aug 19 12:38:25 PM","2025 Aug 25 12:18:22 PM","DOHMH","Department of Health and Mental Hygiene","Rodent","Rat Sighting","1-2 Family Dwelling","11204","1650 65 STREET","65 STREET","16 AVENUE","17 AVENUE","16 AVENUE","17 AVENUE","ADDRESS","BROOKLYN","65 STREET","N/A","Closed",,"2025 Aug 19 12:38:25 PM","11 BROOKLYN","BROOKLYN","986,004","165,609","Unspecified","BROOKLYN",,,,,,,,"40.62123474779","-73.99368174789","POINT (-73.993681747894 40.621234747788)"
"65848210","2025 Aug 14 11:03:44 PM","2025 Aug 18 12:13:06 PM","DOHMH","Department of Health and Mental Hygiene","Rodent","Rat Sighting","1-2 Family Dwelling","11214","1743 SHORE PARKWAY","SHORE PARKWAY","24 AVENUE","BAY 37 STREET","24 AVENUE","BAY   37 STREET","ADDRESS","BROOKLYN","SHORE PARKWAY","N/A","Closed",,"2025 Aug 14 11:03:44 PM","11 BROOKLYN","BROOKLYN","985,484","155,487","Unspecified","BROOKLYN",,,,,,,,"40.59345201695","-73.99555673937","POINT (-73.995556739366 40.593452016954)"
"65855221","2025 Aug 14 08:05:37 PM","2025 Aug 14 08:05:37 PM","DOHMH","Department of Health and Mental Hygiene","Rodent","Rat Sighting","Other (Explain Below)","11214","8696 24 AVENUE","24 AVENUE","BENSON AVENUE","BATH AVENUE","BENSON AVENUE","BATH AVENUE","ADDRESS","BROOKLYN","24 AVENUE","N/A","Closed",,"2025 Sep 03 02:38:56 PM","11 BROOKLYN","BROOKLYN","986,579","156,828","Unspecified","BROOKLYN",,,,,,,,"40.59713257181","-73.99161351341","POINT (-73.991613513414 40.597132571809)"
"65838166","2025 Aug 13 12:12:55 PM","2025 Aug 13 12:12:55 PM","DOHMH","Department of Health and Mental Hygiene","Rodent","Rat Sighting","Other (Explain Below)","11214","1743 SHORE PARKWAY","SHORE PARKWAY","24 AVENUE","BAY 37 STREET","24 AVENUE","BAY   37 STREET","ADDRESS","BROOKLYN","SHORE PARKWAY","N/A","Closed",,"2025 Sep 10 10:38:03 AM","11 BROOKLYN","BROOKLYN","985,484","155,487","Unspecified","BROOKLYN",,,,,,,,"40.59345201695","-73.99555673937","POINT (-73.995556739366 40.593452016954)"
"65835867","2025 Aug 12 11:31:47 AM","2025 Aug 12 11:31:47 AM","DOHMH","Department of Health and Mental Hygiene","Rodent","Rat Sighting","Other (Explain Below)","11214","2009 85 STREET","85 STREET","20 AVENUE","21 AVENUE","20 AVENUE","21 AVENUE","ADDRESS","BROOKLYN","85 STREET","N/A","Closed",,"2025 Aug 19 10:39:00 AM","11 BROOKLYN","BROOKLYN","985,036","159,673","Unspecified","BROOKLYN",,,,,,,,"40.6049417907","-73.99716936476","POINT (-73.997169364759 40.604941790698)"
"65828601","2025 Aug 12 11:24:41 AM","2025 Aug 12 03:31:57 PM","DOHMH","Department of Health and Mental Hygiene","Rodent","Rat Sighting","Commercial Building","11223","51 AVENUE U","AVENUE U","WEST 12 STREET","WEST 11 STREET","WEST   12 STREET","WEST   11 STREET","ADDRESS","BROOKLYN","AVENUE U","N/A","Closed",,"2025 Aug 12 11:24:41 AM","11 BROOKLYN","BROOKLYN","989,085","156,399","Unspecified","BROOKLYN",,,,,,,,"40.59595404053","-73.98258997546","POINT (-73.982589975455 40.59595404053)"
"65822784","2025 Aug 11 09:07:15 AM","2025 Aug 11 09:07:15 AM","DOHMH","Department of Health and Mental Hygiene","Rodent","Rat Sighting","1-2 Family Dwelling","11214","146 BAY   41 STREET","BAY   41 STREET","BENSON AVENUE","BATH AVENUE","BENSON AVENUE","BATH AVENUE","ADDRESS","BROOKLYN","BAY   41 STREET","N/A","Closed",,"2025 Sep 10 11:33:03 AM","11 BROOKLYN","BROOKLYN","987,371","155,741","Unspecified","BROOKLYN",,,,,,,,"40.59414873231","-73.98876210603","POINT (-73.988762106029 40.594148732308)"
"65797266","2025 Aug 08 03:37:58 AM","2025 Aug 08 03:37:58 AM","DOHMH","Department of Health and Mental Hygiene","Rodent","Rat Sighting","3+ Family Apt. Building","11204","1608 66 STREET","66 STREET","16 AVENUE","OVINGTON COURT","16 AVENUE","OVINGTON COURT","ADDRESS","BROOKLYN","66 STREET","N/A","Closed",,"2025 Aug 19 02:48:16 PM","11 BROOKLYN","BROOKLYN","985,555","165,607","Unspecified","BROOKLYN",,,,,,,,"40.62122933572","-73.99529913436","POINT (-73.995299134363 40.62122933572)"
"65786564","2025 Aug 07 06:54:23 AM","2025 Aug 07 06:54:23 AM","DOHMH","Department of Health and Mental Hygiene","Rodent","Rat Sighting","Other (Explain Below)","11214","8650 BAY PARKWAY","BAY PARKWAY","86 STREET","BENSON AVENUE","86 STREET","BENSON AVENUE","ADDRESS","BROOKLYN","BAY PARKWAY","N/A","Closed",,"2025 Sep 03 12:54:56 PM","11 BROOKLYN","BROOKLYN","985,686","158,230","Unspecified","BROOKLYN",,,,,,,,"40.60098096776","-73.99482881543","POINT (-73.994828815428 40.600980967756)"
"65736204","2025 Aug 02 11:31:57 PM","2025 Aug 02 11:31:57 PM","DOHMH","Department of Health and Mental Hygiene","Rodent","Rat Sighting","1-2 Family Dwelling","11204","2160 71 STREET","71 STREET","21 AVENUE","BAY PARKWAY","21 AVENUE","BAY PARKWAY","ADDRESS","BROOKLYN","71 STREET","N/A","Closed",,"2025 Aug 20 10:16:37 AM","11 BROOKLYN","BROOKLYN","988,162","161,883","Unspecified","BROOKLYN",,,,,,,,"40.61100695941","-73.98591036746","POINT (-73.985910367462 40.611006959406)"
"65738796","2025 Aug 02 06:31:04 PM","2025 Aug 02 06:31:04 PM","DOHMH","Department of Health and Mental Hygiene","Rodent","Rat Sighting","Other (Explain Below)","11223","161 AVENUE T","AVENUE T","SEA BEACH LINE","WEST 7 STREET","SEA BEACH LINE","WEST    7 STREET","ADDRESS","BROOKLYN","AVENUE T","N/A","Closed",,"2025 Aug 20 02:09:00 PM","11 BROOKLYN","BROOKLYN","990,065","157,363","Unspecified","BROOKLYN",,,,,,,,"40.59859943703","-73.97906033008","POINT (-73.979060330075 40.598599437026)"
"65734923","2025 Aug 02 07:48:44 AM","2025 Aug 02 07:48:44 AM","DOHMH","Department of Health and Mental Hygiene","Rodent","Rat Sighting","Public Garden","11214","2111 78 STREET","78 STREET","21 AVENUE","BAY PARKWAY","21 AVENUE","BAY PARKWAY","ADDRESS","BROOKLYN","78 STREET","N/A","Closed",,"2025 Aug 20 01:23:37 PM","11 BROOKLYN","BROOKLYN","986,789","160,606","Unspecified","BROOKLYN",,,,,,,,"40.60750235619","-73.99085590516","POINT (-73.990855905165 40.60750235619)"
"65727345","2025 Aug 01 10:53:08 AM","2025 Aug 01 10:53:08 AM","DOHMH","Department of Health and Mental Hygiene","Rodent","Rat Sighting","3+ Family Apt. Building","11228","1539 BAYRIDGE PARKWAY","BAYRIDGE PARKWAY","15 AVENUE","16 AVENUE","15 AVENUE","16 AVENUE","ADDRESS","BROOKLYN","BAY RIDGE PARKWAY","N/A","Closed",,"2025 Aug 19 12:46:16 PM","11 BROOKLYN","BROOKLYN","983,669","164,099","Unspecified","BROOKLYN",,,,,,,,"40.61709026634","-74.00209274604","POINT (-74.002092746038 40.617090266338)"
"65731073","2025 Aug 01 10:50:40 AM","2025 Aug 01 10:50:40 AM","DOHMH","Department of Health and Mental Hygiene","Rodent","Rat Sighting","3+ Family Apt. Building","11228","1541 BAYRIDGE PARKWAY","BAYRIDGE PARKWAY","15 AVENUE","16 AVENUE","15 AVENUE","16 AVENUE","ADDRESS","BROOKLYN","BAY RIDGE PARKWAY","N/A","Closed",,"2025 Aug 19 12:58:16 PM","11 BROOKLYN","BROOKLYN","983,678","164,092","Unspecified","BROOKLYN",,,,,,,,"40.61707105338","-74.00206032769","POINT (-74.002060327692 40.617071053375)"
"65722641","2025 Jul 31 12:02:06 PM","2025 Jul 31 12:02:06 PM","DOHMH","Department of Health and Mental Hygiene","Rodent","Rat Sighting","Other (Explain Below)","11204","1634 73 STREET","73 STREET","NEW UTRECHT AVENUE","17 AVENUE","NEW UTRECHT AVENUE","17 AVENUE","ADDRESS","BROOKLYN","73 STREET","N/A","Closed",,"2025 Aug 19 01:14:16 PM","11 BROOKLYN","BROOKLYN","984,643","164,009","Unspecified","BROOKLYN",,,,,,,,"40.61684324533","-73.99858443004","POINT (-73.998584430036 40.616843245329)"
"65711359","2025 Jul 30 12:08:50 PM","2025 Jul 30 12:08:50 PM","DOHMH","Department of Health and Mental Hygiene","Rodent","Rat Sighting","Other (Explain Below)","11204","1315 WEST    7 STREET","WEST    7 STREET","BAY PARKWAY","AVENUE O","BAY PARKWAY","AVENUE O","ADDRESS","BROOKLYN","WEST    7 STREET","N/A","Closed",,"2025 Aug 20 10:33:37 AM","11 BROOKLYN","BROOKLYN","989,352","162,591","Unspecified","BROOKLYN",,,,,,,,"40.61294966831","-73.98162387591","POINT (-73.981623875915 40.612949668306)"
"65714860","2025 Jul 30 09:28:46 AM","2025 Jul 30 09:28:46 AM","DOHMH","Department of Health and Mental Hygiene","Rodent","Rat Sighting","3+ Family Apt. Building","11214","50 BAY   17 STREET","BAY   17 STREET","86 STREET","BENSON AVENUE","86 STREET","BENSON AVENUE","ADDRESS","BROOKLYN","BAY   17 STREET","N/A","Closed",,"2025 Aug 19 11:42:16 AM","11 BROOKLYN","BROOKLYN","983,040","160,352","Unspecified","BROOKLYN",,,,,,,,"40.60680545928","-74.00435771534","POINT (-74.004357715336 40.606805459282)"
"65701541","2025 Jul 29 03:34:25 PM","2025 Jul 29 03:34:25 PM","DOHMH","Department of Health and Mental Hygiene","Rodent","Rat Sighting","1-2 Family Dwelling","11223","1667 WEST    9 STREET","WEST    9 STREET","AVENUE P","QUENTIN ROAD","AVENUE P","QUENTIN ROAD","ADDRESS","BROOKLYN","WEST    9 STREET","N/A","Closed",,"2025 Aug 20 12:34:37 PM","11 BROOKLYN","BROOKLYN","989,174","160,180","Unspecified","BROOKLYN",,,,,,,,"40.60633206902","-73.9822667452","POINT (-73.982266745202 40.606332069018)"
"65700254","2025 Jul 29 08:02:39 AM","2025 Jul 29 08:02:39 AM","DOHMH","Department of Health and Mental Hygiene","Rodent","Rat Sighting","1-2 Family Dwelling","11223","1761 WEST   11 STREET","WEST   11 STREET","QUENTIN ROAD","HIGHLAWN AVENUE","QUENTIN ROAD","HIGHLAWN AVENUE","ADDRESS","BROOKLYN","WEST   11 STREET","N/A","Closed",,"2025 Aug 01 12:03:49 PM","11 BROOKLYN","BROOKLYN","988,772","159,327","Unspecified","BROOKLYN",,,,,,,,"40.60399097235","-73.9837150759","POINT (-73.983715075903 40.603990972347)"
"65688598","2025 Jul 28 02:58:15 PM","2025 Jul 28 02:58:15 PM","DOHMH","Department of Health and Mental Hygiene","Rodent","Rat Sighting","Vacant Building","11223","197 KINGS HIGHWAY","KINGS HIGHWAY","KINGS HIGHWAY","WEST 11 STREET","KINGS HIGHWAY","WEST   11 STREET","ADDRESS","BROOKLYN",,"N/A","Closed",,"2025 Aug 20 12:54:00 PM","11 BROOKLYN","BROOKLYN","988,643","159,922","Unspecified","BROOKLYN",,,,,,,,"40.60562419087","-73.98417925219","POINT (-73.984179252187 40.605624190871)"
"65686063","2025 Jul 28 11:25:15 AM","2025 Jul 28 11:25:15 AM","DOHMH","Department of Health and Mental Hygiene","Rodent","Rat Sighting","Commercial Building","11204","6614 18 AVENUE","18 AVENUE","66 STREET","67 STREET","66 STREET","67 STREET","ADDRESS","BROOKLYN","18 AVENUE","N/A","Closed",,"2025 Aug 01 10:10:27 AM","11 BROOKLYN","BROOKLYN","986,726","164,525","Unspecified","BROOKLYN",,,,,,,,"40.61825922102","-73.99108135983","POINT (-73.991081359827 40.61825922102)"
"65681945","2025 Jul 27 06:17:11 PM","2025 Jul 27 06:17:11 PM","DOHMH","Department of Health and Mental Hygiene","Rodent","Rat Sighting","Parking Lot/Garage","11223","166 KINGS HIGHWAY","KINGS HIGHWAY","WEST 13 STREET","WEST 12 STREET","WEST   13 STREET","WEST   12 STREET","ADDRESS","BROOKLYN","KINGS HIGHWAY","N/A","Closed",,"2025 Aug 01 11:50:27 AM","11 BROOKLYN","BROOKLYN","988,304","159,979","Unspecified","BROOKLYN",,,,,,,,"40.6057808058","-73.98540007693","POINT (-73.985400076932 40.6057808058)"
"65669226","2025 Jul 26 07:36:45 PM","2025 Aug 12 03:30:08 PM","DOHMH","Department of Health and Mental Hygiene","Rodent","Rat Sighting","1-2 Family Dwelling","11223","1665 WEST    9 STREET","WEST    9 STREET","AVENUE P","QUENTIN ROAD","AVENUE P","QUENTIN ROAD","ADDRESS","BROOKLYN","WEST    9 STREET","N/A","Closed",,"2025 Jul 26 07:36:45 PM","11 BROOKLYN","BROOKLYN","989,172","160,190","Unspecified","BROOKLYN",,,,,,,,"40.60635951809","-73.9822739407","POINT (-73.982273940698 40.606359518086)"
"65658230","2025 Jul 25 03:32:43 PM","2025 Jul 25 03:32:43 PM","DOHMH","Department of Health and Mental Hygiene","Rodent","Rat Sighting","1-2 Family Dwelling","11223","1725 WEST   12 STREET","WEST   12 STREET","QUENTIN ROAD","HIGHLAWN AVENUE","QUENTIN ROAD","HIGHLAWN AVENUE","ADDRESS","BROOKLYN","WEST   12 STREET","N/A","Closed",,"2025 Aug 01 11:51:27 AM","11 BROOKLYN","BROOKLYN","988,481","159,522","Unspecified","BROOKLYN",,,,,,,,"40.60452635132","-73.98476292209","POINT (-73.984762922086 40.604526351315)"
"65660638","2025 Jul 25 02:22:40 PM","2025 Jul 25 02:22:40 PM","DOHMH","Department of Health and Mental Hygiene","Rodent","Rat Sighting","Commercial Building","11214","2007 86 STREET","86 STREET","20 AVENUE","BAY 25 STREET","20 AVENUE","BAY   25 STREET","ADDRESS","BROOKLYN","86 STREET","N/A","Closed",,"2025 Aug 19 11:09:16 AM","11 BROOKLYN","BROOKLYN","984,804","159,502","Unspecified","BROOKLYN",,,,,,,,"40.60447244811","-73.99800488435","POINT (-73.998004884352 40.604472448106)"
"65651039","2025 Jul 25 01:03:20 AM","2025 Jul 25 01:03:20 AM","DOHMH","Department of Health and Mental Hygiene","Rodent","Rat Sighting","Parking Lot/Garage","11214","130 BAY   19 STREET","BAY   19 STREET","BENSON AVENUE","BATH AVENUE","BENSON AVENUE","BATH AVENUE","ADDRESS","BROOKLYN","BAY   19 STREET","N/A","Closed",,"2025 Aug 01 01:09:30 PM","11 BROOKLYN","BROOKLYN","982,902","159,467","Unspecified","BROOKLYN",,,,,,,,"40.60437629503","-74.00485453433","POINT (-74.004854534335 40.604376295032)"
"65656980","2025 Jul 24 12:33:34 PM","2025 Jul 24 12:33:34 PM","DOHMH","Department of Health and Mental Hygiene","Rodent","Rat Sighting","1-2 Family Dwelling","11204","2357 64 STREET","64 STREET","23 AVENUE","24 AVENUE","23 AVENUE","24 AVENUE","ADDRESS","BROOKLYN","64 STREET","N/A","Closed",,"2025 Aug 01 11:04:27 AM","11 BROOKLYN","BROOKLYN","990,537","162,382","Unspecified","BROOKLYN",,,,,,,,"40.61237524483","-73.97735599795","POINT (-73.977355997953 40.612375244834)"
"65649812","2025 Jul 24 08:54:33 AM","2025 Jul 24 08:54:33 AM","DOHMH","Department of Health and Mental Hygiene","Rodent","Rat Sighting","Other (Explain Below)","11214","2422 83 STREET","83 STREET","24 AVENUE","STILLWELL AVENUE","24 AVENUE","STILLWELL AVENUE","ADDRESS","BROOKLYN","83 STREET","N/A","Closed",,"2025 Jul 29 11:18:48 AM","11 BROOKLYN","BROOKLYN","987,837","158,111","Unspecified","BROOKLYN",,,,,,,,"40.60065372732","-73.98708290515","POINT (-73.98708290515 40.60065372732)"
"65645030","2025 Jul 23 04:10:36 PM","2025 Jul 23 04:10:36 PM","DOHMH","Department of Health and Mental Hygiene","Rodent","Rat Sighting","1-2 Family Dwelling","11204","2374 64 STREET","64 STREET","23 AVENUE","24 AVENUE","23 AVENUE","24 AVENUE","ADDRESS","BROOKLYN",,"N/A","Closed",,"2025 Sep 12 12:37:36 PM","11 BROOKLYN","BROOKLYN","990,612","162,315","Unspecified","BROOKLYN",,,,,,,,"40.61219129011","-73.97708593223","POINT (-73.977085932228 40.612191290109)"
"65641605","2025 Jul 23 03:52:37 PM","2025 Jul 23 03:52:37 PM","DOHMH","Department of Health and Mental Hygiene","Rodent","Rat Sighting","1-2 Family Dwelling","11204","2361 64 STREET","64 STREET","23 AVENUE","24 AVENUE","23 AVENUE","24 AVENUE","ADDRESS","BROOKLYN","64 STREET","N/A","Closed",,"2025 Aug 01 11:09:27 AM","11 BROOKLYN","BROOKLYN","990,554","162,368","Unspecified","BROOKLYN",,,,,,,,"40.61233680564","-73.97729478182","POINT (-73.977294781817 40.612336805641)"
"65640473","2025 Jul 23 12:24:55 PM","2025 Aug 12 03:33:25 PM","DOHMH","Department of Health and Mental Hygiene","Rodent","Rat Sighting","1-2 Family Dwelling","11204","1440 WEST    5 STREET","WEST    5 STREET","65 STREET","AVENUE O","65 STREET","AVENUE O","ADDRESS","BROOKLYN","WEST    5 STREET","N/A","Closed",,"2025 Jul 23 12:24:55 PM","11 BROOKLYN","BROOKLYN","989,970","162,190","Unspecified","BROOKLYN",,,,,,,,"40.61184862855","-73.97939833471","POINT (-73.979398334707 40.611848628553)"
"65619941","2025 Jul 21 06:14:11 PM","2025 Jul 21 06:14:11 PM","DOHMH","Department of Health and Mental Hygiene","Rodent","Rat Sighting","1-2 Family Mixed Use Building","11204","1822 65 STREET","65 STREET","18 AVENUE","19 AVENUE","18 AVENUE","19 AVENUE","ADDRESS","BROOKLYN","65 STREET","N/A","Closed",,"2025 Jul 29 09:38:47 AM","11 BROOKLYN","BROOKLYN","987,155","164,697","Unspecified","BROOKLYN",,,,,,,,"40.61873119501","-73.98953601255","POINT (-73.989536012555 40.618731195012)"
"65622377","2025 Jul 21 09:28:23 AM","2025 Jul 21 09:28:23 AM","DOHMH","Department of Health and Mental Hygiene","Rodent","Rat Sighting","Catch Basin/Sewer","11214","1701 BENSON AVENUE","BENSON AVENUE","17 AVENUE","BAY 16 STREET","17 AVENUE","BAY   16 STREET","ADDRESS","BROOKLYN","BENSON AVENUE","N/A","Closed",,"2025 Jul 29 10:36:47 AM","11 BROOKLYN","BROOKLYN","982,444","160,363","Unspecified","BROOKLYN",,,,,,,,"40.60683555061","-74.00650416318","POINT (-74.006504163181 40.606835550608)"
"65606976","2025 Jul 19 11:49:37 AM","2025 Jul 19 11:49:37 AM","DOHMH","Department of Health and Mental Hygiene","Rodent","Rat Sighting","3+ Family Apt. Building","11214","8650 BAY PARKWAY","BAY PARKWAY","86 STREET","BENSON AVENUE","86 STREET","BENSON AVENUE","ADDRESS","BROOKLYN","BAY PARKWAY","N/A","Closed",,"2025 Jul 29 11:08:48 AM","11 BROOKLYN","BROOKLYN","985,686","158,230","Unspecified","BROOKLYN",,,,,,,,"40.60098096776","-73.99482881543","POINT (-73.994828815428 40.600980967756)"
"65591616","2025 Jul 18 11:33:37 PM","2025 Jul 18 11:33:37 PM","DOHMH","Department of Health and Mental Hygiene","Rodent","Rat Sighting","3+ Family Apt. Building","11214","1656 80 STREET","80 STREET","16 AVENUE","17 AVENUE","16 AVENUE","17 AVENUE","ADDRESS","BROOKLYN","80 STREET","N/A","Closed",,"2025 Jul 29 10:18:47 AM","11 BROOKLYN","BROOKLYN","983,575","162,483","Unspecified","BROOKLYN",,,,,,,,"40.61265467373","-74.00243116991","POINT (-74.002431169905 40.612654673729)"
"65591625","2025 Jul 18 04:59:22 PM","2025 Jul 18 04:59:22 PM","DOHMH","Department of Health and Mental Hygiene","Rodent","Rat Sighting","1-2 Family Dwelling","11214","32 BAY   17 STREET","BAY   17 STREET","86 STREET","BENSON AVENUE","86 STREET","BENSON AVENUE","ADDRESS","BROOKLYN","BAY   17 STREET","N/A","Closed",,"2025 Jul 28 11:03:22 AM","11 BROOKLYN","BROOKLYN","983,121","160,455","Unspecified","BROOKLYN",,,,,,,,"40.60708818391","-74.00406601773","POINT (-74.004066017727 40.607088183907)"
"65598183","2025 Jul 17 11:01:17 PM","2025 Jul 17 11:01:17 PM","DOHMH","Department of Health and Mental Hygiene","Rodent","Rat Sighting","3+ Family Mixed Use Building","11214","1818 BATH AVENUE","BATH AVENUE","BAY 19 STREET","BAY 20 STREET","BAY   19 STREET","BAY   20 STREET","ADDRESS","BROOKLYN","BATH AVENUE","N/A","Closed",,"2025 Jul 28 10:18:00 AM","11 BROOKLYN","BROOKLYN","982,737","159,144","Unspecified","BROOKLYN",,,,,,,,"40.60348969919","-74.00544867427","POINT (-74.005448674269 40.60348969919)"
"65573112","2025 Jul 16 10:31:26 AM","2025 Jul 16 10:31:26 AM","DOHMH","Department of Health and Mental Hygiene","Rodent","Rat Sighting","1-2 Family Dwelling","11204","6102 20 AVENUE","20 AVENUE","61 STREET","62 STREET","61 STREET","62 STREET","ADDRESS","BROOKLYN","20 AVENUE","N/A","Closed",,"2025 Aug 01 10:49:27 AM","11 BROOKLYN","BROOKLYN","988,805","164,690","Unspecified","BROOKLYN",,,,,,,,"40.61871128682","-73.9835926166","POINT (-73.983592616605 40.618711286822)"
"65560979","2025 Jul 14 08:16:51 PM","2025 Jul 14 08:16:51 PM","DOHMH","Department of Health and Mental Hygiene","Rodent","Rat Sighting","Commercial Building","11214","2046 BATH AVENUE","BATH AVENUE","BAY 25 STREET","BAY 26 STREET","BAY   25 STREET","BAY   26 STREET","ADDRESS","BROOKLYN","BATH AVENUE","N/A","Closed",,"2025 Jul 28 10:07:54 AM","11 BROOKLYN","BROOKLYN","984,163","158,086","Unspecified","BROOKLYN",,,,,,,,"40.60058583288","-74.00031329415","POINT (-74.000313294147 40.600585832878)"
"65542050","2025 Jul 12 11:15:52 PM","2025 Jul 12 11:15:52 PM","DOHMH","Department of Health and Mental Hygiene","Rodent","Rat Sighting","3+ Family Apt. Building","11223","116 AVENUE S","AVENUE S","WEST 10 STREET","WEST 9 STREET","WEST   10 STREET","WEST    9 STREET","ADDRESS","BROOKLYN","AVENUE S","N/A","Closed",,"2025 Jul 19 09:49:40 AM","11 BROOKLYN","BROOKLYN","989,388","158,165","Unspecified","BROOKLYN",,,,,,,,"40.60080118288","-73.9814975801","POINT (-73.981497580104 40.600801182879)"
"65542054","2025 Jul 12 10:20:17 PM","2025 Jul 12 10:20:17 PM","DOHMH","Department of Health and Mental Hygiene","Rodent","Rat Sighting","1-2 Family Dwelling","11223","1953 WEST   11 STREET","WEST   11 STREET","AVENUE S","AVENUE T","AVENUE S","AVENUE T","ADDRESS","BROOKLYN","WEST   11 STREET","N/A","Closed",,"2025 Jul 26 08:41:55 AM","11 BROOKLYN","BROOKLYN","989,014","157,650","Unspecified","BROOKLYN",,,,,,,,"40.59938782121","-73.98284475235","POINT (-73.982844752348 40.59938782121)"
"65526155","2025 Jul 11 03:02:56 PM","2025 Jul 11 03:02:56 PM","DOHMH","Department of Health and Mental Hygiene","Rodent","Rat Sighting","3+ Family Apt. Building","11228","7908 15 AVENUE","15 AVENUE","79 STREET","80 STREET","79 STREET","80 STREET","ADDRESS","BROOKLYN","15 AVENUE","N/A","Closed",,"2025 Jul 28 12:42:52 PM","11 BROOKLYN","BROOKLYN","982,716","163,430","Unspecified","BROOKLYN",,,,,,,,"40.61525388613","-74.00552527385","POINT (-74.005525273853 40.615253886134)"
"65534646","2025 Jul 11 02:04:10 PM","2025 Jul 17 11:48:00 AM","DOHMH","Department of Health and Mental Hygiene","Rodent","Rat Sighting","1-2 Family Dwelling","11204","123 AVENUE P","AVENUE P","WEST 11 STREET","WEST 10 STREET","WEST   11 STREET","WEST   10 STREET","ADDRESS","BROOKLYN","AVENUE P","N/A","Closed",,"2025 Jul 11 02:04:10 PM","11 BROOKLYN","BROOKLYN","988,766","160,657","Unspecified","BROOKLYN",,,,,,,,"40.60764155375","-73.9837357942","POINT (-73.983735794195 40.607641553755)"
"65524958","2025 Jul 11 12:37:04 AM","2025 Jul 11 12:37:04 AM","DOHMH","Department of Health and Mental Hygiene","Rodent","Rat Sighting","1-2 Family Mixed Use Building","11223","1958 WEST   11 STREET","WEST   11 STREET","AVENUE S","AVENUE T","AVENUE S","AVENUE T","ADDRESS","BROOKLYN","WEST   11 STREET","N/A","Closed",,"2025 Jul 19 10:17:40 AM","11 BROOKLYN","BROOKLYN","989,013","157,612","Unspecified","BROOKLYN",,,,,,,,"40.59928351944","-73.98284838016","POINT (-73.982848380159 40.599283519442)"
"65522505","2025 Jul 10 04:23:06 PM","2025 Jul 10 04:23:06 PM","DOHMH","Department of Health and Mental Hygiene","Rodent","Rat Sighting","1-2 Family Dwelling","11204","1650 65 STREET","65 STREET","16 AVENUE","17 AVENUE","16 AVENUE","17 AVENUE","ADDRESS","BROOKLYN","65 STREET","N/A","Closed",,"2025 Aug 01 09:55:55 AM","11 BROOKLYN","BROOKLYN","986,004","165,609","Unspecified","BROOKLYN",,,,,,,,"40.62123474779","-73.99368174789","POINT (-73.993681747894 40.621234747788)"
"65490872","2025 Jul 08 01:47:10 AM","2025 Jul 08 01:47:10 AM","DOHMH","Department of Health and Mental Hygiene","Rodent","Rat Sighting","Parking Lot/Garage","11204","1440 WEST    5 STREET","WEST    5 STREET","65 STREET","AVENUE O","65 STREET","AVENUE O","ADDRESS","BROOKLYN","WEST    5 STREET","N/A","Closed",,"2025 Jul 09 02:50:13 PM","11 BROOKLYN","BROOKLYN","989,970","162,190","Unspecified","BROOKLYN",,,,,,,,"40.61184862855","-73.97939833471","POINT (-73.979398334707 40.611848628553)"
"65495554","2025 Jul 07 08:11:38 PM","2025 Jul 17 11:46:44 AM","DOHMH","Department of Health and Mental Hygiene","Rodent","Rat Sighting","3+ Family Apt. Building","11214","2075 79 STREET","79 STREET","20 AVENUE","21 AVENUE","20 AVENUE","21 AVENUE","ADDRESS","BROOKLYN","79 STREET","N/A","Closed",,"2025 Jul 07 08:11:38 PM","11 BROOKLYN","BROOKLYN","986,294","160,667","Unspecified","BROOKLYN",,,,,,,,"40.60766991671","-73.99263860703","POINT (-73.992638607033 40.607669916707)"
"65496781","2025 Jul 07 03:01:04 PM","2025 Jul 07 03:01:04 PM","DOHMH","Department of Health and Mental Hygiene","Rodent","Rat Sighting","3+ Family Apt. Building","11214","172 BAY   31 STREET","BAY   31 STREET","BATH AVENUE","CROPSEY AVENUE","BATH AVENUE","CROPSEY AVENUE","ADDRESS","BROOKLYN","BAY   31 STREET","N/A","Closed",,"2025 Jul 19 12:12:40 PM","11 BROOKLYN","BROOKLYN","985,131","157,090","Unspecified","BROOKLYN",,,,,,,,"40.59785197112","-73.99682757652","POINT (-73.996827576523 40.597851971122)"
"65496789","2025 Jul 07 11:46:56 AM","2025 Jul 08 05:18:31 PM","DOHMH","Department of Health and Mental Hygiene","Rodent","Rat Sighting","3+ Family Apt. Building","11204","1402 WEST    4 STREET","WEST    4 STREET","65 STREET","AVENUE O","65 STREET","AVENUE O","ADDRESS","BROOKLYN","WEST    4 STREET","N/A","Closed",,"2025 Jul 07 11:46:56 AM","11 BROOKLYN","BROOKLYN","990,235","162,189","Unspecified","BROOKLYN",,,,,,,,"40.61184570873","-73.97844388785","POINT (-73.978443887851 40.611845708729)"
"65427328","2025 Jun 30 02:20:10 PM","2025 Jun 30 03:26:20 PM","DOHMH","Department of Health and Mental Hygiene","Rodent","Rat Sighting","Other (Explain Below)","11214","2322 83 STREET","83 STREET","23 AVENUE","24 AVENUE","23 AVENUE","24 AVENUE","ADDRESS","BROOKLYN","83 STREET","N/A","Closed",,"2025 Jun 30 02:20:10 PM","11 BROOKLYN","BROOKLYN","987,266","158,561","Unspecified","BROOKLYN",,,,,,,,"40.60188909869","-73.98913892421","POINT (-73.98913892421 40.601889098692)"
"65419931","2025 Jun 30 11:51:46 AM","2025 Jul 08 05:18:31 PM","DOHMH","Department of Health and Mental Hygiene","Rodent","Rat Sighting","3+ Family Apt. Building","11204","1402 WEST    4 STREET","WEST    4 STREET","65 STREET","AVENUE O","65 STREET","AVENUE O","ADDRESS","BROOKLYN","WEST    4 STREET","N/A","Closed",,"2025 Jun 30 11:51:46 AM","11 BROOKLYN","BROOKLYN","990,235","162,189","Unspecified","BROOKLYN",,,,,,,,"40.61184570873","-73.97844388785","POINT (-73.978443887851 40.611845708729)"
"65405509","2025 Jun 28 07:46:10 PM","2025 Jul 03 12:38:58 PM","DOHMH","Department of Health and Mental Hygiene","Rodent","Rat Sighting","3+ Family Apt. Building","11214","172 BAY   28 STREET","BAY   28 STREET","BATH AVENUE","CROPSEY AVENUE","BATH AVENUE","CROPSEY AVENUE","ADDRESS","BROOKLYN","BAY   28 STREET","N/A","Closed",,"2025 Jun 28 07:46:10 PM","11 BROOKLYN","BROOKLYN","984,515","157,600","Unspecified","BROOKLYN",,,,,,,,"40.59925185781","-73.9990457323","POINT (-73.999045732296 40.599251857808)"
"65405514","2025 Jun 28 11:44:15 AM","2025 Jul 03 12:41:51 PM","DOHMH","Department of Health and Mental Hygiene","Rodent","Rat Sighting","3+ Family Apt. Building","11214","170 BAY   31 STREET","BAY   31 STREET","BENSON AVENUE","BATH AVENUE","BENSON AVENUE","BATH AVENUE","ADDRESS","BROOKLYN","BAY   31 STREET","N/A","Closed",,"2025 Jun 28 11:44:15 AM","11 BROOKLYN","BROOKLYN","985,264","157,257","Unspecified","BROOKLYN",,,,,,,,"40.59831033815","-73.99634862714","POINT (-73.996348627141 40.59831033815)"
"65400716","2025 Jun 28 08:26:05 AM","2025 Jun 28 08:26:05 AM","DOHMH","Department of Health and Mental Hygiene","Rodent","Rat Sighting","Other (Explain Below)","11223","1674 WEST NINTH STREET","WEST NINTH STREET","AVENUE P","QUENTIN ROAD","AVENUE P","QUENTIN ROAD","ADDRESS","BROOKLYN","WEST    9 STREET","N/A","Closed",,"2025 Jul 19 08:50:40 AM","11 BROOKLYN","BROOKLYN","989,176","160,123","Unspecified","BROOKLYN",,,,,,,,"40.60617561456","-73.98225958399","POINT (-73.982259583992 40.606175614556)"
"65389310","2025 Jun 26 07:26:38 PM","2025 Jun 26 07:26:38 PM","DOHMH","Department of Health and Mental Hygiene","Rodent","Rat Sighting","1-2 Family Dwelling","11223","1667 WEST    9 STREET","WEST    9 STREET","AVENUE P","QUENTIN ROAD","AVENUE P","QUENTIN ROAD","ADDRESS","BROOKLYN","WEST    9 STREET","N/A","Closed",,"2025 Jul 19 09:04:40 AM","11 BROOKLYN","BROOKLYN","989,174","160,180","Unspecified","BROOKLYN",,,,,,,,"40.60633206902","-73.9822667452","POINT (-73.982266745202 40.606332069018)"
"65381634","2025 Jun 26 06:16:27 PM","2025 Jun 26 06:16:27 PM","DOHMH","Department of Health and Mental Hygiene","Rodent","Rat Sighting","1-2 Family Dwelling","11223","1665 WEST NINTH STREET","WEST NINTH STREET","AVENUE P","QUENTIN ROAD","AVENUE P","QUENTIN ROAD","ADDRESS","BROOKLYN","WEST    9 STREET","N/A","Closed",,"2025 Jul 19 09:17:40 AM","11 BROOKLYN","BROOKLYN","989,172","160,190","Unspecified","BROOKLYN",,,,,,,,"40.60635951809","-73.9822739407","POINT (-73.982273940698 40.606359518086)"
"65380342","2025 Jun 26 06:10:45 PM","2025 Jul 08 05:21:32 PM","DOHMH","Department of Health and Mental Hygiene","Rodent","Rat Sighting","1-2 Family Dwelling","11223","1667 WEST NINTH STREET","WEST NINTH STREET","AVENUE P","QUENTIN ROAD","AVENUE P","QUENTIN ROAD","ADDRESS","BROOKLYN","WEST    9 STREET","N/A","Closed",,"2025 Jun 26 06:10:45 PM","11 BROOKLYN","BROOKLYN","989,174","160,180","Unspecified","BROOKLYN",,,,,,,,"40.60633206902","-73.9822667452","POINT (-73.982266745202 40.606332069018)"
"65388022","2025 Jun 26 10:17:58 AM","2025 Jun 26 10:17:58 AM","DOHMH","Department of Health and Mental Hygiene","Rodent","Rat Sighting","Other (Explain Below)","11204","1817 62 STREET","62 STREET","18 AVENUE","19 AVENUE","18 AVENUE","19 AVENUE","ADDRESS","BROOKLYN","62 STREET","N/A","Closed",,"2025 Jul 09 12:34:23 PM","11 BROOKLYN","BROOKLYN","987,624","165,354","Unspecified","BROOKLYN",,,,,,,,"40.62053435711","-73.98784631758","POINT (-73.987846317579 40.620534357108)"
"65381639","2025 Jun 26 08:24:43 AM","2025 Jun 26 08:24:43 AM","DOHMH","Department of Health and Mental Hygiene","Rodent","Rat Sighting","1-2 Family Dwelling","11204","1659 BAYRIDGE PARKWAY","BAYRIDGE PARKWAY","NEW UTRECHT AVENUE","17 AVENUE","NEW UTRECHT AVENUE","17 AVENUE","ADDRESS","BROOKLYN","BAY RIDGE PARKWAY","N/A","Closed",,"2025 Jul 09 11:40:23 AM","11 BROOKLYN","BROOKLYN","984,464","163,469","Unspecified","BROOKLYN",,,,,,,,"40.61536106327","-73.99922919785","POINT (-73.999229197847 40.615361063274)"
"65357529","2025 Jun 24 09:10:51 PM","2025 Jun 24 09:10:51 PM","DOHMH","Department of Health and Mental Hygiene","Rodent","Rat Sighting","1-2 Family Dwelling","11204","2375 65 STREET","65 STREET","WEST 3 STREET","24 AVENUE","WEST    3 STREET","24 AVENUE","ADDRESS","BROOKLYN","65 STREET","N/A","Closed",,"2025 Jul 09 02:00:00 PM","11 BROOKLYN","BROOKLYN","990,557","162,008","Unspecified","BROOKLYN",,,,,,,,"40.61134867765","-73.97728431291","POINT (-73.977284312908 40.611348677651)"
"65360708","2025 Jun 24 07:37:28 PM","2025 Jun 24 07:37:28 PM","DOHMH","Department of Health and Mental Hygiene","Rodent","Rat Sighting","3+ Family Apt. Building","11214","171 BAY   17 STREET","BAY   17 STREET","BATH AVENUE","CROPSEY AVENUE","BATH AVENUE","CROPSEY AVENUE","ADDRESS","BROOKLYN","BAY   17 STREET","N/A","Closed",,"2025 Jul 09 11:04:23 AM","11 BROOKLYN","BROOKLYN","982,278","159,381","Unspecified","BROOKLYN",,,,,,,,"40.60414012567","-74.00710171206","POINT (-74.007101712055 40.604140125669)"
"65363912","2025 Jun 24 03:12:36 PM","2025 Jun 24 03:12:36 PM","DOHMH","Department of Health and Mental Hygiene","Rodent","Rat Sighting","3+ Family Apt. Building","11214","172 BAY   28 STREET","BAY   28 STREET","BATH AVENUE","CROPSEY AVENUE","BATH AVENUE","CROPSEY AVENUE","ADDRESS","BROOKLYN","BAY   28 STREET","N/A","Closed",,"2025 Jul 19 01:00:40 PM","11 BROOKLYN","BROOKLYN","984,515","157,600","Unspecified","BROOKLYN",,,,,,,,"40.59925185781","-73.9990457323","POINT (-73.999045732296 40.599251857808)"
"65351586","2025 Jun 23 08:18:59 AM","2025 Jun 23 08:18:59 AM","DOHMH","Department of Health and Mental Hygiene","Rodent","Rat Sighting","Government Building","11214","2457 HARWAY AVENUE","HARWAY AVENUE","BAY 38 STREET","25 AVENUE","BAY   38 STREET","25 AVENUE","ADDRESS","BROOKLYN","HARWAY AVENUE","N/A","Closed",,"2025 Jul 19 11:24:40 AM","11 BROOKLYN","BROOKLYN","986,163","155,360","Unspecified","BROOKLYN",,,,,,,,"40.59310330692","-73.99311190178","POINT (-73.993111901775 40.593103306918)"
"65336598","2025 Jun 22 12:21:36 PM","2025 Jun 23 01:59:07 PM","DOHMH","Department of Health and Mental Hygiene","Rodent","Rat Sighting","3+ Family Apt. Building","11214","180 BAY   31 STREET","BAY   31 STREET","BATH AVENUE","CROPSEY AVENUE","BATH AVENUE","CROPSEY AVENUE","ADDRESS","BROOKLYN","BAY   31 STREET","N/A","Closed",,"2025 Jun 22 12:21:36 PM","11 BROOKLYN","BROOKLYN","985,095","157,047","Unspecified","BROOKLYN",,,,,,,,"40.59773394832","-73.99695721555","POINT (-73.996957215551 40.597733948315)"
"65305953","2025 Jun 19 10:43:03 AM","2025 Jun 19 10:43:03 AM","DOHMH","Department of Health and Mental Hygiene","Rodent","Rat Sighting","Other (Explain Below)","11214","8973 BAY PARKWAY","BAY PARKWAY","SHORE PARKWAY","DEAD END","SHORE PARKWAY","DEAD END","ADDRESS","BROOKLYN","BAY PARKWAY","N/A","Closed",,"2025 Jun 24 02:47:10 PM","11 BROOKLYN","BROOKLYN","983,999","156,089","Unspecified","BROOKLYN",,,,,,,,"40.59510446824","-74.00090379742","POINT (-74.000903797421 40.59510446824)"
"65284250","2025 Jun 16 09:16:22 AM","2025 Jun 18 01:21:16 PM","DOHMH","Department of Health and Mental Hygiene","Rodent","Rat Sighting","1-2 Family Dwelling","11204","1392 WEST    6 STREET","WEST    6 STREET","65 STREET","AVENUE O","65 STREET","AVENUE O","ADDRESS","BROOKLYN","WEST    6 STREET","N/A","Closed",,"2025 Jun 16 09:16:22 AM","11 BROOKLYN","BROOKLYN","989,673","162,276","Unspecified","BROOKLYN",,,,,,,,"40.61208486759","-73.98046796746","POINT (-73.980467967457 40.612084867587)"
"65277764","2025 Jun 15 11:19:26 PM","2025 Jun 18 01:22:33 PM","DOHMH","Department of Health and Mental Hygiene","Rodent","Rat Sighting","Other (Explain Below)","11204","1414 WEST    5 STREET","WEST    5 STREET","65 STREET","AVENUE O","65 STREET","AVENUE O","ADDRESS","BROOKLYN","WEST    5 STREET","N/A","Closed",,"2025 Jun 15 11:19:26 PM","11 BROOKLYN","BROOKLYN","989,951","162,323","Unspecified","BROOKLYN",,,,,,,,"40.6122136984","-73.97946665452","POINT (-73.979466654523 40.612213698401)"
"65276840","2025 Jun 15 09:15:03 PM","2025 Jun 15 09:15:03 PM","DOHMH","Department of Health and Mental Hygiene","Rodent","Rat Sighting","3+ Family Apt. Building","11204","1414 WEST    5 STREET","WEST    5 STREET","65 STREET","AVENUE O","65 STREET","AVENUE O","ADDRESS","BROOKLYN","WEST    5 STREET","N/A","Closed",,"2025 Jun 23 01:55:25 PM","11 BROOKLYN","BROOKLYN","989,951","162,323","Unspecified","BROOKLYN",,,,,,,,"40.6122136984","-73.97946665452","POINT (-73.979466654523 40.612213698401)"
"65263830","2025 Jun 14 05:50:38 PM","2025 Jun 14 05:50:38 PM","DOHMH","Department of Health and Mental Hygiene","Rodent","Rat Sighting","1-2 Family Mixed Use Building","11204","7316 BAY PARKWAY","BAY PARKWAY","73 STREET","74 STREET","73 STREET","74 STREET","ADDRESS","BROOKLYN","BAY PARKWAY","N/A","Closed",,"2025 Jun 23 11:35:25 AM","11 BROOKLYN","BROOKLYN","988,002","161,151","Unspecified","BROOKLYN",,,,,,,,"40.60899783894","-73.98648703724","POINT (-73.986487037241 40.608997838943)"
"65251200","2025 Jun 12 05:35:59 PM","2025 Jun 15 12:27:12 PM","DOHMH","Department of Health and Mental Hygiene","Rodent","Rat Sighting","1-2 Family Dwelling","11214","2322 83 STREET","83 STREET","23 AVENUE","24 AVENUE","23 AVENUE","24 AVENUE","ADDRESS","BROOKLYN","83 STREET","N/A","Closed",,"2025 Jun 12 05:35:59 PM","11 BROOKLYN","BROOKLYN","987,266","158,561","Unspecified","BROOKLYN",,,,,,,,"40.60188909869","-73.98913892421","POINT (-73.98913892421 40.601889098692)"
"65241203","2025 Jun 11 08:50:58 PM","2025 Jun 15 12:27:12 PM","DOHMH","Department of Health and Mental Hygiene","Rodent","Rat Sighting","1-2 Family Dwelling","11214","2322 83 STREET","83 STREET","23 AVENUE","24 AVENUE","23 AVENUE","24 AVENUE","ADDRESS","BROOKLYN","83 STREET","N/A","Closed",,"2025 Jun 11 08:50:58 PM","11 BROOKLYN","BROOKLYN","987,266","158,561","Unspecified","BROOKLYN",,,,,,,,"40.60188909869","-73.98913892421","POINT (-73.98913892421 40.601889098692)"
"65231033","2025 Jun 11 06:45:35 PM","2025 Jun 15 12:27:13 PM","DOHMH","Department of Health and Mental Hygiene","Rodent","Rat Sighting","1-2 Family Dwelling","11214","2322 83 STREET","83 STREET","23 AVENUE","24 AVENUE","23 AVENUE","24 AVENUE","ADDRESS","BROOKLYN","83 STREET","N/A","Closed",,"2025 Jun 11 06:45:35 PM","11 BROOKLYN","BROOKLYN","987,266","158,561","Unspecified","BROOKLYN",,,,,,,,"40.60188909869","-73.98913892421","POINT (-73.98913892421 40.601889098692)"
"65216283","2025 Jun 09 11:31:47 PM","2025 Jun 09 11:31:47 PM","DOHMH","Department of Health and Mental Hygiene","Rodent","Rat Sighting","3+ Family Apt. Building","11204","1529 DAHILL ROAD","DAHILL ROAD","64 STREET","65 STREET","64 STREET","65 STREET","ADDRESS","BROOKLYN","DAHILL ROAD","N/A","Closed",,"2025 Jul 09 12:55:13 PM","11 BROOKLYN","BROOKLYN","991,376","161,637","Unspecified","BROOKLYN",,,,,,,,"40.61032973817","-73.97433494276","POINT (-73.974334942756 40.610329738171)"
"65214970","2025 Jun 09 05:38:18 PM","2025 Jun 09 05:38:18 PM","DOHMH","Department of Health and Mental Hygiene","Rodent","Rat Sighting","1-2 Family Dwelling","11223","1665 WEST    9 STREET","WEST    9 STREET","AVENUE P","QUENTIN ROAD","AVENUE P","QUENTIN ROAD","ADDRESS","BROOKLYN","WEST    9 STREET","N/A","Closed",,"2025 Jun 23 12:05:25 PM","11 BROOKLYN","BROOKLYN","989,172","160,190","Unspecified","BROOKLYN",,,,,,,,"40.60635951809","-73.9822739407","POINT (-73.982273940698 40.606359518086)"
"65212264","2025 Jun 09 11:29:22 AM","2025 Jun 09 11:29:22 AM","DOHMH","Department of Health and Mental Hygiene","Rodent","Rat Sighting","3+ Family Apt. Building","11204","1718 66 STREET","66 STREET","17 AVENUE","18 AVENUE","17 AVENUE","18 AVENUE","ADDRESS","BROOKLYN","66 STREET","N/A","Closed",,"2025 Jun 25 02:55:14 PM","11 BROOKLYN","BROOKLYN","986,344","164,983","Unspecified","BROOKLYN",,,,,,,,"40.61951643434","-73.99245719537","POINT (-73.992457195368 40.619516434338)"
"65214975","2025 Jun 09 10:46:04 AM","2025 Jun 09 12:23:27 PM","DOHMH","Department of Health and Mental Hygiene","Rodent","Rat Sighting","3+ Family Apt. Building","11204","1718 66 STREET","66 STREET","17 AVENUE","18 AVENUE","17 AVENUE","18 AVENUE","ADDRESS","BROOKLYN","66 STREET","N/A","Closed",,"2025 Jun 09 10:46:04 AM","11 BROOKLYN","BROOKLYN","986,344","164,983","Unspecified","BROOKLYN",,,,,,,,"40.61951643434","-73.99245719537","POINT (-73.992457195368 40.619516434338)"
"65202753","2025 Jun 08 02:01:18 PM","2025 Jun 08 04:15:56 PM","DOHMH","Department of Health and Mental Hygiene","Rodent","Rat Sighting","1-2 Family Dwelling","11214","2322 83 STREET","83 STREET","23 AVENUE","24 AVENUE","23 AVENUE","24 AVENUE","ADDRESS","BROOKLYN","83 STREET","N/A","Closed",,"2025 Jun 08 02:01:18 PM","11 BROOKLYN","BROOKLYN","987,266","158,561","Unspecified","BROOKLYN",,,,,,,,"40.60188909869","-73.98913892421","POINT (-73.98913892421 40.601889098692)"
"65184838","2025 Jun 06 07:27:09 PM","2025 Jun 06 07:27:09 PM","DOHMH","Department of Health and Mental Hygiene","Rodent","Rat Sighting","Vacant Lot","11214","173 BAY   32 STREET","BAY   32 STREET","BATH AVENUE","CROPSEY AVENUE","BATH AVENUE","CROPSEY AVENUE","ADDRESS","BROOKLYN","BAY   32 STREET","N/A","Closed",,"2025 Jun 24 02:18:10 PM","11 BROOKLYN","BROOKLYN","985,336","156,930","Unspecified","BROOKLYN",,,,,,,,"40.59741278069","-73.99608941063","POINT (-73.99608941063 40.597412780692)"
"65183448","2025 Jun 06 04:20:08 PM","2025 Jun 06 04:20:08 PM","DOHMH","Department of Health and Mental Hygiene","Rodent","Rat Sighting","3+ Family Apt. Building","11214","2322 83 STREET","83 STREET","23 AVENUE","24 AVENUE","23 AVENUE","24 AVENUE","ADDRESS","BROOKLYN","83 STREET","N/A","Closed",,"2025 Jun 12 11:11:21 AM","11 BROOKLYN","BROOKLYN","987,266","158,561","Unspecified","BROOKLYN",,,,,,,,"40.60188909869","-73.98913892421","POINT (-73.98913892421 40.601889098692)"
"65174787","2025 Jun 05 02:37:08 PM","2025 Jun 08 04:15:56 PM","DOHMH","Department of Health and Mental Hygiene","Rodent","Rat Sighting","1-2 Family Dwelling","11214","2322 83 STREET","83 STREET","23 AVENUE","24 AVENUE","23 AVENUE","24 AVENUE","ADDRESS","BROOKLYN","83 STREET","N/A","Closed",,"2025 Jun 05 02:37:08 PM","11 BROOKLYN","BROOKLYN","987,266","158,561","Unspecified","BROOKLYN",,,,,,,,"40.60188909869","-73.98913892421","POINT (-73.98913892421 40.601889098692)"
"65156403","2025 Jun 04 01:59:29 PM","2025 Jun 04 01:59:29 PM","DOHMH","Department of Health and Mental Hygiene","Rodent","Rat Sighting","3+ Family Apt. Building","11204","7402 17 AVENUE","17 AVENUE","74 STREET","BAY RIDGE PARKWAY","74 STREET","BAY RIDGE PARKWAY","ADDRESS","BROOKLYN","17 AVENUE","N/A","Closed",,"2025 Jun 25 02:15:14 PM","11 BROOKLYN","BROOKLYN","984,845","163,462","Unspecified","BROOKLYN",,,,,,,,"40.61534183233","-73.99785688248","POINT (-73.997856882482 40.615341832328)"
"65159234","2025 Jun 04 06:56:10 AM","2025 Jun 06 02:11:03 PM","DOHMH","Department of Health and Mental Hygiene","Rodent","Rat Sighting","3+ Family Mixed Use Building","11214","8758 BAY PARKWAY","BAY PARKWAY","BENSON AVENUE","BATH AVENUE","BENSON AVENUE","BATH AVENUE","ADDRESS","BROOKLYN","BAY PARKWAY","N/A","Closed",,"2025 Jun 04 06:56:10 AM","11 BROOKLYN","BROOKLYN","985,101","157,491","Unspecified","BROOKLYN",,,,,,,,"40.59895263797","-73.99693555405","POINT (-73.996935554049 40.598952637972)"
"65153730","2025 Jun 03 09:33:51 PM","2025 Jun 03 09:33:51 PM","DOHMH","Department of Health and Mental Hygiene","Rodent","Rat Sighting","3+ Family Apt. Building","11214","8100 BAY PARKWAY","BAY PARKWAY","81 STREET","82 STREET","81 STREET","82 STREET","ADDRESS","BROOKLYN","BAY PARKWAY","N/A","Closed",,"2025 Jun 12 11:09:00 AM","11 BROOKLYN","BROOKLYN","986,763","159,588","Unspecified","BROOKLYN",,,,,,,,"40.60470816157","-73.99094992178","POINT (-73.990949921781 40.604708161574)"
"65145740","2025 Jun 03 06:52:49 PM","2025 Jun 03 06:52:49 PM","DOHMH","Department of Health and Mental Hygiene","Rodent","Rat Sighting","Commercial Building","11228","7102 NEW UTRECHT AVENUE","NEW UTRECHT AVENUE","71 STREET","72 STREET","71 STREET","72 STREET","ADDRESS","BROOKLYN","NEW UTRECHT AVENUE","N/A","Closed",,"2025 Jun 25 12:15:14 PM","11 BROOKLYN","BROOKLYN","984,504","164,730","Unspecified","BROOKLYN",,,,,,,,"40.61882224576","-73.99908507524","POINT (-73.999085075239 40.61882224576)"
"65107130","2025 May 30 08:28:49 AM","2025 Jun 02 02:57:02 PM","DOHMH","Department of Health and Mental Hygiene","Rodent","Rat Sighting","Other (Explain Below)","11219","1572 BAY RIDGE AVENUE","BAY RIDGE AVENUE","NEW UTRECHT AVENUE","16 AVENUE","NEW UTRECHT AVENUE","16 AVENUE","ADDRESS","BROOKLYN","BAY RIDGE AVENUE","N/A","Closed",,"2025 May 30 08:28:49 AM","11 BROOKLYN","BROOKLYN","984,852","165,171","Unspecified","BROOKLYN",,,,,,,,"40.62003268222","-73.99783151695","POINT (-73.997831516952 40.620032682219)"
"65097673","2025 May 29 01:40:52 PM","2025 May 29 03:23:32 PM","DOHMH","Department of Health and Mental Hygiene","Rodent","Rat Sighting","3+ Family Apt. Building","11214","170 BAY   31 STREET","BAY   31 STREET","BENSON AVENUE","BATH AVENUE","BENSON AVENUE","BATH AVENUE","ADDRESS","BROOKLYN","BAY   31 STREET","N/A","Closed",,"2025 May 29 01:40:52 PM","11 BROOKLYN","BROOKLYN","985,264","157,257","Unspecified","BROOKLYN",,,,,,,,"40.59831033815","-73.99634862714","POINT (-73.996348627141 40.59831033815)"
"65096391","2025 May 29 11:19:09 AM","2025 May 29 03:22:59 PM","DOHMH","Department of Health and Mental Hygiene","Rodent","Rat Sighting","3+ Family Apt. Building","11214","170 BAY   31 STREET","BAY   31 STREET","BENSON AVENUE","BATH AVENUE","BENSON AVENUE","BATH AVENUE","ADDRESS","BROOKLYN","BAY   31 STREET","N/A","Closed",,"2025 May 29 11:19:09 AM","11 BROOKLYN","BROOKLYN","985,264","157,257","Unspecified","BROOKLYN",,,,,,,,"40.59831033815","-73.99634862714","POINT (-73.996348627141 40.59831033815)"
"65091441","2025 May 28 10:35:36 AM","2025 May 29 03:26:15 PM","DOHMH","Department of Health and Mental Hygiene","Rodent","Rat Sighting","1-2 Family Dwelling","11214","8204 21 AVENUE","21 AVENUE","82 STREET","83 STREET","82 STREET","83 STREET","ADDRESS","BROOKLYN","21 AVENUE","N/A","Closed",,"2025 May 28 10:35:36 AM","11 BROOKLYN","BROOKLYN","985,973","159,863","Unspecified","BROOKLYN",,,,,,,,"40.60546316929","-73.99379488217","POINT (-73.993794882173 40.605463169285)"
"64986878","2025 May 18 04:20:22 PM","2025 May 22 01:48:16 PM","DOHMH","Department of Health and Mental Hygiene","Rodent","Rat Sighting","1-2 Family Dwelling","11204","1392 WEST    6 STREET","WEST    6 STREET","65 STREET","AVENUE O","65 STREET","AVENUE O","ADDRESS","BROOKLYN","WEST    6 STREET","N/A","Closed",,"2025 May 18 04:20:22 PM","11 BROOKLYN","BROOKLYN","989,673","162,276","Unspecified","BROOKLYN",,,,,,,,"40.61208486759","-73.98046796746","POINT (-73.980467967457 40.612084867587)"
"64994195","2025 May 18 12:47:54 PM","2025 May 18 12:47:54 PM","DOHMH","Department of Health and Mental Hygiene","Rodent","Rat Sighting","1-2 Family Dwelling","11214","8884 18 AVENUE","18 AVENUE","CROPSEY AVENUE","SHORE PARKWAY","CROPSEY AVENUE","SHORE PARKWAY","ADDRESS","BROOKLYN","18 AVENUE","N/A","Closed",,"2025 May 25 12:14:25 PM","11 BROOKLYN","BROOKLYN","981,895","158,485","Unspecified","BROOKLYN",,,,,,,,"40.60168069443","-74.00848068754","POINT (-74.008480687541 40.601680694432)"
"64968972","2025 May 16 02:08:20 PM","2025 May 16 02:08:20 PM","DOHMH","Department of Health and Mental Hygiene","Rodent","Rat Sighting","3+ Family Apt. Building","11204","1706 74 STREET","74 STREET","17 AVENUE","18 AVENUE","17 AVENUE","18 AVENUE","ADDRESS","BROOKLYN","74 STREET","N/A","Closed",,"2025 May 25 09:05:51 AM","11 BROOKLYN","BROOKLYN","985,001","163,392","Unspecified","BROOKLYN",,,,,,,,"40.61514968496","-73.99729499727","POINT (-73.997294997272 40.615149684956)"
"64932659","2025 May 13 11:36:36 AM","2025 May 13 11:36:36 AM","DOHMH","Department of Health and Mental Hygiene","Rodent","Rat Sighting","3+ Family Apt. Building","11204","2145 74 STREET","74 STREET","21 AVENUE","BAY PARKWAY","21 AVENUE","BAY PARKWAY","ADDRESS","BROOKLYN","74 STREET","N/A","Closed",,"2025 May 21 12:32:35 PM","11 BROOKLYN","BROOKLYN","987,611","161,332","Unspecified","BROOKLYN",,,,,,,,"40.60949480374","-73.98789514768","POINT (-73.987895147684 40.609494803738)"
"64925704","2025 May 12 06:15:15 PM","2025 May 12 06:15:15 PM","DOHMH","Department of Health and Mental Hygiene","Rodent","Rat Sighting","Vacant Building","11223","51 AVENUE U","AVENUE U","WEST 12 STREET","WEST 11 STREET","WEST   12 STREET","WEST   11 STREET","ADDRESS","BROOKLYN","AVENUE U","N/A","Closed",,"2025 May 21 10:13:43 AM","11 BROOKLYN","BROOKLYN","989,085","156,399","Unspecified","BROOKLYN",,,,,,,,"40.59595404053","-73.98258997546","POINT (-73.982589975455 40.59595404053)"
"64926141","2025 May 12 09:35:33 AM","2025 May 12 01:10:36 PM","DOHMH","Department of Health and Mental Hygiene","Rodent","Rat Sighting","Other (Explain Below)","11214","8224 BAY PARKWAY","BAY PARKWAY","82 STREET","83 STREET","82 STREET","83 STREET","ADDRESS","BROOKLYN","BAY PARKWAY","N/A","Closed",,"2025 May 12 09:35:33 AM","11 BROOKLYN","BROOKLYN","986,569","159,343","Unspecified","BROOKLYN",,,,,,,,"40.6040357394","-73.99164865897","POINT (-73.991648658969 40.604035739401)"
"64900786","2025 May 10 08:35:08 AM","2025 May 10 08:35:08 AM","DOHMH","Department of Health and Mental Hygiene","Rodent","Rat Sighting","3+ Family Apt. Building","11204","1938 70 STREET","70 STREET","19 AVENUE","20 AVENUE","19 AVENUE","20 AVENUE","ADDRESS","BROOKLYN","70 STREET","N/A","Closed",,"2025 May 25 10:02:44 AM","11 BROOKLYN","BROOKLYN","987,001","163,136","Unspecified","BROOKLYN",,,,,,,,"40.61444662263","-73.99009136599","POINT (-73.990091365986 40.614446622632)"
"64893983","2025 May 09 08:21:57 AM","2025 May 12 01:10:36 PM","DOHMH","Department of Health and Mental Hygiene","Rodent","Rat Sighting","Other (Explain Below)","11214","8220 BAY PARKWAY","BAY PARKWAY","82 STREET","83 STREET","82 STREET","83 STREET","ADDRESS","BROOKLYN","BAY PARKWAY","N/A","Closed",,"2025 May 09 08:21:57 AM","11 BROOKLYN","BROOKLYN","986,573","159,348","Unspecified","BROOKLYN",,,,,,,,"40.60404946233","-73.99163425218","POINT (-73.991634252176 40.604049462335)"
"64880005","2025 May 07 08:53:33 AM","2025 May 15 01:03:12 PM","DOHMH","Department of Health and Mental Hygiene","Rodent","Rat Sighting","1-2 Family Dwelling","11214","8204 21 AVENUE","21 AVENUE","82 STREET","83 STREET","82 STREET","83 STREET","ADDRESS","BROOKLYN","21 AVENUE","N/A","Closed",,"2025 May 07 08:53:33 AM","11 BROOKLYN","BROOKLYN","985,973","159,863","Unspecified","BROOKLYN",,,,,,,,"40.60546316929","-73.99379488217","POINT (-73.993794882173 40.605463169285)"
"64862224","2025 May 06 12:43:36 PM","2025 May 06 12:43:36 PM","DOHMH","Department of Health and Mental Hygiene","Rodent","Rat Sighting","1-2 Family Dwelling","11214","8204 21 AVENUE","21 AVENUE","82 STREET","83 STREET","82 STREET","83 STREET","ADDRESS","BROOKLYN","21 AVENUE","N/A","Closed",,"2025 May 25 11:13:20 AM","11 BROOKLYN","BROOKLYN","985,973","159,863","Unspecified","BROOKLYN",,,,,,,,"40.60546316929","-73.99379488217","POINT (-73.993794882173 40.605463169285)"
"64856777","2025 May 05 02:30:34 PM","2025 May 05 02:30:34 PM","DOHMH","Department of Health and Mental Hygiene","Rodent","Rat Sighting","1-2 Family Dwelling","11204","1445 WEST    5 STREET","WEST    5 STREET","65 STREET","AVENUE O","65 STREET","AVENUE O","ADDRESS","BROOKLYN","WEST    5 STREET","N/A","Closed",,"2025 May 19 02:45:27 PM","11 BROOKLYN","BROOKLYN","989,975","162,195","Unspecified","BROOKLYN",,,,,,,,"40.61186234929","-73.97938032202","POINT (-73.97938032202 40.611862349294)"
"64852543","2025 May 05 09:25:59 AM","2025 May 05 11:45:11 AM","DOHMH","Department of Health and Mental Hygiene","Rodent","Rat Sighting","3+ Family Apt. Building","11214","2153 CROPSEY AVENUE","CROPSEY AVENUE","BAY 28 STREET","BAY 29 STREET","BAY   28 STREET","BAY   29 STREET","ADDRESS","BROOKLYN","CROPSEY AVENUE","N/A","Closed",,"2025 May 05 09:25:59 AM","11 BROOKLYN","BROOKLYN","984,398","157,103","Unspecified","BROOKLYN",,,,,,,,"40.59788769605","-73.99946706138","POINT (-73.999467061378 40.597887696048)"
"64855563","2025 May 05 08:19:47 AM","2025 May 14 02:55:52 PM","DOHMH","Department of Health and Mental Hygiene","Rodent","Rat Sighting","3+ Family Apt. Building","11214","2153 CROPSEY AVENUE","CROPSEY AVENUE","BAY 28 STREET","BAY 29 STREET","BAY   28 STREET","BAY   29 STREET","ADDRESS","BROOKLYN","CROPSEY AVENUE","N/A","Closed",,"2025 May 05 08:19:47 AM","11 BROOKLYN","BROOKLYN","984,398","157,103","Unspecified","BROOKLYN",,,,,,,,"40.59788769605","-73.99946706138","POINT (-73.999467061378 40.597887696048)"
"64831295","2025 May 02 09:12:15 PM","2025 May 02 09:12:15 PM","DOHMH","Department of Health and Mental Hygiene","Rodent","Rat Sighting","1-2 Family Dwelling","11223","1793 WEST    9 STREET","WEST    9 STREET","KINGS HIGHWAY","HIGHLAWN AVENUE","KINGS HIGHWAY","HIGHLAWN AVENUE","ADDRESS","BROOKLYN","WEST    9 STREET","N/A","Closed",,"2025 May 21 11:16:21 AM","11 BROOKLYN","BROOKLYN","989,316","159,189","Unspecified","BROOKLYN",,,,,,,,"40.60361189617","-73.98175609085","POINT (-73.981756090848 40.603611896172)"
"64817170","2025 May 01 11:06:44 AM","2025 May 01 11:06:44 AM","DOHMH","Department of Health and Mental Hygiene","Rodent","Rat Sighting","Commercial Building","11214","2007 86 STREET","86 STREET","20 AVENUE","BAY 25 STREET","20 AVENUE","BAY   25 STREET","ADDRESS","BROOKLYN","86 STREET","N/A","Closed",,"2025 May 25 11:40:00 AM","11 BROOKLYN","BROOKLYN","984,804","159,502","Unspecified","BROOKLYN",,,,,,,,"40.60447244811","-73.99800488435","POINT (-73.998004884352 40.604472448106)"
"64803792","2025 Apr 30 07:41:12 PM","2025 Apr 30 07:41:12 PM","DOHMH","Department of Health and Mental Hygiene","Rodent","Rat Sighting","3+ Family Apt. Building","11214","2531 CROPSEY AVENUE","CROPSEY AVENUE","BAY 40 STREET","BAY 41 STREET","BAY   40 STREET","BAY   41 STREET","ADDRESS","BROOKLYN","CROPSEY AVENUE","N/A","Closed",,"2025 May 21 09:49:56 AM","11 BROOKLYN","BROOKLYN","986,353","154,779","Unspecified","BROOKLYN",,,,,,,,"40.59150853542","-73.99242795367","POINT (-73.992427953674 40.591508535416)"
"64808952","2025 Apr 30 12:54:33 PM","2025 May 01 02:34:15 PM","DOHMH","Department of Health and Mental Hygiene","Rodent","Rat Sighting","1-2 Family Dwelling","11204","2166 71 STREET","71 STREET","21 AVENUE","BAY PARKWAY","21 AVENUE","BAY PARKWAY","ADDRESS","BROOKLYN","71 STREET","N/A","Closed",,"2025 Apr 30 12:54:33 PM","11 BROOKLYN","BROOKLYN","988,188","161,862","Unspecified","BROOKLYN",,,,,,,,"40.61094930721","-73.98581673696","POINT (-73.985816736958 40.610949307208)"
"64807671","2025 Apr 30 09:13:22 AM","2025 May 01 02:26:10 PM","DOHMH","Department of Health and Mental Hygiene","Rodent","Rat Sighting","3+ Family Apt. Building","11204","1776 62 STREET","62 STREET","17 AVENUE","18 AVENUE","17 AVENUE","18 AVENUE","ADDRESS","BROOKLYN","62 STREET","N/A","Closed",,"2025 Apr 30 09:13:22 AM","11 BROOKLYN","BROOKLYN","987,270","165,627","Unspecified","BROOKLYN",,,,,,,,"40.62128381294","-73.98912135951","POINT (-73.98912135951 40.621283812942)"
"64762235","2025 Apr 26 10:56:40 AM","2025 Apr 26 10:56:40 AM","DOHMH","Department of Health and Mental Hygiene","Rodent","Rat Sighting","3+ Family Apt. Building","11204","7322 BAY PARKWAY","BAY PARKWAY","73 STREET","74 STREET","73 STREET","74 STREET","ADDRESS","BROOKLYN","BAY PARKWAY","N/A","Closed",,"2025 May 07 11:33:54 AM","11 BROOKLYN","BROOKLYN","987,971","161,112","Unspecified","BROOKLYN",,,,,,,,"40.60889080501","-73.98659870634","POINT (-73.986598706341 40.608890805014)"
"64750029","2025 Apr 24 05:37:54 PM","2025 Apr 24 05:37:54 PM","DOHMH","Department of Health and Mental Hygiene","Rodent","Rat Sighting","Other (Explain Below)","11204","6423 19 AVENUE","19 AVENUE","19 AVENUE","65 STREET","19 AVENUE","65 STREET","ADDRESS","BROOKLYN",,"N/A","Closed",,"2025 May 07 08:51:25 AM","11 BROOKLYN","BROOKLYN","987,686","164,527","Unspecified","BROOKLYN",,,,,,,,"40.61826439032","-73.98762340466","POINT (-73.987623404662 40.618264390315)"
"64743613","2025 Apr 24 04:27:03 PM","2025 Apr 28 03:17:28 PM","DOHMH","Department of Health and Mental Hygiene","Rodent","Rat Sighting","1-2 Family Dwelling","11204","2166 71 STREET","71 STREET","21 AVENUE","BAY PARKWAY","21 AVENUE","BAY PARKWAY","ADDRESS","BROOKLYN","71 STREET","N/A","Closed",,"2025 Apr 24 04:27:03 PM","11 BROOKLYN","BROOKLYN","988,188","161,862","Unspecified","BROOKLYN",,,,,,,,"40.61094930721","-73.98581673696","POINT (-73.985816736958 40.610949307208)"
"64742224","2025 Apr 24 12:57:52 PM","2025 Apr 24 12:57:52 PM","DOHMH","Department of Health and Mental Hygiene","Rodent","Rat Sighting","3+ Family Mixed Use Building","11204","1827 65 STREET","65 STREET","18 AVENUE","19 AVENUE","18 AVENUE","19 AVENUE","ADDRESS","BROOKLYN","65 STREET","N/A","Closed",,"2025 May 07 08:30:25 AM","11 BROOKLYN","BROOKLYN","987,175","164,689","Unspecified","BROOKLYN",,,,,,,,"40.61870923009","-73.9894639748","POINT (-73.9894639748 40.618709230094)"
"64742225","2025 Apr 24 09:51:01 AM","2025 Apr 24 09:51:01 AM","DOHMH","Department of Health and Mental Hygiene","Rodent","Rat Sighting","3+ Family Mixed Use Building","11214","1758 BATH AVENUE","BATH AVENUE","BAY 17 STREET","18 AVENUE","BAY   17 STREET","18 AVENUE","ADDRESS","BROOKLYN","BATH AVENUE","N/A","Closed",,"2025 May 07 02:00:54 PM","11 BROOKLYN","BROOKLYN","982,384","159,407","Unspecified","BROOKLYN",,,,,,,,"40.60421151333","-74.00671998421","POINT (-74.00671998421 40.604211513325)"
"64737353","2025 Apr 23 03:07:06 PM","2025 Apr 23 03:07:06 PM","DOHMH","Department of Health and Mental Hygiene","Rodent","Rat Sighting","Other (Explain Below)","11204","2180 73 STREET","73 STREET","73 STREET","BAY PARKWAY","73 STREET","BAY PARKWAY","ADDRESS","BROOKLYN",,"N/A","Closed",,"2025 May 07 11:13:54 AM","11 BROOKLYN","BROOKLYN","987,926","161,406","Unspecified","BROOKLYN",,,,,,,,"40.60969779347","-73.98676061516","POINT (-73.986760615161 40.60969779347)"
"64733607","2025 Apr 23 12:20:56 PM","2025 Apr 24 04:06:44 PM","DOHMH","Department of Health and Mental Hygiene","Rodent","Rat Sighting","Other (Explain Below)","11228","1400 BENSON AVENUE","BENSON AVENUE","14 AVENUE","BAY 7 STREET","14 AVENUE","BAY    7 STREET","ADDRESS","BROOKLYN","BENSON AVENUE","N/A","Closed",,"2025 Apr 23 12:20:56 PM","11 BROOKLYN","BROOKLYN","980,536","161,867","Unspecified","BROOKLYN",,,,,,,,"40.6109631279","-74.01337649818","POINT (-74.013376498176 40.610963127899)"
"64723724","2025 Apr 22 08:56:20 PM","2025 Apr 22 08:56:20 PM","DOHMH","Department of Health and Mental Hygiene","Rodent","Rat Sighting","3+ Family Apt. Building","11204","1725 73 STREET","73 STREET","17 AVENUE","18 AVENUE","17 AVENUE","18 AVENUE","ADDRESS","BROOKLYN","73 STREET","N/A","Closed",,"2025 May 07 10:00:54 AM","11 BROOKLYN","BROOKLYN","985,250","163,534","Unspecified","BROOKLYN",,,,,,,,"40.61553942098","-73.99639811116","POINT (-73.996398111157 40.61553942098)"
"64729398","2025 Apr 22 05:30:24 PM","2025 Apr 24 04:03:00 PM","DOHMH","Department of Health and Mental Hygiene","Rodent","Rat Sighting","1-2 Family Dwelling","11204","2166 71 STREET","71 STREET","21 AVENUE","BAY PARKWAY","21 AVENUE","BAY PARKWAY","ADDRESS","BROOKLYN","71 STREET","N/A","Closed",,"2025 Apr 22 05:30:24 PM","11 BROOKLYN","BROOKLYN","988,188","161,862","Unspecified","BROOKLYN",,,,,,,,"40.61094930721","-73.98581673696","POINT (-73.985816736958 40.610949307208)"
"64721497","2025 Apr 22 05:14:09 PM","2025 Apr 24 04:02:17 PM","DOHMH","Department of Health and Mental Hygiene","Rodent","Rat Sighting","1-2 Family Dwelling","11204","2166 71 STREET","71 STREET","21 AVENUE","BAY PARKWAY","21 AVENUE","BAY PARKWAY","ADDRESS","BROOKLYN","71 STREET","N/A","Closed",,"2025 Apr 22 05:14:09 PM","11 BROOKLYN","BROOKLYN","988,188","161,862","Unspecified","BROOKLYN",,,,,,,,"40.61094930721","-73.98581673696","POINT (-73.985816736958 40.610949307208)"
"64715432","2025 Apr 22 12:46:58 AM","2025 Apr 24 04:00:48 PM","DOHMH","Department of Health and Mental Hygiene","Rodent","Rat Sighting","1-2 Family Dwelling","11204","6902 16 AVENUE","16 AVENUE","BAY RIDGE AVENUE","70 STREET","BAY RIDGE AVENUE","70 STREET","ADDRESS","BROOKLYN","16 AVENUE","N/A","Closed",,"2025 Apr 22 12:46:58 AM","11 BROOKLYN","BROOKLYN","984,975","165,023","Unspecified","BROOKLYN",,,,,,,,"40.61962644381","-73.99738847069","POINT (-73.997388470695 40.619626443809)"
"64716501","2025 Apr 21 06:29:28 PM","2025 Apr 24 04:04:07 PM","DOHMH","Department of Health and Mental Hygiene","Rodent","Rat Sighting","Other (Explain Below)","11204","1706 74 STREET","74 STREET","17 AVENUE","18 AVENUE","17 AVENUE","18 AVENUE","ADDRESS","BROOKLYN","74 STREET","N/A","Closed",,"2025 Apr 21 06:29:28 PM","11 BROOKLYN","BROOKLYN","985,001","163,392","Unspecified","BROOKLYN",,,,,,,,"40.61514968496","-73.99729499727","POINT (-73.997294997272 40.615149684956)"
"64711701","2025 Apr 21 03:13:36 PM","2025 Apr 21 03:13:36 PM","DOHMH","Department of Health and Mental Hygiene","Rodent","Rat Sighting","1-2 Family Dwelling","11204","2166 71 STREET","71 STREET","21 AVENUE","BAY PARKWAY","21 AVENUE","BAY PARKWAY","ADDRESS","BROOKLYN","71 STREET","N/A","Closed",,"2025 Apr 28 02:20:13 PM","11 BROOKLYN","BROOKLYN","988,188","161,862","Unspecified","BROOKLYN",,,,,,,,"40.61094930721","-73.98581673696","POINT (-73.985816736958 40.610949307208)"
"64719051","2025 Apr 21 02:34:18 PM","2025 Apr 24 04:06:11 PM","DOHMH","Department of Health and Mental Hygiene","Rodent","Rat Sighting","Other (Explain Below)","11228","1400 BENSON AVENUE","BENSON AVENUE","14 AVENUE","BAY 7 STREET","14 AVENUE","BAY    7 STREET","ADDRESS","BROOKLYN","BENSON AVENUE","N/A","Closed",,"2025 Apr 21 02:34:18 PM","11 BROOKLYN","BROOKLYN","980,536","161,867","Unspecified","BROOKLYN",,,,,,,,"40.6109631279","-74.01337649818","POINT (-74.013376498176 40.610963127899)"
"64717798","2025 Apr 21 09:32:46 AM","2025 Apr 21 09:32:46 AM","DOHMH","Department of Health and Mental Hygiene","Rodent","Rat Sighting","3+ Family Apt. Building","11204","1520 WEST   10 STREET","WEST   10 STREET","AVENUE O","AVENUE P","AVENUE O","AVENUE P","ADDRESS","BROOKLYN","WEST   10 STREET","N/A","Closed",,"2025 Apr 23 09:42:33 AM","11 BROOKLYN","BROOKLYN","988,740","161,323","Unspecified","BROOKLYN",,,,,,,,"40.60946960044","-73.98382898943","POINT (-73.983828989432 40.609469600436)"
"64709493","2025 Apr 20 05:45:06 PM","2025 Apr 20 05:45:06 PM","DOHMH","Department of Health and Mental Hygiene","Rodent","Rat Sighting","Other (Explain Below)","11204","1812 73 STREET","73 STREET","18 AVENUE","19 AVENUE","18 AVENUE","19 AVENUE","ADDRESS","BROOKLYN","73 STREET","N/A","Closed",,"2025 Apr 28 11:21:56 AM","11 BROOKLYN","BROOKLYN","985,826","163,070","Unspecified","BROOKLYN",,,,,,,,"40.61426575317","-73.99432353149","POINT (-73.99432353149 40.614265753171)"
"64709337","2025 Apr 20 03:46:28 PM","2025 Apr 20 03:46:28 PM","DOHMH","Department of Health and Mental Hygiene","Rodent","Rat Sighting","Commercial Building","11223","67 AVENUE U","AVENUE U","WEST 11 STREET","WEST 10 STREET","WEST   11 STREET","WEST   10 STREET","ADDRESS","BROOKLYN","AVENUE U","N/A","Closed",,"2025 Apr 23 10:18:29 AM","11 BROOKLYN","BROOKLYN","989,277","156,427","Unspecified","BROOKLYN",,,,,,,,"40.59603078806","-73.98189859482","POINT (-73.981898594824 40.596030788063)"
"64705164","2025 Apr 20 09:36:33 AM","2025 Apr 20 09:36:33 AM","DOHMH","Department of Health and Mental Hygiene","Rodent","Rat Sighting","3+ Family Apt. Building","11204","1706 74 STREET","74 STREET","17 AVENUE","18 AVENUE","17 AVENUE","18 AVENUE","ADDRESS","BROOKLYN","74 STREET","N/A","Closed",,"2025 Apr 28 11:01:08 AM","11 BROOKLYN","BROOKLYN","985,001","163,392","Unspecified","BROOKLYN",,,,,,,,"40.61514968496","-73.99729499727","POINT (-73.997294997272 40.615149684956)"
"64693749","2025 Apr 19 09:19:58 AM","2025 Apr 19 09:19:58 AM","DOHMH","Department of Health and Mental Hygiene","Rodent","Rat Sighting","3+ Family Apt. Building","11214","8747 BAY PARKWAY","BAY PARKWAY","BENSON AVENUE","BATH AVENUE","BENSON AVENUE","BATH AVENUE","ADDRESS","BROOKLYN","BAY PARKWAY","N/A","Closed",,"2025 Apr 23 11:20:15 AM","11 BROOKLYN","BROOKLYN","985,147","157,539","Unspecified","BROOKLYN",,,,,,,,"40.59908438372","-73.99676990195","POINT (-73.996769901949 40.599084383723)"
"64677522","2025 Apr 17 04:58:38 PM","2025 Apr 17 04:58:38 PM","DOHMH","Department of Health and Mental Hygiene","Rodent","Rat Sighting","Commercial Building","11204","6116 18 AVENUE","18 AVENUE","61 STREET","62 STREET","61 STREET","62 STREET","ADDRESS","BROOKLYN","18 AVENUE","N/A","Closed",,"2025 Apr 28 01:21:13 PM","11 BROOKLYN","BROOKLYN","987,579","165,630","Unspecified","BROOKLYN",,,,,,,,"40.6212919366","-73.9880082786","POINT (-73.988008278603 40.621291936598)"
"64670861","2025 Apr 16 08:00:19 AM","2025 Apr 16 08:00:19 AM","DOHMH","Department of Health and Mental Hygiene","Rodent","Rat Sighting","Other (Explain Below)","11214","216 BAY   29 STREET","BAY   29 STREET","BATH AVENUE","CROPSEY AVENUE","BATH AVENUE","CROPSEY AVENUE","ADDRESS","BROOKLYN","BAY   29 STREET","N/A","Closed",,"2025 Apr 23 12:15:27 PM","11 BROOKLYN","BROOKLYN","984,519","157,200","Unspecified","BROOKLYN",,,,,,,,"40.5981539386","-73.99903134418","POINT (-73.999031344183 40.598153938598)"
"64659909","2025 Apr 15 11:07:40 AM","2025 Apr 15 11:07:40 AM","DOHMH","Department of Health and Mental Hygiene","Rodent","Rat Sighting","3+ Family Apt. Building","11204","2118 74 STREET","74 STREET","21 AVENUE","BAY PARKWAY","21 AVENUE","BAY PARKWAY","ADDRESS","BROOKLYN","74 STREET","N/A","Closed",,"2025 Apr 23 12:51:33 PM","11 BROOKLYN","BROOKLYN","987,492","161,419","Unspecified","BROOKLYN",,,,,,,,"40.60973364522","-73.98832369188","POINT (-73.988323691876 40.609733645216)"
"64657511","2025 Apr 15 10:49:13 AM","2025 Apr 15 10:49:13 AM","DOHMH","Department of Health and Mental Hygiene","Rodent","Rat Sighting","1-2 Family Dwelling","11204","2124 74 STREET","74 STREET","21 AVENUE","BAY PARKWAY","21 AVENUE","BAY PARKWAY","ADDRESS","BROOKLYN","74 STREET","N/A","Closed",,"2025 Apr 23 12:34:33 PM","11 BROOKLYN","BROOKLYN","987,519","161,398","Unspecified","BROOKLYN",,,,,,,,"40.60967599461","-73.9882264595","POINT (-73.988226459502 40.609675994608)"
"64649975","2025 Apr 14 10:42:11 PM","2025 Apr 14 10:42:11 PM","DOHMH","Department of Health and Mental Hygiene","Rodent","Rat Sighting","Other (Explain Below)","11204","1805 BAYRIDGE AVENUE","BAYRIDGE AVENUE","18 AVENUE","19 AVENUE","18 AVENUE","19 AVENUE","ADDRESS","BROOKLYN","BAY RIDGE AVENUE","N/A","Closed",,"2025 Apr 28 11:45:02 AM","11 BROOKLYN","BROOKLYN","986,435","163,924","Unspecified","BROOKLYN",,,,,,,,"40.61660967724","-73.99212974668","POINT (-73.992129746684 40.616609677241)"
"64643531","2025 Apr 14 12:31:44 PM","2025 Apr 14 12:31:44 PM","DOHMH","Department of Health and Mental Hygiene","Rodent","Rat Sighting","3+ Family Apt. Building","11214","8100 BAY PARKWAY","BAY PARKWAY","81 STREET","82 STREET","81 STREET","82 STREET","ADDRESS","BROOKLYN","BAY PARKWAY","N/A","Closed",,"2025 Apr 28 02:41:20 PM","11 BROOKLYN","BROOKLYN","986,763","159,588","Unspecified","BROOKLYN",,,,,,,,"40.60470816157","-73.99094992178","POINT (-73.990949921781 40.604708161574)"
"64651126","2025 Apr 14 10:18:12 AM","2025 Apr 14 10:18:12 AM","DOHMH","Department of Health and Mental Hygiene","Rodent","Rat Sighting","Other (Explain Below)","11204","70 STREET","70 STREET","20 AVENUE","21 AVENUE","20 AVENUE","21 AVENUE","BLOCKFACE","BROOKLYN",,"N/A","Closed",,"2025 Apr 15 01:52:48 PM","11 BROOKLYN","BROOKLYN",,,"Unspecified","BROOKLYN",,,,,,,,,,
"64639620","2025 Apr 13 09:38:27 AM","2025 Apr 21 01:59:08 PM","DOHMH","Department of Health and Mental Hygiene","Rodent","Rat Sighting","3+ Family Apt. Building","11204","1520 WEST TENTH STREET","WEST TENTH STREET","AVENUE O","AVENUE P","AVENUE O","AVENUE P","ADDRESS","BROOKLYN","WEST   10 STREET","N/A","Closed",,"2025 Apr 13 09:38:27 AM","11 BROOKLYN","BROOKLYN","988,740","161,323","Unspecified","BROOKLYN",,,,,,,,"40.60946960044","-73.98382898943","POINT (-73.983828989432 40.609469600436)"
"64610119","2025 Apr 10 05:27:19 PM","2025 Apr 21 02:03:55 PM","DOHMH","Department of Health and Mental Hygiene","Rodent","Rat Sighting","3+ Family Apt. Building","11214","2107 CROPSEY AVENUE","CROPSEY AVENUE","21 AVENUE","21 LANE","21 AVENUE","21 LANE","ADDRESS","BROOKLYN","CROPSEY AVENUE","N/A","Closed",,"2025 Apr 10 05:27:19 PM","11 BROOKLYN","BROOKLYN","984,115","157,368","Unspecified","BROOKLYN",,,,,,,,"40.59861506768","-74.00048613174","POINT (-74.000486131741 40.598615067684)"
"64612620","2025 Apr 10 02:19:00 PM","2025 Apr 10 02:19:00 PM","DOHMH","Department of Health and Mental Hygiene","Rodent","Rat Sighting","3+ Family Apt. Building","11214","8224 BAY PARKWAY","BAY PARKWAY","82 STREET","83 STREET","82 STREET","83 STREET","ADDRESS","BROOKLYN","BAY PARKWAY","N/A","Closed",,"2025 Apr 23 01:03:23 PM","11 BROOKLYN","BROOKLYN","986,569","159,343","Unspecified","BROOKLYN",,,,,,,,"40.6040357394","-73.99164865897","POINT (-73.991648658969 40.604035739401)"
"64616465","2025 Apr 10 12:13:56 PM","2025 Apr 10 12:13:56 PM","DOHMH","Department of Health and Mental Hygiene","Rodent","Rat Sighting","Parking Lot/Garage","11204","1439 WEST FIFTH STREET","WEST FIFTH STREET","65 STREET","AVENUE O","65 STREET","AVENUE O","ADDRESS","BROOKLYN","WEST    5 STREET","N/A","Closed",,"2025 Apr 23 08:59:33 AM","11 BROOKLYN","BROOKLYN","989,971","162,229","Unspecified","BROOKLYN",,,,,,,,"40.61195567488","-73.97939469998","POINT (-73.979394699976 40.611955674875)"
"64604010","2025 Apr 09 10:34:53 AM","2025 Apr 09 10:34:53 AM","DOHMH","Department of Health and Mental Hygiene","Rodent","Rat Sighting","Other (Explain Below)","11204","7322 73 STREET","73 STREET","73 STREET","BAY PARKWAY","73 STREET","BAY PARKWAY","INTERSECTION","BROOKLYN",,"N/A","Closed",,"2025 Apr 23 11:46:33 AM","11 BROOKLYN","BROOKLYN","988,101","161,272","Unspecified","BROOKLYN",,,,,,,,"40.60932991665","-73.98613041619","POINT (-73.986130416191 40.609329916648)"
"64601472","2025 Apr 09 07:40:04 AM","2025 Apr 14 06:03:42 PM","DOHMH","Department of Health and Mental Hygiene","Rodent","Rat Sighting","Other (Explain Below)","11228","1400 BENSON AVENUE","BENSON AVENUE","14 AVENUE","BAY 7 STREET","14 AVENUE","BAY    7 STREET","ADDRESS","BROOKLYN","BENSON AVENUE","N/A","Closed",,"2025 Apr 09 07:40:04 AM","11 BROOKLYN","BROOKLYN","980,536","161,867","Unspecified","BROOKLYN",,,,,,,,"40.6109631279","-74.01337649818","POINT (-74.013376498176 40.610963127899)"
"64578487","2025 Apr 07 11:11:03 PM","2025 Apr 07 11:11:03 PM","DOHMH","Department of Health and Mental Hygiene","Rodent","Rat Sighting","Office Building","11204","2269 65 STREET","65 STREET","WEST 5 STREET","23 AVENUE","WEST    5 STREET","23 AVENUE","ADDRESS","BROOKLYN","65 STREET","N/A","Closed",,"2025 Apr 23 09:19:33 AM","11 BROOKLYN","BROOKLYN","989,945","162,494","Unspecified","BROOKLYN",,,,,,,,"40.61268306201","-73.97948812056","POINT (-73.979488120561 40.612683062014)"
"64574320","2025 Apr 06 07:55:05 AM","2025 Apr 06 07:55:05 AM","DOHMH","Department of Health and Mental Hygiene","Rodent","Rat Sighting","Other (Explain Below)","11204","1528 WEST   10 STREET","WEST   10 STREET","AVENUE O","AVENUE P","AVENUE O","AVENUE P","ADDRESS","BROOKLYN","WEST   10 STREET","N/A","Closed",,"2025 Apr 23 09:58:33 AM","11 BROOKLYN","BROOKLYN","988,747","161,270","Unspecified","BROOKLYN",,,,,,,,"40.60932412276","-73.9838038138","POINT (-73.983803813796 40.609324122764)"
"64568588","2025 Apr 05 09:05:29 PM","2025 Apr 21 12:06:40 PM","DOHMH","Department of Health and Mental Hygiene","Rodent","Rat Sighting","3+ Family Apt. Building","11204","80 AVENUE P","AVENUE P","WEST 13 STREET","WEST 12 STREET","WEST   13 STREET","WEST   12 STREET","ADDRESS","BROOKLYN","AVENUE P","N/A","Closed",,"2025 Apr 05 09:05:29 PM","11 BROOKLYN","BROOKLYN","988,285","160,582","Unspecified","BROOKLYN",,,,,,,,"40.60743592618","-73.98546814256","POINT (-73.985468142556 40.607435926184)"
"64566431","2025 Apr 05 10:53:48 AM","2025 Apr 14 06:35:31 PM","DOHMH","Department of Health and Mental Hygiene","Rodent","Rat Sighting","3+ Family Apt. Building","11204","1774 62 STREET","62 STREET","17 AVENUE","18 AVENUE","17 AVENUE","18 AVENUE","ADDRESS","BROOKLYN","62 STREET","N/A","Closed",,"2025 Apr 05 10:53:48 AM","11 BROOKLYN","BROOKLYN","987,262","165,634","Unspecified","BROOKLYN",,,,,,,,"40.62130302921","-73.98915017398","POINT (-73.989150173978 40.621303029205)"
"64565403","2025 Apr 05 10:52:47 AM","2025 Apr 05 10:52:47 AM","DOHMH","Department of Health and Mental Hygiene","Rodent","Rat Sighting","3+ Family Apt. Building","11204","1774 62 STREET","62 STREET","17 AVENUE","18 AVENUE","17 AVENUE","18 AVENUE","ADDRESS","BROOKLYN","62 STREET","N/A","Closed",,"2025 Apr 28 12:46:33 PM","11 BROOKLYN","BROOKLYN","987,262","165,634","Unspecified","BROOKLYN",,,,,,,,"40.62130302921","-73.98915017398","POINT (-73.989150173978 40.621303029205)"
"64562347","2025 Apr 05 10:51:31 AM","2025 Apr 14 06:34:15 PM","DOHMH","Department of Health and Mental Hygiene","Rodent","Rat Sighting","1-2 Family Dwelling","11204","1776 62 STREET","62 STREET","17 AVENUE","18 AVENUE","17 AVENUE","18 AVENUE","ADDRESS","BROOKLYN","62 STREET","N/A","Closed",,"2025 Apr 05 10:51:31 AM","11 BROOKLYN","BROOKLYN","987,270","165,627","Unspecified","BROOKLYN",,,,,,,,"40.62128381294","-73.98912135951","POINT (-73.98912135951 40.621283812942)"
"64566506","2025 Apr 05 10:50:08 AM","2025 Apr 05 10:50:08 AM","DOHMH","Department of Health and Mental Hygiene","Rodent","Rat Sighting","3+ Family Apt. Building","11204","1776 62 STREET","62 STREET","17 AVENUE","18 AVENUE","17 AVENUE","18 AVENUE","ADDRESS","BROOKLYN","62 STREET","N/A","Closed",,"2025 Apr 28 01:01:21 PM","11 BROOKLYN","BROOKLYN","987,270","165,627","Unspecified","BROOKLYN",,,,,,,,"40.62128381294","-73.98912135951","POINT (-73.98912135951 40.621283812942)"
"64552095","2025 Apr 04 05:54:52 PM","2025 Apr 07 04:12:16 PM","DOHMH","Department of Health and Mental Hygiene","Rodent","Rat Sighting","1-2 Family Dwelling","11204","7302 BAY PARKWAY","BAY PARKWAY","73 STREET","74 STREET","73 STREET","74 STREET","ADDRESS","BROOKLYN","BAY PARKWAY","N/A","Closed",,"2025 Apr 04 05:54:52 PM","11 BROOKLYN","BROOKLYN","988,074","161,243","Unspecified","BROOKLYN",,,,,,,,"40.60925032929","-73.98622767456","POINT (-73.986227674564 40.609250329291)"
"64544670","2025 Apr 03 12:17:13 PM","2025 Apr 03 12:17:13 PM","DOHMH","Department of Health and Mental Hygiene","Rodent","Rat Sighting","1-2 Family Dwelling","11204","7224 BAY PARKWAY","BAY PARKWAY","WEST 12 STREET","73 STREET","WEST   12 STREET","73 STREET","ADDRESS","BROOKLYN","BAY PARKWAY","N/A","Closed",,"2025 Apr 23 10:21:33 AM","11 BROOKLYN","BROOKLYN","988,178","161,373","Unspecified","BROOKLYN",,,,,,,,"40.60960710712","-73.9858530378","POINT (-73.985853037804 40.60960710712)"
"64542152","2025 Apr 03 07:56:34 AM","2025 Apr 03 07:56:34 AM","DOHMH","Department of Health and Mental Hygiene","Rodent","Rat Sighting","Other (Explain Below)","11228","7325 74 STREET","74 STREET","14 AVENUE","15 AVENUE","14 AVENUE","15 AVENUE","BLOCKFACE","BROOKLYN",,"N/A","Closed",,"2025 Apr 18 10:12:28 AM","11 BROOKLYN","BROOKLYN",,,"Unspecified","BROOKLYN",,,,,,,,,,
"64538294","2025 Apr 02 12:16:03 PM","2025 Apr 02 12:16:03 PM","DOHMH","Department of Health and Mental Hygiene","Rodent","Rat Sighting","1-2 Family Dwelling","11204","2155 73 STREET","73 STREET","21 AVENUE","BAY PARKWAY","21 AVENUE","BAY PARKWAY","ADDRESS","BROOKLYN","73 STREET","N/A","Closed",,"2025 Apr 23 10:38:33 AM","11 BROOKLYN","BROOKLYN","987,815","161,502","Unspecified","BROOKLYN",,,,,,,,"40.60996133911","-73.98716033915","POINT (-73.987160339155 40.609961339111)"
"64529070","2025 Apr 01 04:51:35 PM","2025 Apr 07 04:12:16 PM","DOHMH","Department of Health and Mental Hygiene","Rodent","Rat Sighting","1-2 Family Dwelling","11204","7302 BAY PARKWAY","BAY PARKWAY","73 STREET","74 STREET","73 STREET","74 STREET","ADDRESS","BROOKLYN","BAY PARKWAY","N/A","Closed",,"2025 Apr 01 04:51:35 PM","11 BROOKLYN","BROOKLYN","988,074","161,243","Unspecified","BROOKLYN",,,,,,,,"40.60925032929","-73.98622767456","POINT (-73.986227674564 40.609250329291)"
"64526685","2025 Apr 01 07:30:15 AM","2025 Apr 01 07:30:15 AM","DOHMH","Department of Health and Mental Hygiene","Rodent","Rat Sighting","Other (Explain Below)","11204","2101 73 STREET","73 STREET","73 STREET","BAY PARKWAY","73 STREET","BAY PARKWAY","ADDRESS","BROOKLYN",,"N/A","Closed",,"2025 Apr 23 10:55:33 AM","11 BROOKLYN","BROOKLYN","987,577","161,691","Unspecified","BROOKLYN",,,,,,,,"40.61048019784","-73.98801742395","POINT (-73.988017423948 40.610480197838)"
"64530227","2025 Apr 01 07:06:35 AM","2025 Apr 01 07:06:35 AM","DOHMH","Department of Health and Mental Hygiene","Rodent","Rat Sighting","3+ Family Mixed Use Building","11214","8758 BAY PARKWAY","BAY PARKWAY","BENSON AVENUE","BATH AVENUE","BENSON AVENUE","BATH AVENUE","ADDRESS","BROOKLYN","BAY PARKWAY","N/A","Closed",,"2025 Apr 23 11:54:15 AM","11 BROOKLYN","BROOKLYN","985,101","157,491","Unspecified","BROOKLYN",,,,,,,,"40.59895263797","-73.99693555405","POINT (-73.996935554049 40.598952637972)"
"64504146","2025 Mar 29 10:17:32 AM","2025 Mar 29 10:17:32 AM","DOHMH","Department of Health and Mental Hygiene","Rodent","Rat Sighting","Catch Basin/Sewer","11204","2180 73 STREET","73 STREET","73 STREET","BAY PARKWAY","73 STREET","BAY PARKWAY","ADDRESS","BROOKLYN",,"N/A","Closed",,"2025 Apr 23 11:12:33 AM","11 BROOKLYN","BROOKLYN","987,926","161,406","Unspecified","BROOKLYN",,,,,,,,"40.60969779347","-73.98676061516","POINT (-73.986760615161 40.60969779347)"
"64489623","2025 Mar 28 07:27:06 PM","2025 Mar 28 07:27:06 PM","DOHMH","Department of Health and Mental Hygiene","Rodent","Rat Sighting","1-2 Family Dwelling","11204","7304 BAY PARKWAY","BAY PARKWAY","73 STREET","74 STREET","73 STREET","74 STREET","ADDRESS","BROOKLYN","BAY PARKWAY","N/A","Closed",,"2025 Apr 23 11:29:33 AM","11 BROOKLYN","BROOKLYN","988,064","161,230","Unspecified","BROOKLYN",,,,,,,,"40.60921465127","-73.9862636974","POINT (-73.986263697401 40.609214651268)"
"64486669","2025 Mar 28 04:37:10 PM","2025 Apr 07 04:12:16 PM","DOHMH","Department of Health and Mental Hygiene","Rodent","Rat Sighting","Other (Explain Below)","11204","7302 BAY PARKWAY","BAY PARKWAY","73 STREET","74 STREET","73 STREET","74 STREET","ADDRESS","BROOKLYN","BAY PARKWAY","N/A","Closed",,"2025 Mar 28 04:37:10 PM","11 BROOKLYN","BROOKLYN","988,074","161,243","Unspecified","BROOKLYN",,,,,,,,"40.60925032929","-73.98622767456","POINT (-73.986227674564 40.609250329291)"
"64485536","2025 Mar 28 04:09:53 PM","2025 Mar 28 04:09:53 PM","DOHMH","Department of Health and Mental Hygiene","Rodent","Rat Sighting","1-2 Family Dwelling","11204","7302 BAY PARKWAY","BAY PARKWAY","73 STREET","74 STREET","73 STREET","74 STREET","ADDRESS","BROOKLYN","BAY PARKWAY","N/A","Closed",,"2025 Apr 01 12:40:26 PM","11 BROOKLYN","BROOKLYN","988,074","161,243","Unspecified","BROOKLYN",,,,,,,,"40.60925032929","-73.98622767456","POINT (-73.986227674564 40.609250329291)"
"64457825","2025 Mar 25 11:05:56 AM","2025 Apr 06 07:42:27 PM","DOHMH","Department of Health and Mental Hygiene","Rodent","Rat Sighting","3+ Family Apt. Building","11223","102 AVENUE S","AVENUE S","WEST 10 STREET","WEST 9 STREET","WEST   10 STREET","WEST    9 STREET","ADDRESS","BROOKLYN","AVENUE S","N/A","Closed",,"2025 Mar 25 11:05:56 AM","11 BROOKLYN","BROOKLYN","989,274","158,148","Unspecified","BROOKLYN",,,,,,,,"40.60075458669","-73.98190811743","POINT (-73.981908117428 40.600754586688)"
"64406180","2025 Mar 19 06:32:41 AM","2025 Mar 27 11:35:14 AM","DOHMH","Department of Health and Mental Hygiene","Rodent","Rat Sighting","3+ Family Apt. Building","11204","1634 66 STREET","66 STREET","OVINGTON COURT","CAMERON COURT","OVINGTON COURT","CAMERON COURT","ADDRESS","BROOKLYN","66 STREET","N/A","Closed",,"2025 Mar 19 06:32:41 AM","11 BROOKLYN","BROOKLYN","985,736","165,463","Unspecified","BROOKLYN",,,,,,,,"40.62083405723","-73.99464716861","POINT (-73.994647168606 40.620834057229)"
"64388065","2025 Mar 18 05:44:54 PM","2025 Mar 18 05:44:54 PM","DOHMH","Department of Health and Mental Hygiene","Rodent","Rat Sighting","Commercial Building","11204","1792 70 AVENUE","70 AVENUE","17 AVENUE","18 AVENUE","17 AVENUE","18 AVENUE","ADDRESS","BROOKLYN","70 STREET","N/A","Closed",,"2025 Apr 01 02:22:20 PM","11 BROOKLYN","BROOKLYN","986,044","163,894","Unspecified","BROOKLYN",,,,,,,,"40.61652742125","-73.99353811577","POINT (-73.99353811577 40.616527421253)"
"64370775","2025 Mar 16 10:00:40 PM","2025 Mar 17 05:43:46 PM","DOHMH","Department of Health and Mental Hygiene","Rodent","Rat Sighting","Commercial Building","11214","2158 BATH AVENUE","BATH AVENUE","BAY 29 STREET","BAY PARKWAY","BAY   29 STREET","BAY PARKWAY","ADDRESS","BROOKLYN","BATH AVENUE","N/A","Closed",,"2025 Mar 16 10:00:40 PM","11 BROOKLYN","BROOKLYN","984,838","157,477","Unspecified","BROOKLYN",,,,,,,,"40.59891423216","-73.99788261671","POINT (-73.997882616707 40.598914232157)"
"64374103","2025 Mar 16 09:49:10 AM","2025 Mar 16 09:49:10 AM","DOHMH","Department of Health and Mental Hygiene","Rodent","Rat Sighting","3+ Family Apt. Building","11214","8798 21 AVENUE","21 AVENUE","BATH AVENUE","CROPSEY AVENUE","BATH AVENUE","CROPSEY AVENUE","ADDRESS","BROOKLYN","21 AVENUE","N/A","Closed",,"2025 Mar 20 12:53:05 PM","11 BROOKLYN","BROOKLYN","984,202","157,623","Unspecified","BROOKLYN",,,,,,,,"40.59931499198","-74.00017284865","POINT (-74.000172848653 40.599314991984)"
"64363145","2025 Mar 15 06:51:13 PM","2025 Mar 17 05:37:09 PM","DOHMH","Department of Health and Mental Hygiene","Rodent","Rat Sighting","Parking Lot/Garage","11223","166 KINGS HIGHWAY","KINGS HIGHWAY","WEST 13 STREET","WEST 12 STREET","WEST   13 STREET","WEST   12 STREET","ADDRESS","BROOKLYN","KINGS HIGHWAY","N/A","Closed",,"2025 Mar 15 06:51:13 PM","11 BROOKLYN","BROOKLYN","988,304","159,979","Unspecified","BROOKLYN",,,,,,,,"40.6057808058","-73.98540007693","POINT (-73.985400076932 40.6057808058)"
"64360907","2025 Mar 15 02:42:30 PM","2025 Mar 15 02:42:30 PM","DOHMH","Department of Health and Mental Hygiene","Rodent","Rat Sighting","Vacant Lot","11223","166 KINGS HIGHWAY","KINGS HIGHWAY","WEST 13 STREET","WEST 12 STREET","WEST   13 STREET","WEST   12 STREET","ADDRESS","BROOKLYN","KINGS HIGHWAY","N/A","Closed",,"2025 Mar 19 11:05:09 AM","11 BROOKLYN","BROOKLYN","988,304","159,979","Unspecified","BROOKLYN",,,,,,,,"40.6057808058","-73.98540007693","POINT (-73.985400076932 40.6057808058)"
"64353772","2025 Mar 14 11:48:42 PM","2025 Mar 14 11:48:42 PM","DOHMH","Department of Health and Mental Hygiene","Rodent","Rat Sighting","Commercial Building","11204","2269 65 STREET","65 STREET","WEST 5 STREET","23 AVENUE","WEST    5 STREET","23 AVENUE","ADDRESS","BROOKLYN","65 STREET","N/A","Closed",,"2025 Mar 19 02:51:09 PM","11 BROOKLYN","BROOKLYN","989,945","162,494","Unspecified","BROOKLYN",,,,,,,,"40.61268306201","-73.97948812056","POINT (-73.979488120561 40.612683062014)"
"64351009","2025 Mar 14 06:54:08 PM","2025 Mar 14 06:54:08 PM","DOHMH","Department of Health and Mental Hygiene","Rodent","Rat Sighting","1-2 Family Dwelling","11204","7314 BAY PARKWAY","BAY PARKWAY","73 STREET","74 STREET","73 STREET","74 STREET","ADDRESS","BROOKLYN","BAY PARKWAY","N/A","Closed",,"2025 Mar 19 12:45:09 PM","11 BROOKLYN","BROOKLYN","988,012","161,165","Unspecified","BROOKLYN",,,,,,,,"40.60903626183","-73.98645101408","POINT (-73.986451014083 40.609036261832)"
"64357418","2025 Mar 14 04:31:01 PM","2025 Mar 14 04:31:01 PM","DOHMH","Department of Health and Mental Hygiene","Rodent","Rat Sighting","1-2 Family Dwelling","11204","7109 20 AVENUE","20 AVENUE","71 STREET","72 STREET","71 STREET","72 STREET","ADDRESS","BROOKLYN","20 AVENUE","N/A","Closed",,"2025 Mar 19 02:10:09 PM","11 BROOKLYN","BROOKLYN","987,163","162,610","Unspecified","BROOKLYN",,,,,,,,"40.61300280943","-73.98950809647","POINT (-73.98950809647 40.613002809426)"
"64343322","2025 Mar 13 02:51:39 PM","2025 Mar 13 02:51:39 PM","DOHMH","Department of Health and Mental Hygiene","Rodent","Rat Sighting","Other (Explain Below)","11204","7202 72 STREET","72 STREET","72 STREET","BAY PARKWAY","72 STREET","BAY PARKWAY","INTERSECTION","BROOKLYN",,"N/A","Closed",,"2025 Apr 01 12:20:50 PM","11 BROOKLYN","BROOKLYN","988,263","161,475","Unspecified","BROOKLYN",,,,,,,,"40.60988703809","-73.98554684385","POINT (-73.98554684385 40.609887038091)"
"64336396","2025 Mar 12 11:03:40 PM","2025 Mar 12 11:03:40 PM","DOHMH","Department of Health and Mental Hygiene","Rodent","Rat Sighting","3+ Family Apt. Building","11214","1970 85 STREET","85 STREET","19 AVENUE","20 AVENUE","19 AVENUE","20 AVENUE","ADDRESS","BROOKLYN","85 STREET","N/A","Closed",,"2025 Mar 20 11:15:05 AM","11 BROOKLYN","BROOKLYN","984,692","159,938","Unspecified","BROOKLYN",,,,,,,,"40.60566918546","-73.9984082005","POINT (-73.998408200499 40.605669185456)"
"64319484","2025 Mar 11 03:11:01 PM","2025 Mar 11 03:11:01 PM","DOHMH","Department of Health and Mental Hygiene","Rodent","Rat Sighting","Other (Explain Below)","11219","1551 BAY RIDGE AVENUE","BAY RIDGE AVENUE","NEW UTRECHT AVENUE","16 AVENUE","NEW UTRECHT AVENUE","16 AVENUE","ADDRESS","BROOKLYN","BAY RIDGE AVENUE","N/A","Closed",,"2025 Mar 20 10:11:05 AM","11 BROOKLYN","BROOKLYN","984,793","165,225","Unspecified","BROOKLYN",,,,,,,,"40.62018090479","-73.99804403836","POINT (-73.998044038356 40.620180904789)"
"64302626","2025 Mar 09 10:54:05 PM","2025 Mar 09 10:54:05 PM","DOHMH","Department of Health and Mental Hygiene","Rodent","Rat Sighting","Other (Explain Below)","11214","2158 BATH AVENUE","BATH AVENUE","BAY 29 STREET","BAY PARKWAY","BAY   29 STREET","BAY PARKWAY","ADDRESS","BROOKLYN","BATH AVENUE","N/A","Closed",,"2025 Mar 20 01:15:05 PM","11 BROOKLYN","BROOKLYN","984,838","157,477","Unspecified","BROOKLYN",,,,,,,,"40.59891423216","-73.99788261671","POINT (-73.997882616707 40.598914232157)"
"64305335","2025 Mar 09 05:20:44 PM","2025 Mar 09 05:20:44 PM","DOHMH","Department of Health and Mental Hygiene","Rodent","Rat Sighting","3+ Family Apt. Building","11204","1634 66 STREET","66 STREET","OVINGTON COURT","CAMERON COURT","OVINGTON COURT","CAMERON COURT","ADDRESS","BROOKLYN","66 STREET","N/A","Closed",,"2025 Mar 20 09:50:05 AM","11 BROOKLYN","BROOKLYN","985,736","165,463","Unspecified","BROOKLYN",,,,,,,,"40.62083405723","-73.99464716861","POINT (-73.994647168606 40.620834057229)"
"64241404","2025 Mar 03 07:43:56 AM","2025 Mar 03 07:43:56 AM","DOHMH","Department of Health and Mental Hygiene","Rodent","Rat Sighting","1-2 Family Dwelling","11219","1537 BAY RIDGE AVENUE","BAY RIDGE AVENUE","NEW UTRECHT AVENUE","16 AVENUE","NEW UTRECHT AVENUE","16 AVENUE","ADDRESS","BROOKLYN","BAY RIDGE AVENUE","N/A","Closed",,"2025 Mar 05 10:14:44 AM","11 BROOKLYN","BROOKLYN","984,705","165,295","Unspecified","BROOKLYN",,,,,,,,"40.62037304517","-73.9983610219","POINT (-73.998361021897 40.620373045168)"
"64185356","2025 Feb 25 06:59:53 AM","2025 Feb 25 01:50:00 PM","DOHMH","Department of Health and Mental Hygiene","Rodent","Rat Sighting","1-2 Family Dwelling","11204","6801 17 AVENUE","17 AVENUE","68 STREET","BAY RIDGE AVENUE","68 STREET","BAY RIDGE AVENUE","ADDRESS","BROOKLYN","17 AVENUE","N/A","Closed",,"2025 Feb 25 06:59:53 AM","11 BROOKLYN","BROOKLYN","985,823","164,686","Unspecified","BROOKLYN",,,,,,,,"40.61870133891","-73.99433396046","POINT (-73.994333960461 40.618701338909)"
"64161026","2025 Feb 22 08:59:39 PM","2025 Feb 23 03:44:06 PM","DOHMH","Department of Health and Mental Hygiene","Rodent","Rat Sighting","Parking Lot/Garage","11204","7316 BAY PARKWAY","BAY PARKWAY","73 STREET","74 STREET","73 STREET","74 STREET","ADDRESS","BROOKLYN","BAY PARKWAY","N/A","Closed",,"2025 Feb 22 08:59:39 PM","11 BROOKLYN","BROOKLYN","988,002","161,151","Unspecified","BROOKLYN",,,,,,,,"40.60899783894","-73.98648703724","POINT (-73.986487037241 40.608997838943)"
"64146522","2025 Feb 21 12:02:53 PM","2025 Feb 21 12:02:53 PM","DOHMH","Department of Health and Mental Hygiene","Rodent","Rat Sighting","Other (Explain Below)","11204","6804 17 AVENUE","17 AVENUE","68 STREET","BAY RIDGE AVENUE","68 STREET","BAY RIDGE AVENUE","ADDRESS","BROOKLYN","17 AVENUE","N/A","Closed",,"2025 Feb 26 03:05:52 PM","11 BROOKLYN","BROOKLYN","985,814","164,684","Unspecified","BROOKLYN",,,,,,,,"40.61869585092","-73.99436637946","POINT (-73.994366379459 40.618695850918)"
"64116799","2025 Feb 18 04:10:44 PM","2025 Feb 18 04:10:44 PM","DOHMH","Department of Health and Mental Hygiene","Rodent","Rat Sighting","1-2 Family Dwelling","11204","6801 17 AVENUE","17 AVENUE","68 STREET","BAY RIDGE AVENUE","68 STREET","BAY RIDGE AVENUE","ADDRESS","BROOKLYN","17 AVENUE","N/A","Closed",,"2025 Mar 05 09:53:44 AM","11 BROOKLYN","BROOKLYN","985,823","164,686","Unspecified","BROOKLYN",,,,,,,,"40.61870133891","-73.99433396046","POINT (-73.994333960461 40.618701338909)"
"64115490","2025 Feb 18 03:31:26 AM","2025 Feb 18 03:31:26 AM","DOHMH","Department of Health and Mental Hygiene","Rodent","Rat Sighting","Commercial Building","11228","7115 15 AVENUE","15 AVENUE","71 STREET","72 STREET","71 STREET","72 STREET","ADDRESS","BROOKLYN","15 AVENUE","N/A","Closed",,"2025 Mar 05 10:25:44 AM","11 BROOKLYN","BROOKLYN","984,030","165,079","Unspecified","BROOKLYN",,,,,,,,"40.61978017909","-74.00079246589","POINT (-74.00079246589 40.619780179089)"
"64115380","2025 Feb 18 03:00:45 AM","2025 Feb 24 05:01:35 PM","DOHMH","Department of Health and Mental Hygiene","Rodent","Rat Sighting","Commercial Building","11228","7115 15 AVENUE","15 AVENUE","71 STREET","72 STREET","71 STREET","72 STREET","ADDRESS","BROOKLYN","15 AVENUE","N/A","Closed",,"2025 Feb 18 03:00:45 AM","11 BROOKLYN","BROOKLYN","984,030","165,079","Unspecified","BROOKLYN",,,,,,,,"40.61978017909","-74.00079246589","POINT (-74.00079246589 40.619780179089)"
"64042105","2025 Feb 10 04:59:37 PM","2025 Feb 10 04:59:37 PM","DOHMH","Department of Health and Mental Hygiene","Rodent","Rat Sighting","3+ Family Apt. Building","11214","65 BAY   19 STREET","BAY   19 STREET","86 STREET","BENSON AVENUE","86 STREET","BENSON AVENUE","ADDRESS","BROOKLYN","BAY   19 STREET","N/A","Closed",,"2025 Mar 05 11:19:44 AM","11 BROOKLYN","BROOKLYN","983,372","159,916","Unspecified","BROOKLYN",,,,,,,,"40.60560876748","-74.003161988","POINT (-74.003161988003 40.605608767475)"
"64033653","2025 Feb 09 11:50:34 AM","2025 Feb 09 11:50:34 AM","DOHMH","Department of Health and Mental Hygiene","Rodent","Rat Sighting","Catch Basin/Sewer","11204","123 AVENUE P","AVENUE P","WEST 11 STREET","WEST 10 STREET","WEST   11 STREET","WEST   10 STREET","ADDRESS","BROOKLYN","AVENUE P","N/A","Closed",,"2025 Feb 25 01:23:41 PM","11 BROOKLYN","BROOKLYN","988,766","160,657","Unspecified","BROOKLYN",,,,,,,,"40.60764155375","-73.9837357942","POINT (-73.983735794195 40.607641553755)"
"64012855","2025 Feb 07 02:39:21 PM","2025 Feb 07 02:39:21 PM","DOHMH","Department of Health and Mental Hygiene","Rodent","Rat Sighting","Vacant Lot","11204","6524 BAY PARKWAY","BAY PARKWAY","WEST 7 STREET","66 STREET","WEST    7 STREET","66 STREET","ADDRESS","BROOKLYN","BAY PARKWAY","N/A","Closed",,"2025 Feb 25 10:14:41 AM","11 BROOKLYN","BROOKLYN","989,293","162,784","Unspecified","BROOKLYN",,,,,,,,"40.61347944726","-73.98183623497","POINT (-73.981836234967 40.613479447264)"
"64016704","2025 Feb 07 11:58:03 AM","2025 Feb 07 11:58:03 AM","DOHMH","Department of Health and Mental Hygiene","Rodent","Rat Sighting","Other (Explain Below)","11214","177 BAY   23 STREET","BAY   23 STREET","BATH AVENUE","CROPSEY AVENUE","BATH AVENUE","CROPSEY AVENUE","ADDRESS","BROOKLYN","BAY   23 STREET","N/A","Closed",,"2025 Feb 10 11:07:54 AM","11 BROOKLYN","BROOKLYN","983,487","158,395","Unspecified","BROOKLYN",,,,,,,,"40.60143394276","-74.00274766058","POINT (-74.002747660582 40.601433942765)"
"63990348","2025 Feb 05 11:25:40 PM","2025 Feb 06 12:04:59 PM","DOHMH","Department of Health and Mental Hygiene","Rodent","Rat Sighting","3+ Family Mixed Use Building","11204","10 AVENUE O","AVENUE O","WEST 11 STREET","WEST 10 STREET","WEST   11 STREET","WEST   10 STREET","ADDRESS","BROOKLYN","AVENUE O","N/A","Closed",,"2025 Feb 05 11:25:40 PM","11 BROOKLYN","BROOKLYN","988,485","161,562","Unspecified","BROOKLYN",,,,,,,,"40.6101257319","-73.98474723768","POINT (-73.984747237683 40.610125731901)"
"63952392","2025 Feb 01 12:35:57 PM","2025 Feb 01 12:35:57 PM","DOHMH","Department of Health and Mental Hygiene","Rodent","Rat Sighting","3+ Family Apt. Building","11214","113 BAY   19 STREET","BAY   19 STREET","BENSON AVENUE","BATH AVENUE","BENSON AVENUE","BATH AVENUE","ADDRESS","BROOKLYN","BAY   19 STREET","N/A","Closed",,"2025 Mar 05 11:39:44 AM","11 BROOKLYN","BROOKLYN","982,970","159,553","Unspecified","BROOKLYN",,,,,,,,"40.60461235758","-74.00460966314","POINT (-74.004609663145 40.604612357584)"
"63860474","2025 Jan 23 12:31:30 PM","2025 Jan 24 05:05:06 PM","DOHMH","Department of Health and Mental Hygiene","Rodent","Rat Sighting","3+ Family Apt. Building","11223","102 AVENUE S","AVENUE S","WEST 10 STREET","WEST 9 STREET","WEST   10 STREET","WEST    9 STREET","ADDRESS","BROOKLYN","AVENUE S","N/A","Closed",,"2025 Jan 23 12:31:30 PM","11 BROOKLYN","BROOKLYN","989,274","158,148","Unspecified","BROOKLYN",,,,,,,,"40.60075458669","-73.98190811743","POINT (-73.981908117428 40.600754586688)"
"63771275","2025 Jan 15 04:51:13 PM","2025 Jan 15 04:51:13 PM","DOHMH","Department of Health and Mental Hygiene","Rodent","Rat Sighting","1-2 Family Dwelling","11204","2121 74 STREET","74 STREET","21 AVENUE","BAY PARKWAY","21 AVENUE","BAY PARKWAY","ADDRESS","BROOKLYN","74 STREET","N/A","Closed",,"2025 Jan 22 11:12:58 AM","11 BROOKLYN","BROOKLYN","987,505","161,416","Unspecified","BROOKLYN",,,,,,,,"40.60972540607","-73.98827687284","POINT (-73.98827687284 40.609725406066)"
"63766823","2025 Jan 14 06:15:52 PM","2025 Jan 14 06:15:52 PM","DOHMH","Department of Health and Mental Hygiene","Rodent","Rat Sighting","Other (Explain Below)","11223","1733 WEST    8 STREET","WEST    8 STREET","KINGS HIGHWAY","HIGHLAWN AVENUE","KINGS HIGHWAY","HIGHLAWN AVENUE","ADDRESS","BROOKLYN","WEST    8 STREET","N/A","Closed",,"2025 Jan 23 12:26:49 PM","11 BROOKLYN","BROOKLYN","989,519","159,608","Unspecified","BROOKLYN",,,,,,,,"40.6047618474","-73.98102471119","POINT (-73.981024711194 40.604761847399)"
"63766647","2025 Jan 14 06:12:11 PM","2025 Jan 14 06:12:11 PM","DOHMH","Department of Health and Mental Hygiene","Rodent","Rat Sighting","Other (Explain Below)","11223","257 WEST    8 STREET","WEST    8 STREET","QUENTIN ROAD","KINGS HIGHWAY","QUENTIN ROAD","KINGS HIGHWAY","BLOCKFACE","BROOKLYN","WEST    8 STREET","N/A","Closed",,"2025 Feb 04 11:14:01 AM","11 BROOKLYN","BROOKLYN","989,478","159,847","Unspecified","BROOKLYN",,,,,,,,"40.60541787791","-73.9811721798","POINT (-73.981172179795 40.605417877909)"
"63749019","2025 Jan 13 04:09:15 PM","2025 Jan 13 04:09:15 PM","DOHMH","Department of Health and Mental Hygiene","Rodent","Rat Sighting","1-2 Family Dwelling","11204","7316 BAY PARKWAY","BAY PARKWAY","73 STREET","74 STREET","73 STREET","74 STREET","ADDRESS","BROOKLYN","BAY PARKWAY","N/A","Closed",,"2025 Jan 22 11:37:31 AM","11 BROOKLYN","BROOKLYN","988,002","161,151","Unspecified","BROOKLYN",,,,,,,,"40.60899783894","-73.98648703724","POINT (-73.986487037241 40.608997838943)"
"63754105","2025 Jan 13 11:22:17 AM","2025 Jan 13 11:22:17 AM","DOHMH","Department of Health and Mental Hygiene","Rodent","Rat Sighting","1-2 Family Dwelling","11204","1681 74 STREET","74 STREET","NEW UTRECHT AVENUE","17 AVENUE","NEW UTRECHT AVENUE","17 AVENUE","ADDRESS","BROOKLYN","74 STREET","N/A","Closed",,"2025 Jan 22 10:00:00 AM","11 BROOKLYN","BROOKLYN","984,714","163,628","Unspecified","BROOKLYN",,,,,,,,"40.61579747581","-73.99832871712","POINT (-73.998328717116 40.615797475809)"
"63738572","2025 Jan 12 01:54:50 PM","2025 Jan 12 01:54:50 PM","DOHMH","Department of Health and Mental Hygiene","Rodent","Rat Sighting","3+ Family Mixed Use Building","11214","188 BAY   22 STREET","BAY   22 STREET","BATH AVENUE","CROPSEY AVENUE","BATH AVENUE","CROPSEY AVENUE","ADDRESS","BROOKLYN","BAY   22 STREET","N/A","Closed",,"2025 Jan 22 12:05:50 PM","11 BROOKLYN","BROOKLYN","983,242","158,504","Unspecified","BROOKLYN",,,,,,,,"40.60173310115","-74.00362995318","POINT (-74.00362995318 40.601733101152)"
"63655231","2025 Jan 06 02:05:22 PM","2025 Jan 06 02:05:22 PM","DOHMH","Department of Health and Mental Hygiene","Rodent","Rat Sighting","3+ Family Apt. Building","11223","106 AVENUE S","AVENUE S","WEST 10 STREET","WEST 9 STREET","WEST   10 STREET","WEST    9 STREET","ADDRESS","BROOKLYN","AVENUE S","N/A","Closed",,"2025 Jan 09 09:48:16 AM","11 BROOKLYN","BROOKLYN","989,307","158,153","Unspecified","BROOKLYN",,,,,,,,"40.6007682919","-73.98178927768","POINT (-73.981789277676 40.600768291904)"
"63639427","2025 Jan 05 11:59:21 AM","2025 Jan 05 11:59:21 AM","DOHMH","Department of Health and Mental Hygiene","Rodent","Rat Sighting","Other (Explain Below)","11204","1670 BAY RIDGE AVENUE","BAY RIDGE AVENUE","16 AVENUE","17 AVENUE","16 AVENUE","17 AVENUE","ADDRESS","BROOKLYN","BAY RIDGE AVENUE","N/A","Closed",,"2025 Jan 09 11:08:57 AM","11 BROOKLYN","BROOKLYN","985,444","164,701","Unspecified","BROOKLYN",,,,,,,,"40.61874256997","-73.99569913834","POINT (-73.995699138343 40.618742569974)"
"63612202","2025 Jan 03 03:33:43 PM","2025 Jan 03 03:33:43 PM","DOHMH","Department of Health and Mental Hygiene","Rodent","Rat Sighting","3+ Family Apt. Building","11214","2107 CROPSEY AVENUE","CROPSEY AVENUE","21 AVENUE","21 LANE","21 AVENUE","21 LANE","ADDRESS","BROOKLYN","CROPSEY AVENUE","N/A","Closed",,"2025 Jan 09 11:04:59 AM","11 BROOKLYN","BROOKLYN","984,115","157,368","Unspecified","BROOKLYN",,,,,,,,"40.59861506768","-74.00048613174","POINT (-74.000486131741 40.598615067684)"
"63577077","2024 Dec 31 11:49:34 AM","2024 Dec 31 11:49:34 AM","DOHMH","Department of Health and Mental Hygiene","Rodent","Rat Sighting","1-2 Family Dwelling","11214","8778 20 AVENUE","20 AVENUE","BATH AVENUE","CROPSEY AVENUE","BATH AVENUE","CROPSEY AVENUE","ADDRESS","BROOKLYN","20 AVENUE","N/A","Closed",,"2025 Jan 02 01:56:10 PM","11 BROOKLYN","BROOKLYN","983,689","158,234","Unspecified","BROOKLYN",,,,,,,,"40.60099204553","-74.00202021938","POINT (-74.002020219377 40.600992045529)"
"63563823","2024 Dec 30 07:58:41 AM","2024 Dec 30 07:58:41 AM","DOHMH","Department of Health and Mental Hygiene","Rodent","Rat Sighting","Vacant Lot","11204","6520 BAY PARKWAY","BAY PARKWAY","WEST 7 STREET","66 STREET","WEST    7 STREET","66 STREET","ADDRESS","BROOKLYN","BAY PARKWAY","N/A","Closed",,"2025 Jan 02 09:25:00 AM","11 BROOKLYN","BROOKLYN","989,296","162,788","Unspecified","BROOKLYN",,,,,,,,"40.61349042473","-73.98182542664","POINT (-73.981825426645 40.61349042473)"
"63555949","2024 Dec 29 02:41:01 PM","2024 Dec 31 08:57:21 PM","DOHMH","Department of Health and Mental Hygiene","Rodent","Rat Sighting","Other (Explain Below)","11214","2106 CROPSEY AVENUE","CROPSEY AVENUE","21 AVENUE","21 LANE","21 AVENUE","21 LANE","ADDRESS","BROOKLYN","CROPSEY AVENUE","N/A","Closed",,"2024 Dec 29 02:41:01 PM","11 BROOKLYN","BROOKLYN","984,107","157,367","Unspecified","BROOKLYN",,,,,,,,"40.59861232276","-74.00051493953","POINT (-74.000514939527 40.598612322761)"
"63545631","2024 Dec 28 12:17:54 PM","2024 Dec 31 05:16:03 PM","DOHMH","Department of Health and Mental Hygiene","Rodent","Rat Sighting","Other (Explain Below)","11228","7115 15 AVENUE","15 AVENUE","71 STREET","72 STREET","71 STREET","72 STREET","ADDRESS","BROOKLYN","15 AVENUE","N/A","Closed",,"2024 Dec 28 12:17:54 PM","11 BROOKLYN","BROOKLYN","984,030","165,079","Unspecified","BROOKLYN",,,,,,,,"40.61978017909","-74.00079246589","POINT (-74.00079246589 40.619780179089)"
"63526043","2024 Dec 26 01:20:26 PM","2024 Dec 26 01:20:26 PM","DOHMH","Department of Health and Mental Hygiene","Rodent","Rat Sighting","3+ Family Apt. Building","11204","1725 73 STREET","73 STREET","17 AVENUE","18 AVENUE","17 AVENUE","18 AVENUE","ADDRESS","BROOKLYN","73 STREET","N/A","Closed",,"2025 Jan 09 11:52:57 AM","11 BROOKLYN","BROOKLYN","985,250","163,534","Unspecified","BROOKLYN",,,,,,,,"40.61553942098","-73.99639811116","POINT (-73.996398111157 40.61553942098)"
"63514543","2024 Dec 24 05:09:38 AM","2024 Dec 24 05:09:38 AM","DOHMH","Department of Health and Mental Hygiene","Rodent","Rat Sighting","Other (Explain Below)","11228","7115 15 AVENUE","15 AVENUE","71 STREET","72 STREET","71 STREET","72 STREET","ADDRESS","BROOKLYN","15 AVENUE","N/A","Closed",,"2025 Jan 02 11:15:10 AM","11 BROOKLYN","BROOKLYN","984,030","165,079","Unspecified","BROOKLYN",,,,,,,,"40.61978017909","-74.00079246589","POINT (-74.00079246589 40.619780179089)"
"63473101","2024 Dec 20 03:43:30 AM","2024 Dec 31 05:17:47 PM","DOHMH","Department of Health and Mental Hygiene","Rodent","Rat Sighting","Other (Explain Below)","11228","1400 BENSON AVENUE","BENSON AVENUE","14 AVENUE","BAY 7 STREET","14 AVENUE","BAY    7 STREET","ADDRESS","BROOKLYN","BENSON AVENUE","N/A","Closed",,"2024 Dec 20 03:43:30 AM","11 BROOKLYN","BROOKLYN","980,536","161,867","Unspecified","BROOKLYN",,,,,,,,"40.6109631279","-74.01337649818","POINT (-74.013376498176 40.610963127899)"
"63439775","2024 Dec 17 11:12:19 AM","2024 Dec 17 11:12:19 AM","DOHMH","Department of Health and Mental Hygiene","Rodent","Rat Sighting","Other (Explain Below)","11214","2106 CROPSEY AVENUE","CROPSEY AVENUE","21 AVENUE","21 LANE","21 AVENUE","21 LANE","ADDRESS","BROOKLYN","CROPSEY AVENUE","N/A","Closed",,"2025 Jan 23 10:37:25 AM","11 BROOKLYN","BROOKLYN","984,107","157,367","Unspecified","BROOKLYN",,,,,,,,"40.59861232276","-74.00051493953","POINT (-74.000514939527 40.598612322761)"
"63404923","2024 Dec 15 08:02:42 AM","2024 Dec 15 08:02:42 AM","DOHMH","Department of Health and Mental Hygiene","Rodent","Rat Sighting","Vacant Lot","11204","2176 66 STREET","66 STREET","21 AVENUE","SEA BEACH LINE","21 AVENUE","SEA BEACH LINE","ADDRESS","BROOKLYN","66 STREET","N/A","Closed",,"2025 Jan 02 09:40:10 AM","11 BROOKLYN","BROOKLYN","989,065","162,821","Unspecified","BROOKLYN",,,,,,,,"40.61358113146","-73.98265741388","POINT (-73.982657413881 40.61358113146)"
"63362070","2024 Dec 11 10:20:41 AM","2024 Dec 16 11:53:10 AM","DOHMH","Department of Health and Mental Hygiene","Rodent","Rat Sighting","3+ Family Apt. Building","11204","1479 DAHILL ROAD","DAHILL ROAD","62 STREET","63 STREET","62 STREET","63 STREET","ADDRESS","BROOKLYN","DAHILL ROAD","N/A","Closed",,"2024 Dec 11 10:20:41 AM","11 BROOKLYN","BROOKLYN","991,292","162,230","Unspecified","BROOKLYN",,,,,,,,"40.61195746829","-73.9746368594","POINT (-73.974636859403 40.611957468294)"
"63356795","2024 Dec 10 12:43:54 PM","2024 Dec 10 12:43:54 PM","DOHMH","Department of Health and Mental Hygiene","Rodent","Rat Sighting","1-2 Family Dwelling","11228","147 BAY   10 STREET","BAY   10 STREET","BENSON AVENUE","BATH AVENUE","BENSON AVENUE","BATH AVENUE","ADDRESS","BROOKLYN","BAY   10 STREET","N/A","Closed",,"2025 Jan 02 01:09:10 PM","11 BROOKLYN","BROOKLYN","980,998","160,829","Unspecified","BROOKLYN",,,,,,,,"40.60811421255","-74.01171203977","POINT (-74.011712039769 40.60811421255)"
"63350507","2024 Dec 09 03:33:56 PM","2024 Dec 09 03:33:56 PM","DOHMH","Department of Health and Mental Hygiene","Rodent","Rat Sighting","3+ Family Mixed Use Building","11219","1536 68 STREET","68 STREET","NEW UTRECHT AVENUE","16 AVENUE","NEW UTRECHT AVENUE","16 AVENUE","ADDRESS","BROOKLYN","68 STREET","N/A","Closed",,"2024 Dec 13 12:16:44 PM","11 BROOKLYN","BROOKLYN","984,832","165,510","Unspecified","BROOKLYN",,,,,,,,"40.62096316794","-73.99790353035","POINT (-73.997903530353 40.620963167938)"
"63350508","2024 Dec 09 03:29:12 PM","2024 Dec 09 03:29:12 PM","DOHMH","Department of Health and Mental Hygiene","Rodent","Rat Sighting","3+ Family Mixed Use Building","11219","6805 NEW UTRECHT AVENUE","NEW UTRECHT AVENUE","68 STREET","BAY RIDGE AVENUE","68 STREET","BAY RIDGE AVENUE","ADDRESS","BROOKLYN","NEW UTRECHT AVENUE","N/A","Closed",,"2025 Jan 02 10:54:10 AM","11 BROOKLYN","BROOKLYN","984,690","165,568","Unspecified","BROOKLYN",,,,,,,,"40.62112237404","-73.99841503635","POINT (-73.998415036349 40.621122374037)"
"63346948","2024 Dec 09 02:40:17 PM","2024 Dec 09 02:40:17 PM","DOHMH","Department of Health and Mental Hygiene","Rodent","Rat Sighting","1-2 Family Dwelling","11219","1542 62 STREET","62 STREET","15 AVENUE","16 AVENUE","15 AVENUE","16 AVENUE","ADDRESS","BROOKLYN","62 STREET","N/A","Closed",,"2024 Dec 13 12:56:44 PM","11 BROOKLYN","BROOKLYN","985,819","166,777","Unspecified","BROOKLYN",,,,,,,,"40.62444069839","-73.99434788271","POINT (-73.99434788271 40.624440698386)"
"63348216","2024 Dec 09 10:28:37 AM","2024 Dec 09 10:28:37 AM","DOHMH","Department of Health and Mental Hygiene","Rodent","Rat Sighting","Commercial Building","11219","1552 62 STREET","62 STREET","15 AVENUE","16 AVENUE","15 AVENUE","16 AVENUE","ADDRESS","BROOKLYN","62 STREET","N/A","Closed",,"2024 Dec 13 12:40:44 PM","11 BROOKLYN","BROOKLYN","985,863","166,742","Unspecified","BROOKLYN",,,,,,,,"40.62434462281","-73.99418938683","POINT (-73.994189386829 40.624344622814)"
"63330627","2024 Dec 07 04:32:20 PM","2024 Dec 11 01:12:36 PM","DOHMH","Department of Health and Mental Hygiene","Rodent","Rat Sighting","3+ Family Apt. Building","11204","1479 DAHILL ROAD","DAHILL ROAD","62 STREET","63 STREET","62 STREET","63 STREET","ADDRESS","BROOKLYN","DAHILL ROAD","N/A","Closed",,"2024 Dec 07 04:32:20 PM","11 BROOKLYN","BROOKLYN","991,292","162,230","Unspecified","BROOKLYN",,,,,,,,"40.61195746829","-73.9746368594","POINT (-73.974636859403 40.611957468294)"
"63303556","2024 Dec 05 01:35:59 PM","2024 Dec 05 01:35:59 PM","DOHMH","Department of Health and Mental Hygiene","Rodent","Rat Sighting","1-2 Family Dwelling","11228","1553 BAY RIDGE PARKWAY","BAY RIDGE PARKWAY","15 AVENUE","16 AVENUE","15 AVENUE","16 AVENUE","ADDRESS","BROOKLYN","BAY RIDGE PARKWAY","N/A","Closed",,"2024 Dec 13 11:53:44 AM","11 BROOKLYN","BROOKLYN","983,730","164,050","Unspecified","BROOKLYN",,,,,,,,"40.61695577529","-74.00187302194","POINT (-74.00187302194 40.616955775287)"
"63310809","2024 Dec 05 05:21:57 AM","2024 Dec 05 05:21:57 AM","DOHMH","Department of Health and Mental Hygiene","Rodent","Rat Sighting","3+ Family Apt. Building","11214","8891 20 AVENUE","20 AVENUE","20 DRIVE","20 LANE","20 DRIVE","20 LANE","ADDRESS","BROOKLYN","20 AVENUE","N/A","Closed",,"2024 Dec 09 10:23:43 AM","11 BROOKLYN","BROOKLYN","983,071","157,446","Unspecified","BROOKLYN",,,,,,,,"40.59882908451","-74.00424556415","POINT (-74.004245564149 40.598829084512)"
"63295604","2024 Dec 04 05:53:09 PM","2024 Dec 04 05:53:09 PM","DOHMH","Department of Health and Mental Hygiene","Rodent","Rat Sighting","Other (Explain Below)","11204","6313 17 AVENUE","17 AVENUE","62 STREET","63 STREET","62 STREET","63 STREET","ADDRESS","BROOKLYN","17 AVENUE","N/A","Closed",,"2024 Dec 13 02:10:44 PM","11 BROOKLYN","BROOKLYN","986,602","165,669","Unspecified","BROOKLYN",,,,,,,,"40.6213992967","-73.99152761368","POINT (-73.991527613684 40.621399296703)"
"63286863","2024 Dec 03 03:55:43 PM","2024 Dec 03 03:55:43 PM","DOHMH","Department of Health and Mental Hygiene","Rodent","Rat Sighting","3+ Family Apt. Building","11204","1827 65 STREET","65 STREET","18 AVENUE","19 AVENUE","18 AVENUE","19 AVENUE","ADDRESS","BROOKLYN","65 STREET","N/A","Closed",,"2024 Dec 09 12:55:43 PM","11 BROOKLYN","BROOKLYN","987,175","164,689","Unspecified","BROOKLYN",,,,,,,,"40.61870923009","-73.9894639748","POINT (-73.9894639748 40.618709230094)"
"63272137","2024 Dec 02 04:47:10 PM","2024 Dec 02 04:47:10 PM","DOHMH","Department of Health and Mental Hygiene","Rodent","Rat Sighting","Commercial Building","11204","6502 BAY PARKWAY","BAY PARKWAY","65 STREET","WEST 7 STREET","65 STREET","WEST    7 STREET","ADDRESS","BROOKLYN","BAY PARKWAY","N/A","Closed",,"2024 Dec 09 12:34:43 PM","11 BROOKLYN","BROOKLYN","989,377","162,887","Unspecified","BROOKLYN",,,,,,,,"40.6137621128","-73.98153360744","POINT (-73.98153360744 40.613762112796)"
"63258400","2024 Dec 01 09:00:30 AM","2024 Dec 01 09:00:30 AM","DOHMH","Department of Health and Mental Hygiene","Rodent","Rat Sighting","Vacant Lot","11204","2301 23 AVENUE","23 AVENUE","23 AVENUE","65 STREET","23 AVENUE","65 STREET","INTERSECTION","BROOKLYN",,"N/A","Closed",,"2024 Dec 13 10:07:44 AM","11 BROOKLYN","BROOKLYN","990,023","162,426","Unspecified","BROOKLYN",,,,,,,,"40.61249636556","-73.9792072434","POINT (-73.979207243396 40.612496365557)"
"63246304","2024 Nov 30 11:52:08 AM","2024 Dec 03 12:44:14 PM","DOHMH","Department of Health and Mental Hygiene","Rodent","Rat Sighting","Other (Explain Below)","11228","1407 78 STREET","78 STREET","14 AVENUE","15 AVENUE","14 AVENUE","15 AVENUE","ADDRESS","BROOKLYN","78 STREET","N/A","Closed",,"2024 Nov 30 11:52:08 AM","11 BROOKLYN","BROOKLYN","982,422","164,068","Unspecified","BROOKLYN",,,,,,,,"40.61700500824","-74.00658439737","POINT (-74.006584397373 40.617005008241)"
"63208115","2024 Nov 25 04:51:33 PM","2024 Nov 25 04:51:33 PM","DOHMH","Department of Health and Mental Hygiene","Rodent","Rat Sighting","3+ Family Apt. Building","11214","1939 CROPSEY AVENUE","CROPSEY AVENUE","BAY 22 STREET","BAY 23 STREET","BAY   22 STREET","BAY   23 STREET","ADDRESS","BROOKLYN","CROPSEY AVENUE","N/A","Closed",,"2024 Nov 29 10:48:41 AM","11 BROOKLYN","BROOKLYN","983,159","158,167","Unspecified","BROOKLYN",,,,,,,,"40.60080809472","-74.0039287937","POINT (-74.003928793704 40.600808094723)"
"63198827","2024 Nov 24 11:52:40 AM","2024 Nov 24 11:52:40 AM","DOHMH","Department of Health and Mental Hygiene","Rodent","Rat Sighting","3+ Family Apt. Building","11214","2502 85 STREET","85 STREET","25 AVENUE","STILLWELL AVENUE","25 AVENUE","STILLWELL AVENUE","ADDRESS","BROOKLYN","85 STREET","N/A","Closed",,"2024 Dec 05 11:32:33 AM","11 BROOKLYN","BROOKLYN","988,028","157,294","Unspecified","BROOKLYN",,,,,,,,"40.59841114842","-73.98639555469","POINT (-73.986395554694 40.598411148423)"
"63175083","2024 Nov 22 08:31:16 PM","2024 Nov 26 04:57:08 PM","DOHMH","Department of Health and Mental Hygiene","Rodent","Rat Sighting","Commercial Building","11214","220 BAY   22 STREET","BAY   22 STREET","BATH AVENUE","CROPSEY AVENUE","BATH AVENUE","CROPSEY AVENUE","ADDRESS","BROOKLYN","BAY   22 STREET","N/A","Closed",,"2024 Nov 22 08:31:16 PM","11 BROOKLYN","BROOKLYN","983,108","158,335","Unspecified","BROOKLYN",,,,,,,,"40.60126921421","-74.00411247791","POINT (-74.004112477908 40.60126921421)"
"63134521","2024 Nov 19 09:01:20 PM","2024 Nov 19 09:01:20 PM","DOHMH","Department of Health and Mental Hygiene","Rodent","Rat Sighting","3+ Family Mixed Use Building","11204","7202 18 AVENUE","18 AVENUE","72 STREET","73 STREET","72 STREET","73 STREET","ADDRESS","BROOKLYN","18 AVENUE","N/A","Closed",,"2024 Dec 05 02:22:14 PM","11 BROOKLYN","BROOKLYN","985,825","163,353","Unspecified","BROOKLYN",,,,,,,,"40.61504252986","-73.9943270673","POINT (-73.994327067297 40.615042529864)"
"63132886","2024 Nov 19 05:23:20 AM","2024 Nov 19 05:23:20 AM","DOHMH","Department of Health and Mental Hygiene","Rodent","Rat Sighting","3+ Family Apt. Building","11204","6801 18 AVENUE","18 AVENUE","68 STREET","BAY RIDGE AVENUE","68 STREET","BAY RIDGE AVENUE","ADDRESS","BROOKLYN","18 AVENUE","N/A","Closed",,"2024 Dec 05 02:55:38 PM","11 BROOKLYN","BROOKLYN","986,468","164,176","Unspecified","BROOKLYN",,,,,,,,"40.6173013568","-73.99201079966","POINT (-73.992010799662 40.617301356798)"
"63119731","2024 Nov 18 05:05:56 PM","2024 Nov 18 05:05:56 PM","DOHMH","Department of Health and Mental Hygiene","Rodent","Rat Sighting","Commercial Building","11223","247 AVENUE U","AVENUE U","WEST 4 STREET","VAN SICKLEN STREET","WEST    4 STREET","VAN SICKLEN STREET","ADDRESS","BROOKLYN","AVENUE U","N/A","Closed",,"2024 Dec 05 09:58:58 AM","11 BROOKLYN","BROOKLYN","991,158","156,700","Unspecified","BROOKLYN",,,,,,,,"40.59677885148","-73.9751251425","POINT (-73.975125142499 40.59677885148)"
"63108571","2024 Nov 17 08:16:49 PM","2024 Nov 17 08:16:49 PM","DOHMH","Department of Health and Mental Hygiene","Rodent","Rat Sighting","1-2 Family Dwelling","11223","2046 WEST   12 STREET","WEST   12 STREET","AVENUE T","AVENUE U","AVENUE T","AVENUE U","ADDRESS","BROOKLYN","WEST   12 STREET","N/A","Closed",,"2024 Dec 05 10:23:06 AM","11 BROOKLYN","BROOKLYN","988,867","156,802","Unspecified","BROOKLYN",,,,,,,,"40.59706031047","-73.98337468148","POINT (-73.983374681479 40.597060310473)"
"63110941","2024 Nov 17 12:51:26 PM","2024 Nov 20 12:14:56 PM","DOHMH","Department of Health and Mental Hygiene","Rodent","Rat Sighting","3+ Family Apt. Building","11214","1917 CROPSEY AVENUE","CROPSEY AVENUE","19 AVENUE","BAY 22 STREET","19 AVENUE","BAY   22 STREET","ADDRESS","BROOKLYN","CROPSEY AVENUE","N/A","Closed",,"2024 Nov 17 12:51:26 PM","11 BROOKLYN","BROOKLYN","982,968","158,298","Unspecified","BROOKLYN",,,,,,,,"40.60116763757","-74.00461662755","POINT (-74.004616627546 40.601167637573)"
"63078091","2024 Nov 14 05:52:29 PM","2024 Nov 19 03:30:22 PM","DOHMH","Department of Health and Mental Hygiene","Rodent","Rat Sighting","1-2 Family Dwelling","11214","1937 CROPSEY AVENUE","CROPSEY AVENUE","BAY 22 STREET","BAY 23 STREET","BAY   22 STREET","BAY   23 STREET","ADDRESS","BROOKLYN","CROPSEY AVENUE","N/A","Closed",,"2024 Nov 14 05:52:29 PM","11 BROOKLYN","BROOKLYN","983,147","158,176","Unspecified","BROOKLYN",,,,,,,,"40.60083279641","-74.0039720083","POINT (-74.003972008304 40.600832796412)"
"63073476","2024 Nov 13 11:56:17 AM","2024 Nov 14 09:32:45 PM","DOHMH","Department of Health and Mental Hygiene","Rodent","Rat Sighting","1-2 Family Mixed Use Building","11204","1715 63 STREET","63 STREET","17 AVENUE","18 AVENUE","17 AVENUE","18 AVENUE","ADDRESS","BROOKLYN","63 STREET","N/A","Closed",,"2024 Nov 13 11:56:17 AM","11 BROOKLYN","BROOKLYN","986,836","165,646","Unspecified","BROOKLYN",,,,,,,,"40.62133610129","-73.99068470651","POINT (-73.990684706515 40.621336101288)"
"63057158","2024 Nov 12 11:53:25 AM","2024 Nov 12 11:53:25 AM","DOHMH","Department of Health and Mental Hygiene","Rodent","Rat Sighting","1-2 Family Dwelling","11214","212 BAY   23 STREET","BAY   23 STREET","BATH AVENUE","CROPSEY AVENUE","BATH AVENUE","CROPSEY AVENUE","ADDRESS","BROOKLYN","BAY   23 STREET","N/A","Closed",,"2024 Nov 29 10:39:41 AM","11 BROOKLYN","BROOKLYN","983,336","158,214","Unspecified","BROOKLYN",,,,,,,,"40.60093712021","-74.0032914064","POINT (-74.003291406402 40.600937120211)"
"63046900","2024 Nov 11 07:10:05 PM","2024 Nov 11 07:10:05 PM","DOHMH","Department of Health and Mental Hygiene","Rodent","Rat Sighting","Other (Explain Below)","11204","6417 19 AVENUE","19 AVENUE","64 STREET","65 STREET","64 STREET","65 STREET","ADDRESS","BROOKLYN","19 AVENUE","N/A","Closed",,"2024 Nov 20 12:16:46 PM","11 BROOKLYN","BROOKLYN","987,694","164,536","Unspecified","BROOKLYN",,,,,,,,"40.61828909034","-73.98759458378","POINT (-73.987594583784 40.61828909034)"
"63008389","2024 Nov 07 09:10:27 PM","2024 Nov 18 03:13:28 PM","DOHMH","Department of Health and Mental Hygiene","Rodent","Rat Sighting","Other (Explain Below)","11204","7316 BAY PARKWAY","BAY PARKWAY","73 STREET","74 STREET","73 STREET","74 STREET","ADDRESS","BROOKLYN","BAY PARKWAY","N/A","Closed",,"2024 Nov 07 09:10:27 PM","11 BROOKLYN","BROOKLYN","988,002","161,151","Unspecified","BROOKLYN",,,,,,,,"40.60899783894","-73.98648703724","POINT (-73.986487037241 40.608997838943)"
"62981581","2024 Nov 04 12:24:45 PM","2024 Nov 04 02:56:39 PM","DOHMH","Department of Health and Mental Hygiene","Rodent","Rat Sighting","3+ Family Apt. Building","11214","8809 21 AVENUE","21 AVENUE","BATH AVENUE","CROPSEY AVENUE","BATH AVENUE","CROPSEY AVENUE","ADDRESS","BROOKLYN","21 AVENUE","N/A","Closed",,"2024 Nov 04 12:24:45 PM","11 BROOKLYN","BROOKLYN","984,156","157,554","Unspecified","BROOKLYN",,,,,,,,"40.59912560058","-74.00033849432","POINT (-74.000338494319 40.599125600582)"
"62985073","2024 Nov 04 10:02:19 AM","2024 Nov 04 10:02:19 AM","DOHMH","Department of Health and Mental Hygiene","Rodent","Rat Sighting","3+ Family Apt. Building","11214","8735 BAY PARKWAY","BAY PARKWAY","BENSON AVENUE","BATH AVENUE","BENSON AVENUE","BATH AVENUE","ADDRESS","BROOKLYN","BAY PARKWAY","N/A","Closed",,"2024 Nov 29 01:06:41 PM","11 BROOKLYN","BROOKLYN","985,197","157,602","Unspecified","BROOKLYN",,,,,,,,"40.59925730077","-73.99658984306","POINT (-73.996589843059 40.599257300769)"
"62981632","2024 Nov 04 10:00:09 AM","2024 Nov 04 10:00:09 AM","DOHMH","Department of Health and Mental Hygiene","Rodent","Rat Sighting","3+ Family Apt. Building","11214","8705 BAY PARKWAY","BAY PARKWAY","BENSON AVENUE","BATH AVENUE","BENSON AVENUE","BATH AVENUE","ADDRESS","BROOKLYN","BAY PARKWAY","N/A","Closed",,"2024 Nov 29 12:35:41 PM","11 BROOKLYN","BROOKLYN","985,321","157,759","Unspecified","BROOKLYN",,,,,,,,"40.59968821986","-73.99614329287","POINT (-73.996143292866 40.599688219862)"
"62976698","2024 Nov 04 09:55:59 AM","2024 Nov 04 09:55:59 AM","DOHMH","Department of Health and Mental Hygiene","Rodent","Rat Sighting","3+ Family Apt. Building","11214","8699 BAY PARKWAY","BAY PARKWAY","BENSON AVENUE","BATH AVENUE","BENSON AVENUE","BATH AVENUE","ADDRESS","BROOKLYN","BAY PARKWAY","N/A","Closed",,"2024 Nov 29 12:50:41 PM","11 BROOKLYN","BROOKLYN","985,346","157,790","Unspecified","BROOKLYN",,,,,,,,"40.59977330553","-73.99605326199","POINT (-73.996053261993 40.599773305526)"
"62984917","2024 Nov 04 08:19:16 AM","2024 Nov 04 01:47:29 PM","DOHMH","Department of Health and Mental Hygiene","Rodent","Rat Sighting","3+ Family Apt. Building","11214","8224 BAY PARKWAY","BAY PARKWAY","82 STREET","83 STREET","82 STREET","83 STREET","ADDRESS","BROOKLYN","BAY PARKWAY","N/A","Closed",,"2024 Nov 04 08:19:16 AM","11 BROOKLYN","BROOKLYN","986,569","159,343","Unspecified","BROOKLYN",,,,,,,,"40.6040357394","-73.99164865897","POINT (-73.991648658969 40.604035739401)"
"62958911","2024 Nov 02 11:47:52 AM","2024 Nov 02 11:47:52 AM","DOHMH","Department of Health and Mental Hygiene","Rodent","Rat Sighting","3+ Family Apt. Building","11223","1601 WEST    2 STREET","WEST    2 STREET","AVENUE P","QUENTIN ROAD","AVENUE P","QUENTIN ROAD","ADDRESS","BROOKLYN","WEST    2 STREET","N/A","Closed",,"2024 Nov 14 01:02:56 PM","11 BROOKLYN","BROOKLYN","990,956","160,851","Unspecified","BROOKLYN",,,,,,,,"40.60817265731","-73.97584839846","POINT (-73.975848398459 40.608172657307)"
"62946901","2024 Nov 01 02:18:34 PM","2024 Nov 01 02:18:34 PM","DOHMH","Department of Health and Mental Hygiene","Rodent","Rat Sighting","1-2 Family Dwelling","11214","2065 76 STREET","76 STREET","20 AVENUE","21 AVENUE","20 AVENUE","21 AVENUE","ADDRESS","BROOKLYN","76 STREET","N/A","Closed",,"2024 Nov 20 01:08:33 PM","11 BROOKLYN","BROOKLYN","986,735","161,312","Unspecified","BROOKLYN",,,,,,,,"40.60944019681","-73.99105012396","POINT (-73.991050123964 40.609440196806)"
"62912068","2024 Oct 29 05:51:21 PM","2024 Oct 29 05:51:21 PM","DOHMH","Department of Health and Mental Hygiene","Rodent","Rat Sighting","1-2 Family Dwelling","11204","1659 71 STREET","71 STREET","16 AVENUE","17 AVENUE","16 AVENUE","17 AVENUE","ADDRESS","BROOKLYN","71 STREET","N/A","Closed",,"2024 Nov 20 11:02:11 AM","11 BROOKLYN","BROOKLYN","985,065","164,345","Unspecified","BROOKLYN",,,,,,,,"40.61776546687","-73.9970643627","POINT (-73.997064362697 40.617765466874)"
"62915058","2024 Oct 29 05:26:52 PM","2024 Oct 29 05:26:52 PM","DOHMH","Department of Health and Mental Hygiene","Rodent","Rat Sighting","1-2 Family Dwelling","11204","1657 71 STREET","71 STREET","16 AVENUE","17 AVENUE","16 AVENUE","17 AVENUE","ADDRESS","BROOKLYN","71 STREET","N/A","Closed",,"2024 Nov 20 11:10:11 AM","11 BROOKLYN","BROOKLYN","985,055","164,352","Unspecified","BROOKLYN",,,,,,,,"40.61778468134","-73.99710038195","POINT (-73.997100381952 40.617784681336)"
"62900494","2024 Oct 28 02:24:38 PM","2024 Oct 30 01:34:35 PM","DOHMH","Department of Health and Mental Hygiene","Rodent","Rat Sighting","3+ Family Apt. Building","11214","220 BAY   22 STREET","BAY   22 STREET","BATH AVENUE","CROPSEY AVENUE","BATH AVENUE","CROPSEY AVENUE","ADDRESS","BROOKLYN","BAY   22 STREET","N/A","Closed",,"2024 Oct 28 02:24:38 PM","11 BROOKLYN","BROOKLYN","983,108","158,335","Unspecified","BROOKLYN",,,,,,,,"40.60126921421","-74.00411247791","POINT (-74.004112477908 40.60126921421)"
"62848537","2024 Oct 23 05:59:20 PM","2024 Oct 23 05:59:20 PM","DOHMH","Department of Health and Mental Hygiene","Rodent","Rat Sighting","1-2 Family Dwelling","11214","1937 CROPSEY AVENUE","CROPSEY AVENUE","BAY 22 STREET","BAY 23 STREET","BAY   22 STREET","BAY   23 STREET","ADDRESS","BROOKLYN","CROPSEY AVENUE","N/A","Closed",,"2024 Oct 29 01:26:08 PM","11 BROOKLYN","BROOKLYN","983,147","158,176","Unspecified","BROOKLYN",,,,,,,,"40.60083279641","-74.0039720083","POINT (-74.003972008304 40.600832796412)"
"62825286","2024 Oct 21 07:45:37 AM","2024 Oct 21 07:45:37 AM","DOHMH","Department of Health and Mental Hygiene","Rodent","Rat Sighting","Other (Explain Below)","11214","1961 BAY   23 STREET","BAY   23 STREET","BATH AVENUE","CROPSEY AVENUE","BATH AVENUE","CROPSEY AVENUE","BLOCKFACE","BROOKLYN",,"N/A","Closed",,"2025 Jan 09 02:15:34 PM","11 BROOKLYN","BROOKLYN",,,"Unspecified","BROOKLYN",,,,,,,,,,
"62828303","2024 Oct 21 07:34:14 AM","2024 Oct 21 07:34:14 AM","DOHMH","Department of Health and Mental Hygiene","Rodent","Rat Sighting","Catch Basin/Sewer","11204","6601 OVINGTON COURT","OVINGTON COURT","66 STREET","67 STREET","66 STREET","67 STREET","ADDRESS","BROOKLYN","OVINGTON COURT","N/A","Closed",,"2024 Oct 28 11:58:35 AM","11 BROOKLYN","BROOKLYN","985,628","165,481","Unspecified","BROOKLYN",,,,,,,,"40.62088348093","-73.99503619978","POINT (-73.995036199784 40.620883480934)"
"62816481","2024 Oct 20 07:54:51 PM","2024 Oct 20 07:54:51 PM","DOHMH","Department of Health and Mental Hygiene","Rodent","Rat Sighting","Other (Explain Below)","11204","6500 16 AVENUE","16 AVENUE","16 AVENUE","66 STREET","16 AVENUE","66 STREET","ADDRESS","BROOKLYN",,"N/A","Closed",,"2024 Nov 20 10:35:57 AM","11 BROOKLYN","BROOKLYN","985,632","165,855","Unspecified","BROOKLYN",,,,,,,,"40.62191003231","-73.99502171451","POINT (-73.99502171451 40.621910032305)"
"62824284","2024 Oct 20 06:18:05 PM","2024 Oct 20 06:18:05 PM","DOHMH","Department of Health and Mental Hygiene","Rodent","Rat Sighting","Other (Explain Below)","11204","1638 66 STREET","66 STREET","OVINGTON COURT","CAMERON COURT","OVINGTON COURT","CAMERON COURT","ADDRESS","BROOKLYN","66 STREET","N/A","Closed",,"2024 Oct 28 11:54:09 AM","11 BROOKLYN","BROOKLYN","985,758","165,446","Unspecified","BROOKLYN",,,,,,,,"40.62078739205","-73.99456792456","POINT (-73.994567924564 40.620787392055)"
"62809425","2024 Oct 19 06:48:40 PM","2024 Oct 19 06:48:40 PM","DOHMH","Department of Health and Mental Hygiene","Rodent","Rat Sighting","Commercial Building","11223","1809 WEST    8 STREET","WEST    8 STREET","HIGHLAWN AVENUE","AVENUE S","HIGHLAWN AVENUE","AVENUE S","ADDRESS","BROOKLYN","WEST    8 STREET","N/A","Closed",,"2024 Oct 28 12:56:01 PM","11 BROOKLYN","BROOKLYN","989,623","158,887","Unspecified","BROOKLYN",,,,,,,,"40.60278278683","-73.98065074878","POINT (-73.980650748781 40.602782786828)"
"62810700","2024 Oct 19 02:57:32 PM","2024 Oct 21 01:30:46 PM","DOHMH","Department of Health and Mental Hygiene","Rodent","Rat Sighting","3+ Family Apt. Building","11223","102 AVENUE S","AVENUE S","WEST 10 STREET","WEST 9 STREET","WEST   10 STREET","WEST    9 STREET","ADDRESS","BROOKLYN","AVENUE S","N/A","Closed",,"2024 Oct 19 02:57:32 PM","11 BROOKLYN","BROOKLYN","989,274","158,148","Unspecified","BROOKLYN",,,,,,,,"40.60075458669","-73.98190811743","POINT (-73.981908117428 40.600754586688)"
"62803901","2024 Oct 18 04:46:35 PM","2024 Oct 18 04:46:35 PM","DOHMH","Department of Health and Mental Hygiene","Rodent","Rat Sighting","1-2 Family Dwelling","11204","1713 63 STREET","63 STREET","17 AVENUE","18 AVENUE","17 AVENUE","18 AVENUE","ADDRESS","BROOKLYN","63 STREET","N/A","Closed",,"2024 Oct 28 11:18:39 AM","11 BROOKLYN","BROOKLYN","986,827","165,653","Unspecified","BROOKLYN",,,,,,,,"40.62135531745","-73.99071712366","POINT (-73.990717123657 40.621355317451)"
"62784138","2024 Oct 17 03:58:59 PM","2024 Oct 21 01:30:46 PM","DOHMH","Department of Health and Mental Hygiene","Rodent","Rat Sighting","3+ Family Apt. Building","11223","102 AVENUE S","AVENUE S","WEST 10 STREET","WEST 9 STREET","WEST   10 STREET","WEST    9 STREET","ADDRESS","BROOKLYN","AVENUE S","N/A","Closed",,"2024 Oct 17 03:58:59 PM","11 BROOKLYN","BROOKLYN","989,274","158,148","Unspecified","BROOKLYN",,,,,,,,"40.60075458669","-73.98190811743","POINT (-73.981908117428 40.600754586688)"
"62750645","2024 Oct 14 06:50:43 PM","2024 Oct 14 06:50:43 PM","DOHMH","Department of Health and Mental Hygiene","Rodent","Rat Sighting","3+ Family Apt. Building","11214","2074 21 AVENUE","21 AVENUE","21 DRIVE","SHORE PARKWAY","21 DRIVE","SHORE PARKWAY","BLOCKFACE","BROOKLYN","21 AVENUE","N/A","Closed",,"2024 Oct 29 12:48:09 PM","11 BROOKLYN","BROOKLYN","983,689","156,972","Unspecified","BROOKLYN",,,,,,,,"40.59752811099","-74.00202011457","POINT (-74.002020114572 40.597528110992)"
"62718135","2024 Oct 10 03:24:46 PM","2024 Oct 11 01:30:47 PM","DOHMH","Department of Health and Mental Hygiene","Rodent","Rat Sighting","Other (Explain Below)","11214","2501 86 STREET","86 STREET","25 AVENUE","BAY 40 STREET","25 AVENUE","BAY   40 STREET","ADDRESS","BROOKLYN","86 STREET","N/A","Closed",,"2024 Oct 10 03:24:46 PM","11 BROOKLYN","BROOKLYN","987,839","157,095","Unspecified","BROOKLYN",,,,,,,,"40.5978650122","-73.98707624277","POINT (-73.987076242769 40.597865012205)"
"62704361","2024 Oct 09 05:52:06 PM","2024 Oct 09 05:52:06 PM","DOHMH","Department of Health and Mental Hygiene","Rodent","Rat Sighting","3+ Family Mixed Use Building","11219","6805 NEW UTRECHT AVENUE","NEW UTRECHT AVENUE","68 STREET","BAY RIDGE AVENUE","68 STREET","BAY RIDGE AVENUE","ADDRESS","BROOKLYN","NEW UTRECHT AVENUE","N/A","Closed",,"2024 Oct 28 12:15:50 PM","11 BROOKLYN","BROOKLYN","984,690","165,568","Unspecified","BROOKLYN",,,,,,,,"40.62112237404","-73.99841503635","POINT (-73.998415036349 40.621122374037)"
"62680406","2024 Oct 07 01:24:03 PM","2024 Oct 07 02:42:08 PM","DOHMH","Department of Health and Mental Hygiene","Rodent","Rat Sighting","3+ Family Mixed Use Building","11214","2361 81 STREET","81 STREET","23 AVENUE","24 AVENUE","23 AVENUE","24 AVENUE","ADDRESS","BROOKLYN","81 STREET","N/A","Closed",,"2024 Oct 07 01:24:03 PM","11 BROOKLYN","BROOKLYN","987,753","158,842","Unspecified","BROOKLYN",,,,,,,,"40.60266020746","-73.98738501726","POINT (-73.98738501726 40.602660207455)"
"62675807","2024 Oct 06 11:11:06 AM","2024 Oct 06 11:11:06 AM","DOHMH","Department of Health and Mental Hygiene","Rodent","Rat Sighting","Other (Explain Below)","11214","8707 19 AVENUE","19 AVENUE","BENSON AVENUE","BATH AVENUE","BENSON AVENUE","BATH AVENUE","ADDRESS","BROOKLYN","19 AVENUE","N/A","Closed",,"2024 Oct 10 01:31:20 PM","11 BROOKLYN","BROOKLYN","983,471","159,208","Unspecified","BROOKLYN",,,,,,,,"40.60366546108","-74.00280537239","POINT (-74.002805372391 40.603665461079)"
"62676913","2024 Oct 06 09:33:59 AM","2024 Oct 06 09:33:59 AM","DOHMH","Department of Health and Mental Hygiene","Rodent","Rat Sighting","3+ Family Apt. Building","11204","1432 WEST    5 STREET","WEST    5 STREET","65 STREET","AVENUE O","65 STREET","AVENUE O","ADDRESS","BROOKLYN","WEST    5 STREET","N/A","Closed",,"2024 Oct 12 08:25:23 AM","11 BROOKLYN","BROOKLYN","989,964","162,231","Unspecified","BROOKLYN",,,,,,,,"40.61196116898","-73.97941991015","POINT (-73.979419910151 40.61196116898)"
"62647685","2024 Oct 03 01:57:10 PM","2024 Oct 03 01:57:10 PM","DOHMH","Department of Health and Mental Hygiene","Rodent","Rat Sighting","Other (Explain Below)","11214","8201 BAY PARKWAY","BAY PARKWAY","82 STREET","83 STREET","82 STREET","83 STREET","ADDRESS","BROOKLYN","BAY PARKWAY","N/A","Closed",,"2024 Oct 12 10:00:45 AM","11 BROOKLYN","BROOKLYN","986,601","159,374","Unspecified","BROOKLYN",,,,,,,,"40.60412081965","-73.9915334076","POINT (-73.991533407596 40.604120819653)"
"62637882","2024 Oct 02 12:32:26 PM","2024 Oct 02 12:32:26 PM","DOHMH","Department of Health and Mental Hygiene","Rodent","Rat Sighting","3+ Family Apt. Building","11204","1744 62 STREET","62 STREET","17 AVENUE","18 AVENUE","17 AVENUE","18 AVENUE","ADDRESS","BROOKLYN","62 STREET","N/A","Closed",,"2024 Oct 12 08:47:00 AM","11 BROOKLYN","BROOKLYN","987,128","165,741","Unspecified","BROOKLYN",,,,,,,,"40.62159676643","-73.98963282314","POINT (-73.98963282314 40.621596766428)"
"62615243","2024 Sep 30 02:11:36 PM","2024 Sep 30 02:11:36 PM","DOHMH","Department of Health and Mental Hygiene","Rodent","Rat Sighting","1-2 Family Dwelling","11223","1708 WEST   13 STREET","WEST   13 STREET","QUENTIN ROAD","HIGHLAWN AVENUE","QUENTIN ROAD","HIGHLAWN AVENUE","ADDRESS","BROOKLYN","WEST   13 STREET","N/A","Closed",,"2024 Oct 02 10:18:53 AM","11 BROOKLYN","BROOKLYN","988,203","159,585","Unspecified","BROOKLYN",,,,,,,,"40.60469940184","-73.98576404513","POINT (-73.985764045125 40.604699401837)"
"62602840","2024 Sep 29 05:32:42 PM","2024 Sep 29 05:32:42 PM","DOHMH","Department of Health and Mental Hygiene","Rodent","Rat Sighting","3+ Family Apt. Building","11223","1621 WEST SECOND STREET","WEST SECOND STREET","AVENUE P","QUENTIN ROAD","AVENUE P","QUENTIN ROAD","ADDRESS","BROOKLYN","WEST    2 STREET","N/A","Closed",,"2024 Oct 02 09:50:53 AM","11 BROOKLYN","BROOKLYN","990,972","160,740","Unspecified","BROOKLYN",,,,,,,,"40.60786797293","-73.97579088508","POINT (-73.975790885082 40.607867972929)"
"62606414","2024 Sep 29 03:06:59 PM","2024 Sep 29 03:06:59 PM","DOHMH","Department of Health and Mental Hygiene","Rodent","Rat Sighting","3+ Family Apt. Building","11214","2365 81 STREET","81 STREET","23 AVENUE","24 AVENUE","23 AVENUE","24 AVENUE","ADDRESS","BROOKLYN","81 STREET","N/A","Closed",,"2024 Oct 02 10:35:00 AM","11 BROOKLYN","BROOKLYN","987,771","158,828","Unspecified","BROOKLYN",,,,,,,,"40.60262177317","-73.98732020307","POINT (-73.987320203066 40.602621773169)"
"62607413","2024 Sep 29 02:19:16 PM","2024 Sep 29 02:19:16 PM","DOHMH","Department of Health and Mental Hygiene","Rodent","Rat Sighting","1-2 Family Dwelling","11204","1713 17 AVENUE","17 AVENUE","17 AVENUE","64 STREET","17 AVENUE","64 STREET","INTERSECTION","BROOKLYN",,"N/A","Closed",,"2024 Oct 12 08:22:27 AM","11 BROOKLYN","BROOKLYN","986,515","165,564","Unspecified","BROOKLYN",,,,,,,,"40.62111111627","-73.99184104075","POINT (-73.991841040752 40.621111116268)"
"62607415","2024 Sep 29 02:09:56 PM","2024 Sep 29 02:09:56 PM","DOHMH","Department of Health and Mental Hygiene","Rodent","Rat Sighting","Other (Explain Below)","11219","6410 15 AVENUE","15 AVENUE","15 AVENUE","64 STREET","15 AVENUE","64 STREET","ADDRESS","BROOKLYN",,"N/A","Closed",,"2024 Oct 12 08:00:17 AM","11 BROOKLYN","BROOKLYN","985,181","166,541","Unspecified","BROOKLYN",,,,,,,,"40.62379301781","-73.99664622681","POINT (-73.996646226812 40.623793017813)"
"62573245","2024 Sep 26 11:17:28 AM","2024 Sep 26 11:17:28 AM","DOHMH","Department of Health and Mental Hygiene","Rodent","Rat Sighting","1-2 Family Dwelling","11204","1839 73 STREET","73 STREET","18 AVENUE","19 AVENUE","18 AVENUE","19 AVENUE","ADDRESS","BROOKLYN","73 STREET","N/A","Closed",,"2024 Oct 02 11:50:53 AM","11 BROOKLYN","BROOKLYN","985,934","162,992","Unspecified","BROOKLYN",,,,,,,,"40.61405163941","-73.99393455437","POINT (-73.993934554371 40.614051639411)"
"62567991","2024 Sep 25 04:51:28 PM","2024 Sep 25 04:51:28 PM","DOHMH","Department of Health and Mental Hygiene","Rodent","Rat Sighting","3+ Family Apt. Building","11214","220 BAY   22 STREET","BAY   22 STREET","BATH AVENUE","CROPSEY AVENUE","BATH AVENUE","CROPSEY AVENUE","ADDRESS","BROOKLYN","BAY   22 STREET","N/A","Closed",,"2024 Oct 12 01:04:24 PM","11 BROOKLYN","BROOKLYN","983,108","158,335","Unspecified","BROOKLYN",,,,,,,,"40.60126921421","-74.00411247791","POINT (-74.004112477908 40.60126921421)"
"62554728","2024 Sep 24 06:39:06 PM","2024 Sep 24 06:39:06 PM","DOHMH","Department of Health and Mental Hygiene","Rodent","Rat Sighting","Vacant Lot","11204","6307 17 AVENUE","17 AVENUE","63 STREET","SEA BEACH LINE","63 STREET","SEA BEACH LINE","ADDRESS","BROOKLYN","17 AVENUE","N/A","Closed",,"2024 Oct 02 02:02:50 PM","11 BROOKLYN","BROOKLYN","986,622","165,694","Unspecified","BROOKLYN",,,,,,,,"40.62146791116","-73.9914555608","POINT (-73.991455560799 40.621467911156)"
"62557454","2024 Sep 24 10:12:27 AM","2024 Sep 24 10:12:27 AM","DOHMH","Department of Health and Mental Hygiene","Rodent","Rat Sighting","Commercial Building","11223","1807 WEST    8 STREET","WEST    8 STREET","HIGHLAWN AVENUE","AVENUE S","HIGHLAWN AVENUE","AVENUE S","ADDRESS","BROOKLYN","WEST    8 STREET","N/A","Closed",,"2024 Sep 29 03:30:00 PM","11 BROOKLYN","BROOKLYN","989,622","158,899","Unspecified","BROOKLYN",,,,,,,,"40.60281572499","-73.98065434044","POINT (-73.980654340438 40.602815724993)"
"62540266","2024 Sep 23 04:34:03 PM","2024 Sep 23 04:34:03 PM","DOHMH","Department of Health and Mental Hygiene","Rodent","Rat Sighting","Other (Explain Below)","11214","187 BAY   19 STREET","BAY   19 STREET","BATH AVENUE","CROPSEY AVENUE","BATH AVENUE","CROPSEY AVENUE","ADDRESS","BROOKLYN","BAY   19 STREET","N/A","Closed",,"2024 Oct 02 09:35:13 AM","11 BROOKLYN","BROOKLYN","982,588","159,012","Unspecified","BROOKLYN",,,,,,,,"40.60312735936","-74.00598522636","POINT (-74.005985226365 40.603127359364)"
"62549067","2024 Sep 23 03:44:11 PM","2024 Sep 23 03:44:11 PM","DOHMH","Department of Health and Mental Hygiene","Rodent","Rat Sighting","3+ Family Apt. Building","11214","8809 21 AVENUE","21 AVENUE","BATH AVENUE","CROPSEY AVENUE","BATH AVENUE","CROPSEY AVENUE","ADDRESS","BROOKLYN","21 AVENUE","N/A","Closed",,"2024 Oct 02 11:21:36 AM","11 BROOKLYN","BROOKLYN","984,156","157,554","Unspecified","BROOKLYN",,,,,,,,"40.59912560058","-74.00033849432","POINT (-74.000338494319 40.599125600582)"
"62533853","2024 Sep 22 02:11:35 PM","2024 Sep 22 02:11:35 PM","DOHMH","Department of Health and Mental Hygiene","Rodent","Rat Sighting","Vacant Building","11204","1977 65 STREET","65 STREET","19 AVENUE","20 AVENUE","19 AVENUE","20 AVENUE","ADDRESS","BROOKLYN","65 STREET","N/A","Closed",,"2024 Oct 02 02:41:00 PM","11 BROOKLYN","BROOKLYN","987,989","164,044","Unspecified","BROOKLYN",,,,,,,,"40.61693853286","-73.98653225529","POINT (-73.986532255287 40.616938532858)"
"62521060","2024 Sep 21 06:25:06 PM","2024 Sep 26 03:09:11 PM","DOHMH","Department of Health and Mental Hygiene","Rodent","Rat Sighting","1-2 Family Dwelling","11223","1754 WEST    1 STREET","WEST    1 STREET","QUENTIN ROAD","KINGS HIGHWAY","QUENTIN ROAD","KINGS HIGHWAY","ADDRESS","BROOKLYN","WEST    1 STREET","N/A","Closed",,"2024 Sep 21 06:25:06 PM","11 BROOKLYN","BROOKLYN","991,377","159,717","Unspecified","BROOKLYN",,,,,,,,"40.60505973065","-73.97433336732","POINT (-73.974333367319 40.605059730652)"
"62484561","2024 Sep 18 09:15:54 AM","2024 Sep 18 09:15:54 AM","DOHMH","Department of Health and Mental Hygiene","Rodent","Rat Sighting","3+ Family Apt. Building","11214","2361 81 STREET","81 STREET","23 AVENUE","24 AVENUE","23 AVENUE","24 AVENUE","ADDRESS","BROOKLYN","81 STREET","N/A","Closed",,"2024 Sep 29 02:25:00 PM","11 BROOKLYN","BROOKLYN","987,753","158,842","Unspecified","BROOKLYN",,,,,,,,"40.60266020746","-73.98738501726","POINT (-73.98738501726 40.602660207455)"
"62493321","2024 Sep 18 08:47:41 AM","2024 Sep 18 08:47:41 AM","DOHMH","Department of Health and Mental Hygiene","Rodent","Rat Sighting","1-2 Family Dwelling","11214","1655 78 STREET","78 STREET","16 AVENUE","NEW UTRECHT AVENUE","16 AVENUE","NEW UTRECHT AVENUE","ADDRESS","BROOKLYN","78 STREET","N/A","Closed",,"2024 Oct 02 12:17:53 PM","11 BROOKLYN","BROOKLYN","983,891","162,904","Unspecified","BROOKLYN",,,,,,,,"40.61381025033","-74.0012930446","POINT (-74.001293044599 40.613810250333)"
"62479277","2024 Sep 17 10:57:26 PM","2024 Sep 26 11:50:46 AM","DOHMH","Department of Health and Mental Hygiene","Rodent","Rat Sighting","Other (Explain Below)","11214","1637 76 STREET","76 STREET","16 AVENUE","NEW UTRECHT AVENUE","16 AVENUE","NEW UTRECHT AVENUE","ADDRESS","BROOKLYN","76 STREET","N/A","Closed",,"2024 Sep 17 10:57:26 PM","11 BROOKLYN","BROOKLYN","984,102","163,398","Unspecified","BROOKLYN",,,,,,,,"40.61516618431","-74.00053307657","POINT (-74.000533076568 40.615166184307)"
"62477936","2024 Sep 17 10:24:46 PM","2024 Sep 17 10:24:46 PM","DOHMH","Department of Health and Mental Hygiene","Rodent","Rat Sighting","1-2 Family Dwelling","11214","1637 76 STREET","76 STREET","16 AVENUE","NEW UTRECHT AVENUE","16 AVENUE","NEW UTRECHT AVENUE","ADDRESS","BROOKLYN","76 STREET","N/A","Closed",,"2024 Oct 02 12:40:50 PM","11 BROOKLYN","BROOKLYN","984,102","163,398","Unspecified","BROOKLYN",,,,,,,,"40.61516618431","-74.00053307657","POINT (-74.000533076568 40.615166184307)"
"62475255","2024 Sep 17 02:52:02 PM","2024 Sep 17 02:52:02 PM","DOHMH","Department of Health and Mental Hygiene","Rodent","Rat Sighting","3+ Family Apt. Building","11214","2347 81 STREET","81 STREET","23 AVENUE","24 AVENUE","23 AVENUE","24 AVENUE","ADDRESS","BROOKLYN","81 STREET","N/A","Closed",,"2024 Sep 29 01:05:00 PM","11 BROOKLYN","BROOKLYN","987,691","158,891","Unspecified","BROOKLYN",,,,,,,,"40.60279472678","-73.98760826633","POINT (-73.987608266326 40.60279472678)"
"62473628","2024 Sep 17 02:45:37 PM","2024 Sep 17 02:45:37 PM","DOHMH","Department of Health and Mental Hygiene","Rodent","Rat Sighting","3+ Family Apt. Building","11214","2357 81 STREET","81 STREET","23 AVENUE","24 AVENUE","23 AVENUE","24 AVENUE","ADDRESS","BROOKLYN","81 STREET","N/A","Closed",,"2024 Sep 29 02:05:00 PM","11 BROOKLYN","BROOKLYN","987,735","158,856","Unspecified","BROOKLYN",,,,,,,,"40.6026986417","-73.98744983153","POINT (-73.987449831529 40.602698641705)"
"62477947","2024 Sep 17 01:49:48 PM","2024 Sep 17 01:49:48 PM","DOHMH","Department of Health and Mental Hygiene","Rodent","Rat Sighting","1-2 Family Dwelling","11204","1841 65 STREET","65 STREET","18 AVENUE","19 AVENUE","18 AVENUE","19 AVENUE","ADDRESS","BROOKLYN","65 STREET","N/A","Closed",,"2024 Oct 02 02:30:50 PM","11 BROOKLYN","BROOKLYN","987,234","164,642","Unspecified","BROOKLYN",,,,,,,,"40.61858020519","-73.98925147404","POINT (-73.989251474041 40.618580205186)"
"62462503","2024 Sep 16 10:42:29 PM","2024 Sep 16 10:42:29 PM","DOHMH","Department of Health and Mental Hygiene","Rodent","Rat Sighting","Other (Explain Below)","11223","116 AVENUE S","AVENUE S","WEST 10 STREET","WEST 9 STREET","WEST   10 STREET","WEST    9 STREET","ADDRESS","BROOKLYN","AVENUE S","N/A","Closed",,"2024 Sep 29 02:55:00 PM","11 BROOKLYN","BROOKLYN","989,388","158,165","Unspecified","BROOKLYN",,,,,,,,"40.60080118288","-73.9814975801","POINT (-73.981497580104 40.600801182879)"
"62459287","2024 Sep 16 09:38:52 PM","2024 Sep 16 09:38:52 PM","DOHMH","Department of Health and Mental Hygiene","Rodent","Rat Sighting","3+ Family Apt. Building","11204","1913 70 STREET","70 STREET","19 AVENUE","20 AVENUE","19 AVENUE","20 AVENUE","ADDRESS","BROOKLYN","70 STREET","N/A","Closed",,"2024 Oct 02 11:24:53 AM","11 BROOKLYN","BROOKLYN","986,891","163,230","Unspecified","BROOKLYN",,,,,,,,"40.61470466668","-73.9904875305","POINT (-73.990487530504 40.614704666677)"
"62462677","2024 Sep 16 12:59:13 PM","2024 Sep 16 12:59:13 PM","DOHMH","Department of Health and Mental Hygiene","Rodent","Rat Sighting","1-2 Family Dwelling","11204","1931 70 STREET","70 STREET","19 AVENUE","20 AVENUE","19 AVENUE","20 AVENUE","ADDRESS","BROOKLYN","70 STREET","N/A","Closed",,"2024 Oct 02 11:11:53 AM","11 BROOKLYN","BROOKLYN","986,970","163,168","Unspecified","BROOKLYN",,,,,,,,"40.61453446559","-73.99020300982","POINT (-73.990203009821 40.614534465591)"
"62423967","2024 Sep 13 01:46:43 PM","2024 Sep 13 01:46:43 PM","DOHMH","Department of Health and Mental Hygiene","Rodent","Rat Sighting","3+ Family Mixed Use Building","11204","106 AVENUE O","AVENUE O","WEST 7 STREET","WEST 6 STREET","WEST    7 STREET","WEST    6 STREET","ADDRESS","BROOKLYN","AVENUE O","N/A","Closed",,"2024 Sep 29 11:15:00 AM","11 BROOKLYN","BROOKLYN","989,518","161,710","Unspecified","BROOKLYN",,,,,,,,"40.61053140757","-73.98102667287","POINT (-73.981026672871 40.610531407567)"
"62421133","2024 Sep 13 10:39:03 AM","2024 Sep 13 10:39:03 AM","DOHMH","Department of Health and Mental Hygiene","Rodent","Rat Sighting","Vacant Building","11223","137 KINGS HIGHWAY","KINGS HIGHWAY","STILLWELL AVENUE","WEST 13 STREET","STILLWELL AVENUE","WEST   13 STREET","ADDRESS","BROOKLYN","KINGS HIGHWAY","N/A","Closed",,"2024 Sep 29 11:55:00 AM","11 BROOKLYN","BROOKLYN","987,999","160,045","Unspecified","BROOKLYN",,,,,,,,"40.6059620966","-73.9864984558","POINT (-73.986498455802 40.605962096602)"
"62412151","2024 Sep 12 10:31:16 AM","2024 Sep 12 10:31:16 AM","DOHMH","Department of Health and Mental Hygiene","Rodent","Rat Sighting","3+ Family Apt. Building","11214","8224 BAY PARKWAY","BAY PARKWAY","82 STREET","83 STREET","82 STREET","83 STREET","ADDRESS","BROOKLYN","BAY PARKWAY","N/A","Closed",,"2024 Sep 29 12:30:00 PM","11 BROOKLYN","BROOKLYN","986,569","159,343","Unspecified","BROOKLYN",,,,,,,,"40.6040357394","-73.99164865897","POINT (-73.991648658969 40.604035739401)"
"62409101","2024 Sep 12 08:50:59 AM","2024 Sep 12 08:50:59 AM","DOHMH","Department of Health and Mental Hygiene","Rodent","Rat Sighting","3+ Family Apt. Building","11214","200 BAY   22 STREET","BAY   22 STREET","BATH AVENUE","CROPSEY AVENUE","BATH AVENUE","CROPSEY AVENUE","ADDRESS","BROOKLYN","BAY   22 STREET","N/A","Closed",,"2024 Sep 16 01:02:16 PM","11 BROOKLYN","BROOKLYN","983,192","158,440","Unspecified","BROOKLYN",,,,,,,,"40.60155742832","-74.00381000036","POINT (-74.003810000357 40.60155742832)"
"62403848","2024 Sep 11 02:16:28 PM","2024 Sep 12 04:03:18 PM","DOHMH","Department of Health and Mental Hygiene","Rodent","Rat Sighting","3+ Family Apt. Building","11214","8020 BAY PARKWAY","BAY PARKWAY","80 STREET","81 STREET","80 STREET","81 STREET","ADDRESS","BROOKLYN","BAY PARKWAY","N/A","Closed",,"2024 Sep 11 02:16:28 PM","11 BROOKLYN","BROOKLYN","986,896","159,756","Unspecified","BROOKLYN",,,,,,,,"40.60516924859","-73.99047088247","POINT (-73.990470882469 40.605169248592)"
"62401496","2024 Sep 11 02:06:11 PM","2024 Sep 11 02:06:11 PM","DOHMH","Department of Health and Mental Hygiene","Rodent","Rat Sighting","3+ Family Apt. Building","11214","8650 BAY PARKWAY","BAY PARKWAY","86 STREET","BENSON AVENUE","86 STREET","BENSON AVENUE","ADDRESS","BROOKLYN","BAY PARKWAY","N/A","Closed",,"2024 Sep 29 01:17:19 PM","11 BROOKLYN","BROOKLYN","985,686","158,230","Unspecified","BROOKLYN",,,,,,,,"40.60098096776","-73.99482881543","POINT (-73.994828815428 40.600980967756)"
"62405120","2024 Sep 11 01:42:40 PM","2024 Sep 11 01:42:40 PM","DOHMH","Department of Health and Mental Hygiene","Rodent","Rat Sighting","1-2 Family Dwelling","11204","2017 73 STREET","73 STREET","20 AVENUE","21 AVENUE","20 AVENUE","21 AVENUE","ADDRESS","BROOKLYN","73 STREET","N/A","Closed",,"2024 Sep 15 11:09:23 AM","11 BROOKLYN","BROOKLYN","987,034","162,120","Unspecified","BROOKLYN",,,,,,,,"40.61165790185","-73.98997292449","POINT (-73.989972924492 40.611657901847)"
"62392060","2024 Sep 10 06:45:43 PM","2024 Sep 10 06:45:43 PM","DOHMH","Department of Health and Mental Hygiene","Rodent","Rat Sighting","3+ Family Apt. Building","11223","122 HIGHLAWN AVENUE","HIGHLAWN AVENUE","WEST 9 STREET","WEST 8 STREET","WEST    9 STREET","WEST    8 STREET","ADDRESS","BROOKLYN","HIGHLAWN AVENUE","N/A","Closed",,"2024 Sep 13 10:16:02 AM","11 BROOKLYN","BROOKLYN","989,376","159,028","Unspecified","BROOKLYN",,,,,,,,"40.60316994945","-73.98154013832","POINT (-73.981540138316 40.603169949449)"
"62396239","2024 Sep 10 06:41:56 PM","2024 Sep 10 06:41:56 PM","DOHMH","Department of Health and Mental Hygiene","Rodent","Rat Sighting","1-2 Family Dwelling","11223","1849 WEST    8 STREET","WEST    8 STREET","HIGHLAWN AVENUE","AVENUE S","HIGHLAWN AVENUE","AVENUE S","ADDRESS","BROOKLYN","WEST    8 STREET","N/A","Closed",,"2024 Sep 13 12:15:15 PM","11 BROOKLYN","BROOKLYN","989,659","158,645","Unspecified","BROOKLYN",,,,,,,,"40.60211852414","-73.98052129935","POINT (-73.980521299352 40.60211852414)"
"62396241","2024 Sep 10 06:37:35 PM","2024 Sep 10 06:37:35 PM","DOHMH","Department of Health and Mental Hygiene","Rodent","Rat Sighting","Other (Explain Below)","11223","1841 WEST    8 STREET","WEST    8 STREET","HIGHLAWN AVENUE","AVENUE S","HIGHLAWN AVENUE","AVENUE S","ADDRESS","BROOKLYN","WEST    8 STREET","N/A","Closed",,"2024 Sep 13 10:35:11 AM","11 BROOKLYN","BROOKLYN","989,652","158,694","Unspecified","BROOKLYN",,,,,,,,"40.60225302345","-73.98054646832","POINT (-73.980546468317 40.602253023449)"
"62390886","2024 Sep 10 10:39:30 AM","2024 Sep 10 10:39:30 AM","DOHMH","Department of Health and Mental Hygiene","Rodent","Rat Sighting","3+ Family Apt. Building","11214","189 BAY   20 STREET","BAY   20 STREET","BATH AVENUE","CROPSEY AVENUE","BATH AVENUE","CROPSEY AVENUE","ADDRESS","BROOKLYN","BAY   20 STREET","N/A","Closed",,"2024 Sep 16 12:55:02 PM","11 BROOKLYN","BROOKLYN","982,825","158,816","Unspecified","BROOKLYN",,,,,,,,"40.60258942051","-74.00513169606","POINT (-74.005131696059 40.602589420509)"
"62380781","2024 Sep 09 06:51:40 PM","2024 Sep 20 09:58:58 AM","DOHMH","Department of Health and Mental Hygiene","Rodent","Rat Sighting","3+ Family Apt. Building","11214","288 BAY   38 STREET","BAY   38 STREET","CROPSEY AVENUE","SHORE PARKWAY","CROPSEY AVENUE","SHORE PARKWAY","ADDRESS","BROOKLYN","BAY   38 STREET","N/A","Closed",,"2024 Sep 09 06:51:40 PM","11 BROOKLYN","BROOKLYN","985,933","155,274","Unspecified","BROOKLYN",,,,,,,,"40.59286730084","-73.99394007928","POINT (-73.99394007928 40.592867300841)"
"62382301","2024 Sep 09 06:43:46 PM","2024 Sep 13 02:27:31 PM","DOHMH","Department of Health and Mental Hygiene","Rodent","Rat Sighting","1-2 Family Dwelling","11214","177 BAY   20 STREET","BAY   20 STREET","BATH AVENUE","CROPSEY AVENUE","BATH AVENUE","CROPSEY AVENUE","ADDRESS","BROOKLYN","BAY   20 STREET","N/A","Closed",,"2024 Sep 09 06:43:46 PM","11 BROOKLYN","BROOKLYN","982,877","158,881","Unspecified","BROOKLYN",,,,,,,,"40.6027678405","-74.00494444738","POINT (-74.00494444738 40.6027678405)"
"62382465","2024 Sep 09 06:15:45 PM","2024 Sep 12 04:03:18 PM","DOHMH","Department of Health and Mental Hygiene","Rodent","Rat Sighting","3+ Family Apt. Building","11214","8020 BAY PARKWAY","BAY PARKWAY","80 STREET","81 STREET","80 STREET","81 STREET","ADDRESS","BROOKLYN","BAY PARKWAY","N/A","Closed",,"2024 Sep 09 06:15:45 PM","11 BROOKLYN","BROOKLYN","986,896","159,756","Unspecified","BROOKLYN",,,,,,,,"40.60516924859","-73.99047088247","POINT (-73.990470882469 40.605169248592)"
"62333890","2024 Sep 05 11:57:31 AM","2024 Sep 06 10:59:08 AM","DOHMH","Department of Health and Mental Hygiene","Rodent","Rat Sighting","1-2 Family Dwelling","11214","1849 BENSON AVENUE","BENSON AVENUE","BAY 20 STREET","19 AVENUE","BAY   20 STREET","19 AVENUE","ADDRESS","BROOKLYN","BENSON AVENUE","N/A","Closed",,"2024 Sep 05 11:57:31 AM","11 BROOKLYN","BROOKLYN","983,337","159,404","Unspecified","BROOKLYN",,,,,,,,"40.60420342836","-74.00328796615","POINT (-74.00328796615 40.604203428363)"
"62328366","2024 Sep 04 11:48:04 AM","2024 Sep 12 04:03:18 PM","DOHMH","Department of Health and Mental Hygiene","Rodent","Rat Sighting","3+ Family Apt. Building","11214","8020 BAY PARKWAY","BAY PARKWAY","80 STREET","81 STREET","80 STREET","81 STREET","ADDRESS","BROOKLYN","BAY PARKWAY","N/A","Closed",,"2024 Sep 04 11:48:04 AM","11 BROOKLYN","BROOKLYN","986,896","159,756","Unspecified","BROOKLYN",,,,,,,,"40.60516924859","-73.99047088247","POINT (-73.990470882469 40.605169248592)"
"62327046","2024 Sep 04 11:11:19 AM","2024 Sep 04 11:11:19 AM","DOHMH","Department of Health and Mental Hygiene","Rodent","Rat Sighting","1-2 Family Dwelling","11214","177 BAY   20 STREET","BAY   20 STREET","BATH AVENUE","CROPSEY AVENUE","BATH AVENUE","CROPSEY AVENUE","ADDRESS","BROOKLYN","BAY   20 STREET","N/A","Closed",,"2024 Sep 16 12:50:28 PM","11 BROOKLYN","BROOKLYN","982,877","158,881","Unspecified","BROOKLYN",,,,,,,,"40.6027678405","-74.00494444738","POINT (-74.00494444738 40.6027678405)"
"62313085","2024 Sep 03 09:42:36 AM","2024 Sep 03 09:42:36 AM","DOHMH","Department of Health and Mental Hygiene","Rodent","Rat Sighting","1-2 Family Dwelling","11204","6635 WALLASTON COURT","WALLASTON COURT","66 STREET","67 STREET","66 STREET","67 STREET","ADDRESS","BROOKLYN","WALLASTON COURT","N/A","Closed",,"2024 Sep 07 09:30:00 AM","11 BROOKLYN","BROOKLYN","985,906","165,154","Unspecified","BROOKLYN",,,,,,,,"40.61998588645","-73.99403487473","POINT (-73.99403487473 40.619985886447)"
"62287010","2024 Aug 31 04:23:53 PM","2024 Aug 31 04:23:53 PM","DOHMH","Department of Health and Mental Hygiene","Rodent","Rat Sighting","1-2 Family Dwelling","11214","2064 BATH AVENUE","BATH AVENUE","BAY 26 STREET","21 AVENUE","BAY   26 STREET","21 AVENUE","ADDRESS","BROOKLYN","BATH AVENUE","N/A","Closed",,"2024 Sep 29 01:58:03 PM","11 BROOKLYN","BROOKLYN","984,273","157,987","Unspecified","BROOKLYN",,,,,,,,"40.60031409835","-73.99991717545","POINT (-73.999917175448 40.600314098347)"
"62283548","2024 Aug 30 10:18:37 AM","2024 Sep 16 11:35:15 AM","DOHMH","Department of Health and Mental Hygiene","Rodent","Rat Sighting","1-2 Family Dwelling","11214","8627 BAY   16 STREET","BAY   16 STREET","86 STREET","BENSON AVENUE","86 STREET","BENSON AVENUE","ADDRESS","BROOKLYN","BAY   16 STREET","N/A","Closed",,"2024 Aug 30 10:18:37 AM","11 BROOKLYN","BROOKLYN","982,928","160,608","Unspecified","BROOKLYN",,,,,,,,"40.60750811091","-74.00476112422","POINT (-74.004761124221 40.60750811091)"
"62262815","2024 Aug 28 02:32:25 PM","2024 Sep 13 04:11:44 PM","DOHMH","Department of Health and Mental Hygiene","Rodent","Rat Sighting","1-2 Family Dwelling","11214","1621 76 STREET","76 STREET","16 AVENUE","NEW UTRECHT AVENUE","16 AVENUE","NEW UTRECHT AVENUE","ADDRESS","BROOKLYN","76 STREET","N/A","Closed",,"2024 Aug 28 02:32:25 PM","11 BROOKLYN","BROOKLYN","984,013","163,469","Unspecified","BROOKLYN",,,,,,,,"40.61536106269","-74.00085364537","POINT (-74.000853645375 40.615361062688)"
"62227328","2024 Aug 25 11:38:34 PM","2024 Aug 26 12:06:43 PM","DOHMH","Department of Health and Mental Hygiene","Rodent","Rat Sighting","3+ Family Apt. Building","11214","8020 BAY PARKWAY","BAY PARKWAY","80 STREET","81 STREET","80 STREET","81 STREET","ADDRESS","BROOKLYN","BAY PARKWAY","N/A","Closed",,"2024 Aug 25 11:38:34 PM","11 BROOKLYN","BROOKLYN","986,896","159,756","Unspecified","BROOKLYN",,,,,,,,"40.60516924859","-73.99047088247","POINT (-73.990470882469 40.605169248592)"
"62232381","2024 Aug 25 05:55:43 PM","2024 Aug 26 11:18:09 AM","DOHMH","Department of Health and Mental Hygiene","Rodent","Rat Sighting","3+ Family Apt. Building","11204","6417 19 AVENUE","19 AVENUE","64 STREET","65 STREET","64 STREET","65 STREET","ADDRESS","BROOKLYN","19 AVENUE","N/A","Closed",,"2024 Aug 25 05:55:43 PM","11 BROOKLYN","BROOKLYN","987,694","164,536","Unspecified","BROOKLYN",,,,,,,,"40.61828909034","-73.98759458378","POINT (-73.987594583784 40.61828909034)"
"62228246","2024 Aug 25 12:15:37 PM","2024 Aug 25 12:15:37 PM","DOHMH","Department of Health and Mental Hygiene","Rodent","Rat Sighting","3+ Family Apt. Building","11204","1756 63 STREET","63 STREET","17 AVENUE","18 AVENUE","17 AVENUE","18 AVENUE","ADDRESS","BROOKLYN","63 STREET","N/A","Closed",,"2024 Sep 07 10:14:09 AM","11 BROOKLYN","BROOKLYN","987,021","165,492","Unspecified","BROOKLYN",,,,,,,,"40.62091334747","-73.99001836243","POINT (-73.990018362426 40.620913347468)"
"62233559","2024 Aug 25 07:29:44 AM","2024 Aug 25 07:29:44 AM","DOHMH","Department of Health and Mental Hygiene","Rodent","Rat Sighting","3+ Family Apt. Building","11204","1644 66 STREET","66 STREET","OVINGTON COURT","CAMERON COURT","OVINGTON COURT","CAMERON COURT","ADDRESS","BROOKLYN","66 STREET","N/A","Closed",,"2024 Sep 07 09:45:09 AM","11 BROOKLYN","BROOKLYN","985,790","165,421","Unspecified","BROOKLYN",,,,,,,,"40.62071876676","-73.99445266076","POINT (-73.994452660762 40.62071876676)"
"62223979","2024 Aug 24 11:07:03 PM","2024 Aug 24 11:07:03 PM","DOHMH","Department of Health and Mental Hygiene","Rodent","Rat Sighting","1-2 Family Dwelling","11223","1855 WEST    8 STREET","WEST    8 STREET","HIGHLAWN AVENUE","AVENUE S","HIGHLAWN AVENUE","AVENUE S","ADDRESS","BROOKLYN","WEST    8 STREET","N/A","Closed",,"2024 Sep 13 12:23:11 PM","11 BROOKLYN","BROOKLYN","989,664","158,609","Unspecified","BROOKLYN",,,,,,,,"40.6020197084","-73.98050332238","POINT (-73.980503322383 40.602019708404)"
"62214347","2024 Aug 23 10:24:34 PM","2024 Aug 23 10:24:34 PM","DOHMH","Department of Health and Mental Hygiene","Rodent","Rat Sighting","3+ Family Mixed Use Building","11204","6706 20 AVENUE","20 AVENUE","67 STREET","68 STREET","67 STREET","68 STREET","ADDRESS","BROOKLYN","20 AVENUE","N/A","Closed",,"2024 Sep 07 08:00:09 AM","11 BROOKLYN","BROOKLYN","987,806","163,431","Unspecified","BROOKLYN",,,,,,,,"40.61525605014","-73.9871917376","POINT (-73.987191737603 40.61525605014)"
"62214123","2024 Aug 23 12:18:32 PM","2024 Aug 23 05:27:47 PM","DOHMH","Department of Health and Mental Hygiene","Rodent","Rat Sighting","3+ Family Apt. Building","11223","102 AVENUE S","AVENUE S","WEST 10 STREET","WEST 9 STREET","WEST   10 STREET","WEST    9 STREET","ADDRESS","BROOKLYN","AVENUE S","N/A","Closed",,"2024 Aug 23 12:18:32 PM","11 BROOKLYN","BROOKLYN","989,274","158,148","Unspecified","BROOKLYN",,,,,,,,"40.60075458669","-73.98190811743","POINT (-73.981908117428 40.600754586688)"
"62187541","2024 Aug 21 08:36:51 PM","2024 Aug 21 08:36:51 PM","DOHMH","Department of Health and Mental Hygiene","Rodent","Rat Sighting","1-2 Family Dwelling","11214","200 BAY   23 STREET","BAY   23 STREET","BATH AVENUE","CROPSEY AVENUE","BATH AVENUE","CROPSEY AVENUE","ADDRESS","BROOKLYN","BAY   23 STREET","N/A","Closed",,"2024 Aug 26 10:17:39 AM","11 BROOKLYN","BROOKLYN","983,387","158,279","Unspecified","BROOKLYN",,,,,,,,"40.60111553714","-74.00310775855","POINT (-74.003107758551 40.601115537135)"
"62176062","2024 Aug 20 11:40:29 AM","2024 Aug 20 11:40:29 AM","DOHMH","Department of Health and Mental Hygiene","Rodent","Rat Sighting","Other (Explain Below)","11223","2058 WEST    9 STREET","WEST    9 STREET","AVENUE T","AVENUE U","AVENUE T","AVENUE U","ADDRESS","BROOKLYN","WEST    9 STREET","N/A","Closed",,"2024 Aug 26 12:23:06 PM","11 BROOKLYN","BROOKLYN","989,650","156,844","Unspecified","BROOKLYN",,,,,,,,"40.59717514951","-73.98055514953","POINT (-73.980555149531 40.597175149507)"
"62173449","2024 Aug 19 08:14:33 PM","2024 Aug 23 05:21:03 PM","DOHMH","Department of Health and Mental Hygiene","Rodent","Rat Sighting","1-2 Family Dwelling","11223","1637 WEST    8 STREET","WEST    8 STREET","AVENUE P","QUENTIN ROAD","AVENUE P","QUENTIN ROAD","ADDRESS","BROOKLYN","WEST    8 STREET","N/A","Closed",,"2024 Aug 19 08:14:33 PM","11 BROOKLYN","BROOKLYN","989,401","160,421","Unspecified","BROOKLYN",,,,,,,,"40.60699343569","-73.98144904541","POINT (-73.981449045407 40.606993435693)"
"62174601","2024 Aug 19 09:51:15 AM","2024 Aug 19 09:51:15 AM","DOHMH","Department of Health and Mental Hygiene","Rodent","Rat Sighting","1-2 Family Dwelling","11204","1439 DAHILL ROAD","DAHILL ROAD","24 AVENUE","62 STREET","24 AVENUE","62 STREET","ADDRESS","BROOKLYN","DAHILL ROAD","N/A","Closed",,"2024 Sep 15 08:52:36 AM","11 BROOKLYN","BROOKLYN","991,243","162,559","Unspecified","BROOKLYN",,,,,,,,"40.61286054428","-73.97481300177","POINT (-73.974813001765 40.612860544281)"
"62160735","2024 Aug 19 12:50:58 AM","2024 Aug 19 11:32:00 AM","DOHMH","Department of Health and Mental Hygiene","Rodent","Rat Sighting","3+ Family Apt. Building","11214","171 BAY   17 STREET","BAY   17 STREET","BATH AVENUE","CROPSEY AVENUE","BATH AVENUE","CROPSEY AVENUE","ADDRESS","BROOKLYN","BAY   17 STREET","N/A","Closed",,"2024 Aug 19 12:50:58 AM","11 BROOKLYN","BROOKLYN","982,278","159,381","Unspecified","BROOKLYN",,,,,,,,"40.60414012567","-74.00710171206","POINT (-74.007101712055 40.604140125669)"
"62151635","2024 Aug 17 03:56:10 PM","2024 Aug 17 03:56:10 PM","DOHMH","Department of Health and Mental Hygiene","Rodent","Rat Sighting","1-2 Family Dwelling","11204","6417 19 AVENUE","19 AVENUE","64 STREET","65 STREET","64 STREET","65 STREET","ADDRESS","BROOKLYN","19 AVENUE","N/A","Closed",,"2024 Aug 19 11:43:51 AM","11 BROOKLYN","BROOKLYN","987,694","164,536","Unspecified","BROOKLYN",,,,,,,,"40.61828909034","-73.98759458378","POINT (-73.987594583784 40.61828909034)"
"62129165","2024 Aug 15 10:34:34 PM","2024 Aug 15 10:34:34 PM","DOHMH","Department of Health and Mental Hygiene","Rodent","Rat Sighting","1-2 Family Dwelling","11223","1637 WEST    8 STREET","WEST    8 STREET","AVENUE P","QUENTIN ROAD","AVENUE P","QUENTIN ROAD","ADDRESS","BROOKLYN","WEST    8 STREET","N/A","Closed",,"2024 Aug 26 02:34:06 PM","11 BROOKLYN","BROOKLYN","989,401","160,421","Unspecified","BROOKLYN",,,,,,,,"40.60699343569","-73.98144904541","POINT (-73.981449045407 40.606993435693)"
"62131728","2024 Aug 15 03:41:43 AM","2024 Aug 15 03:41:43 AM","DOHMH","Department of Health and Mental Hygiene","Rodent","Rat Sighting","3+ Family Apt. Building","11223","102 AVENUE S","AVENUE S","WEST 10 STREET","WEST 9 STREET","WEST   10 STREET","WEST    9 STREET","ADDRESS","BROOKLYN","AVENUE S","N/A","Closed",,"2024 Aug 26 12:46:06 PM","11 BROOKLYN","BROOKLYN","989,274","158,148","Unspecified","BROOKLYN",,,,,,,,"40.60075458669","-73.98190811743","POINT (-73.981908117428 40.600754586688)"
"62125621","2024 Aug 14 10:21:22 PM","2024 Aug 14 10:21:22 PM","DOHMH","Department of Health and Mental Hygiene","Rodent","Rat Sighting","3+ Family Apt. Building","11214","2070 20 LANE","20 LANE","BEND","21 DRIVE","BEND","21 DRIVE","ADDRESS","BROOKLYN","20 LANE","N/A","Closed",,"2024 Aug 21 11:19:45 AM","11 BROOKLYN","BROOKLYN","983,450","157,088","Unspecified","BROOKLYN",,,,,,,,"40.59784648921","-74.00288074753","POINT (-74.002880747529 40.597846489208)"
"62121709","2024 Aug 14 03:00:49 PM","2024 Aug 14 03:00:49 PM","DOHMH","Department of Health and Mental Hygiene","Rodent","Rat Sighting","Other (Explain Below)","11214","127 BAY   14 STREET","BAY   14 STREET","BENSON AVENUE","BATH AVENUE","BENSON AVENUE","BATH AVENUE","ADDRESS","BROOKLYN","BAY   14 STREET","N/A","Closed",,"2024 Aug 21 01:31:45 PM","11 BROOKLYN","BROOKLYN","981,938","160,253","Unspecified","BROOKLYN",,,,,,,,"40.60653350553","-74.00832644366","POINT (-74.00832644366 40.606533505527)"
"62066351","2024 Aug 09 05:05:42 PM","2024 Aug 09 05:05:42 PM","DOHMH","Department of Health and Mental Hygiene","Rodent","Rat Sighting","3+ Family Apt. Building","11228","7908 15 AVENUE","15 AVENUE","79 STREET","80 STREET","79 STREET","80 STREET","ADDRESS","BROOKLYN","15 AVENUE","N/A","Closed",,"2024 Aug 19 02:40:46 PM","11 BROOKLYN","BROOKLYN","982,716","163,430","Unspecified","BROOKLYN",,,,,,,,"40.61525388613","-74.00552527385","POINT (-74.005525273853 40.615253886134)"
"62069171","2024 Aug 09 04:04:54 PM","2024 Aug 09 04:04:54 PM","DOHMH","Department of Health and Mental Hygiene","Rodent","Rat Sighting","Commercial Building","11219","6301 NEW UTRECHT AVENUE","NEW UTRECHT AVENUE","63 STREET","64 STREET","63 STREET","64 STREET","ADDRESS","BROOKLYN","NEW UTRECHT AVENUE","N/A","Closed",,"2024 Aug 19 09:53:51 AM","11 BROOKLYN","BROOKLYN","985,009","167,043","Unspecified","BROOKLYN",,,,,,,,"40.62517091907","-73.99726577186","POINT (-73.997265771857 40.625170919071)"
"62025136","2024 Aug 05 06:09:11 AM","2024 Aug 05 06:09:11 AM","DOHMH","Department of Health and Mental Hygiene","Rodent","Rat Sighting","Other (Explain Below)","11204","1643 BAY RIDGE PARKWAY","BAY RIDGE PARKWAY","NEW UTRECHT AVENUE","17 AVENUE","NEW UTRECHT AVENUE","17 AVENUE","ADDRESS","BROOKLYN","BAY RIDGE PARKWAY","N/A","Closed",,"2024 Aug 19 01:48:46 PM","11 BROOKLYN","BROOKLYN","984,394","163,524","Unspecified","BROOKLYN",,,,,,,,"40.61551202831","-73.99948132822","POINT (-73.99948132822 40.61551202831)"
"62026619","2024 Aug 05 06:06:05 AM","2024 Aug 05 06:06:05 AM","DOHMH","Department of Health and Mental Hygiene","Rodent","Rat Sighting","Other (Explain Below)","11204","7425 NEW UTRECHT AVENUE","NEW UTRECHT AVENUE","74 STREET","BAY RIDGE PARKWAY","74 STREET","BAY RIDGE PARKWAY","ADDRESS","BROOKLYN","NEW UTRECHT AVENUE","N/A","Closed",,"2024 Aug 19 01:58:46 PM","11 BROOKLYN","BROOKLYN","984,313","163,829","Unspecified","BROOKLYN",,,,,,,,"40.61634919112","-73.99977307825","POINT (-73.99977307825 40.616349191117)"
"62025122","2024 Aug 05 02:18:27 AM","2024 Aug 05 02:18:27 AM","DOHMH","Department of Health and Mental Hygiene","Rodent","Rat Sighting","3+ Family Apt. Building","11214","8020 BAY PARKWAY","BAY PARKWAY","80 STREET","81 STREET","80 STREET","81 STREET","ADDRESS","BROOKLYN","BAY PARKWAY","N/A","Closed",,"2024 Aug 18 10:35:00 AM","11 BROOKLYN","BROOKLYN","986,896","159,756","Unspecified","BROOKLYN",,,,,,,,"40.60516924859","-73.99047088247","POINT (-73.990470882469 40.605169248592)"
"62014266","2024 Aug 03 06:24:20 AM","2024 Aug 05 01:36:29 PM","DOHMH","Department of Health and Mental Hygiene","Rodent","Rat Sighting","3+ Family Apt. Building","11223","1754 WEST    1 STREET","WEST    1 STREET","QUENTIN ROAD","KINGS HIGHWAY","QUENTIN ROAD","KINGS HIGHWAY","ADDRESS","BROOKLYN","WEST    1 STREET","N/A","Closed",,"2024 Aug 03 06:24:20 AM","11 BROOKLYN","BROOKLYN","991,377","159,717","Unspecified","BROOKLYN",,,,,,,,"40.60505973065","-73.97433336732","POINT (-73.974333367319 40.605059730652)"
"62005466","2024 Aug 02 08:51:28 AM","2024 Aug 02 08:51:28 AM","DOHMH","Department of Health and Mental Hygiene","Rodent","Rat Sighting","Other (Explain Below)","11214","2150 78 STREET","78 STREET","21 AVENUE","BAY PARKWAY","21 AVENUE","BAY PARKWAY","ADDRESS","BROOKLYN","78 STREET","N/A","Closed",,"2024 Aug 18 10:15:00 AM","11 BROOKLYN","BROOKLYN","986,962","160,463","Unspecified","BROOKLYN",,,,,,,,"40.60710979919","-73.99023291084","POINT (-73.990232910838 40.607109799194)"
"61991617","2024 Aug 01 07:24:48 AM","2024 Sep 21 03:17:30 PM","DOHMH","Department of Health and Mental Hygiene","Rodent","Rat Sighting","Other (Explain Below)","11214","2401 24 AVENUE","24 AVENUE","24 AVENUE","85 STREET","24 AVENUE","85 STREET","INTERSECTION","BROOKLYN",,"N/A","Closed",,"2024 Aug 01 07:24:48 AM","11 BROOKLYN","BROOKLYN","987,369","157,820","Unspecified","BROOKLYN",,,,,,,,"40.59985516838","-73.98876834766","POINT (-73.988768347658 40.599855168375)"
"61986645","2024 Aug 01 07:22:45 AM","2024 Aug 01 07:22:45 AM","DOHMH","Department of Health and Mental Hygiene","Rodent","Rat Sighting","Commercial Building","11214","2401 25 AVENUE","25 AVENUE","25 AVENUE","86 STREET","25 AVENUE","86 STREET","INTERSECTION","BROOKLYN",,"N/A","Closed",,"2024 Sep 29 10:05:11 AM","11 BROOKLYN","BROOKLYN","987,807","157,117","Unspecified","BROOKLYN",,,,,,,,"40.59792541066","-73.98719146112","POINT (-73.987191461117 40.59792541066)"
"61995422","2024 Aug 01 07:20:26 AM","2024 Aug 01 07:20:26 AM","DOHMH","Department of Health and Mental Hygiene","Rodent","Rat Sighting","Other (Explain Below)","11214","24 AVENUE","24 AVENUE","84 STREET","85 STREET","84 STREET","85 STREET","BLOCKFACE","BROOKLYN",,"N/A","Closed",,"2024 Dec 02 08:22:20 PM","11 BROOKLYN","BROOKLYN",,,"Unspecified","BROOKLYN",,,,,,,,,,
"61979619","2024 Jul 31 09:17:48 PM","2024 Jul 31 09:17:48 PM","DOHMH","Department of Health and Mental Hygiene","Rodent","Rat Sighting","Other (Explain Below)","11214","21 AVENUE","21 AVENUE","BATH AVENUE","CROPSEY AVENUE","BATH AVENUE","CROPSEY AVENUE","BLOCKFACE","BROOKLYN",,"N/A","Closed",,"2024 Dec 02 04:43:17 PM","11 BROOKLYN","BROOKLYN",,,"Unspecified","BROOKLYN",,,,,,,,,,
"61956036","2024 Jul 29 11:50:58 AM","2024 Jul 29 11:50:58 AM","DOHMH","Department of Health and Mental Hygiene","Rodent","Rat Sighting","Vacant Lot","11204","1447 WEST FIFTH STREET","WEST FIFTH STREET","65 STREET","AVENUE O","65 STREET","AVENUE O","ADDRESS","BROOKLYN","WEST    5 STREET","N/A","Closed",,"2024 Sep 15 09:58:57 AM","11 BROOKLYN","BROOKLYN","989,977","162,184","Unspecified","BROOKLYN",,,,,,,,"40.61183215527","-73.97937312797","POINT (-73.979373127968 40.611832155267)"
"61963039","2024 Jul 29 09:02:21 AM","2024 Jul 29 09:02:21 AM","DOHMH","Department of Health and Mental Hygiene","Rodent","Rat Sighting","1-2 Family Dwelling","11214","1631 76 STREET","76 STREET","16 AVENUE","NEW UTRECHT AVENUE","16 AVENUE","NEW UTRECHT AVENUE","ADDRESS","BROOKLYN","76 STREET","N/A","Closed",,"2024 Aug 19 02:30:46 PM","11 BROOKLYN","BROOKLYN","984,069","163,424","Unspecified","BROOKLYN",,,,,,,,"40.61523754832","-74.00065193893","POINT (-74.000651938932 40.615237548317)"
"61933975","2024 Jul 27 09:17:10 PM","2024 Jul 27 09:17:10 PM","DOHMH","Department of Health and Mental Hygiene","Rodent","Rat Sighting","1-2 Family Dwelling","11214","209 BAY   23 STREET","BAY   23 STREET","BATH AVENUE","CROPSEY AVENUE","BATH AVENUE","CROPSEY AVENUE","ADDRESS","BROOKLYN","BAY   23 STREET","N/A","Closed",,"2024 Aug 21 12:07:45 PM","11 BROOKLYN","BROOKLYN","983,349","158,221","Unspecified","BROOKLYN",,,,,,,,"40.60095633512","-74.00324459302","POINT (-74.003244593022 40.600956335122)"
"61918250","2024 Jul 25 09:37:35 PM","2024 Sep 20 02:00:23 PM","DOHMH","Department of Health and Mental Hygiene","Rodent","Rat Sighting","3+ Family Apt. Building","11223","427 KINGS HIGHWAY","KINGS HIGHWAY","KINGS HIGHWAY","WEST 1 STREET","KINGS HIGHWAY","WEST    1 STREET","ADDRESS","BROOKLYN",,"N/A","Closed",,"2024 Jul 25 09:37:35 PM","11 BROOKLYN","BROOKLYN","991,423","159,482","Unspecified","BROOKLYN",,,,,,,,"40.60441466648","-73.97416795602","POINT (-73.974167956021 40.604414666484)"
"61919610","2024 Jul 25 09:32:37 PM","2024 Jul 25 09:32:37 PM","DOHMH","Department of Health and Mental Hygiene","Rodent","Rat Sighting","Other (Explain Below)","11223","427 KINGS HIGHWAY","KINGS HIGHWAY","KINGS HIGHWAY","WEST 1 STREET","KINGS HIGHWAY","WEST    1 STREET","ADDRESS","BROOKLYN",,"N/A","Closed",,"2024 Oct 04 01:00:00 PM","11 BROOKLYN","BROOKLYN","991,423","159,482","Unspecified","BROOKLYN",,,,,,,,"40.60441466648","-73.97416795602","POINT (-73.974167956021 40.604414666484)"
"61919597","2024 Jul 25 07:43:58 PM","2024 Jul 25 07:43:58 PM","DOHMH","Department of Health and Mental Hygiene","Rodent","Rat Sighting","1-2 Family Dwelling","11204","1679 70 STREET","70 STREET","16 AVENUE","17 AVENUE","16 AVENUE","17 AVENUE","ADDRESS","BROOKLYN","70 STREET","N/A","Closed",,"2024 Aug 19 12:46:00 PM","11 BROOKLYN","BROOKLYN","985,324","164,472","Unspecified","BROOKLYN",,,,,,,,"40.6181140279","-73.99613142217","POINT (-73.996131422174 40.618114027901)"
"61919625","2024 Jul 25 02:33:54 PM","2024 Aug 08 09:18:21 AM","DOHMH","Department of Health and Mental Hygiene","Rodent","Rat Sighting","3+ Family Mixed Use Building","11223","1805 WEST    8 STREET","WEST    8 STREET","HIGHLAWN AVENUE","AVENUE S","HIGHLAWN AVENUE","AVENUE S","ADDRESS","BROOKLYN","WEST    8 STREET","N/A","Closed",,"2024 Jul 25 02:33:54 PM","11 BROOKLYN","BROOKLYN","989,620","158,911","Unspecified","BROOKLYN",,,,,,,,"40.60284866376","-73.9806615333","POINT (-73.980661533303 40.602848663764)"
"61882400","2024 Jul 22 05:57:39 PM","2024 Jul 22 05:57:39 PM","DOHMH","Department of Health and Mental Hygiene","Rodent","Rat Sighting","1-2 Family Dwelling","11223","1754 WEST    1 STREET","WEST    1 STREET","QUENTIN ROAD","KINGS HIGHWAY","QUENTIN ROAD","KINGS HIGHWAY","ADDRESS","BROOKLYN","WEST    1 STREET","N/A","Closed",,"2024 Aug 26 01:47:06 PM","11 BROOKLYN","BROOKLYN","991,377","159,717","Unspecified","BROOKLYN",,,,,,,,"40.60505973065","-73.97433336732","POINT (-73.974333367319 40.605059730652)"
"61850680","2024 Jul 19 09:30:08 PM","2024 Jul 19 09:30:08 PM","DOHMH","Department of Health and Mental Hygiene","Rodent","Rat Sighting","1-2 Family Dwelling","11228","1530 BAY RIDGE PARKWAY","BAY RIDGE PARKWAY","15 AVENUE","16 AVENUE","15 AVENUE","16 AVENUE","ADDRESS","BROOKLYN","BAY RIDGE PARKWAY","N/A","Closed",,"2024 Aug 10 11:20:57 AM","11 BROOKLYN","BROOKLYN","983,631","164,122","Unspecified","BROOKLYN",,,,,,,,"40.617153394","-74.0022296231","POINT (-74.002229623102 40.617153393996)"
"61847980","2024 Jul 19 08:42:32 PM","2024 Jul 19 08:42:32 PM","DOHMH","Department of Health and Mental Hygiene","Rodent","Rat Sighting","1-2 Family Mixed Use Building","11214","1843 BENSON AVENUE","BENSON AVENUE","BAY 19 STREET","BAY 20 STREET","BAY   19 STREET","BAY   20 STREET","ADDRESS","BROOKLYN","BENSON AVENUE","N/A","Closed",,"2024 Aug 21 12:44:45 PM","11 BROOKLYN","BROOKLYN","983,247","159,466","Unspecified","BROOKLYN",,,,,,,,"40.604373596","-74.00361209031","POINT (-74.003612090312 40.604373595999)"
"61842684","2024 Jul 18 06:38:52 AM","2024 Jul 18 06:38:52 AM","DOHMH","Department of Health and Mental Hygiene","Rodent","Rat Sighting","3+ Family Apt. Building","11219","6705 14 AVENUE","14 AVENUE","67 STREET","OVINGTON AVENUE","67 STREET","OVINGTON AVENUE","ADDRESS","BROOKLYN","14 AVENUE","N/A","Closed",,"2024 Aug 10 10:49:42 AM","11 BROOKLYN","BROOKLYN","984,072","166,387","Unspecified","BROOKLYN",,,,,,,,"40.62337036716","-74.00064121144","POINT (-74.000641211436 40.623370367159)"
"61832851","2024 Jul 17 03:59:42 PM","2024 Jul 17 03:59:42 PM","DOHMH","Department of Health and Mental Hygiene","Rodent","Rat Sighting","3+ Family Apt. Building","11214","8100 BAY PARKWAY","BAY PARKWAY","81 STREET","82 STREET","81 STREET","82 STREET","ADDRESS","BROOKLYN","BAY PARKWAY","N/A","Closed",,"2024 Aug 18 11:00:00 AM","11 BROOKLYN","BROOKLYN","986,763","159,588","Unspecified","BROOKLYN",,,,,,,,"40.60470816157","-73.99094992178","POINT (-73.990949921781 40.604708161574)"
"61812157","2024 Jul 15 01:18:58 PM","2024 Jul 15 01:18:58 PM","DOHMH","Department of Health and Mental Hygiene","Rodent","Rat Sighting","Other (Explain Below)","11228","1051 SHORE PARKWAY","SHORE PARKWAY","15 AVENUE","16 AVENUE","15 AVENUE","16 AVENUE","ADDRESS","BROOKLYN","SHORE PARKWAY","N/A","Closed",,"2024 Aug 21 02:28:45 PM","11 BROOKLYN","BROOKLYN","979,614","159,099","Unspecified","BROOKLYN",,,,,,,,"40.60336509988","-74.0166953119","POINT (-74.0166953119 40.603365099879)"
"61797761","2024 Jul 14 02:39:58 PM","2024 Jul 14 02:39:58 PM","DOHMH","Department of Health and Mental Hygiene","Rodent","Rat Sighting","Other (Explain Below)","11223","1793 WEST    9 STREET","WEST    9 STREET","KINGS HIGHWAY","HIGHLAWN AVENUE","KINGS HIGHWAY","HIGHLAWN AVENUE","ADDRESS","BROOKLYN","WEST    9 STREET","N/A","Closed",,"2024 Aug 18 09:19:00 AM","11 BROOKLYN","BROOKLYN","989,316","159,189","Unspecified","BROOKLYN",,,,,,,,"40.60361189617","-73.98175609085","POINT (-73.981756090848 40.603611896172)"
"61790134","2024 Jul 13 07:24:04 PM","2024 Jul 13 07:24:04 PM","DOHMH","Department of Health and Mental Hygiene","Rodent","Rat Sighting","1-2 Family Dwelling","11223","166 KINGS HIGHWAY","KINGS HIGHWAY","WEST 13 STREET","WEST 12 STREET","WEST   13 STREET","WEST   12 STREET","ADDRESS","BROOKLYN","KINGS HIGHWAY","N/A","Closed",,"2024 Jul 26 12:28:03 PM","11 BROOKLYN","BROOKLYN","988,304","159,979","Unspecified","BROOKLYN",,,,,,,,"40.6057808058","-73.98540007693","POINT (-73.985400076932 40.6057808058)"
"61761164","2024 Jul 10 09:03:45 AM","2024 Jul 10 09:03:45 AM","DOHMH","Department of Health and Mental Hygiene","Rodent","Rat Sighting","Commercial Building","11219","1412 BAYRIDGE AVENUE","BAYRIDGE AVENUE","14 AVENUE","15 AVENUE","14 AVENUE","15 AVENUE","ADDRESS","BROOKLYN","BAY RIDGE AVENUE","N/A","Closed",,"2024 Aug 10 11:06:34 AM","11 BROOKLYN","BROOKLYN","983,922","165,906","Unspecified","BROOKLYN",,,,,,,,"40.62205011838","-74.00118153478","POINT (-74.001181534781 40.622050118378)"
"61747570","2024 Jul 09 04:23:57 AM","2024 Jul 09 04:23:57 AM","DOHMH","Department of Health and Mental Hygiene","Rodent","Rat Sighting","3+ Family Apt. Building","11214","8797 25 AVENUE","25 AVENUE","BATH AVENUE","HARWAY AVENUE","BATH AVENUE","HARWAY AVENUE","ADDRESS","BROOKLYN","25 AVENUE","N/A","Closed",,"2024 Aug 21 09:55:45 AM","11 BROOKLYN","BROOKLYN","986,636","155,636","Unspecified","BROOKLYN",,,,,,,,"40.59386075676","-73.99140868332","POINT (-73.991408683323 40.593860756758)"
"61744751","2024 Jul 08 10:52:15 AM","2024 Jul 08 10:52:15 AM","DOHMH","Department of Health and Mental Hygiene","Rodent","Rat Sighting","Other (Explain Below)","11214","BAY   19 STREET","BAY   19 STREET","BENSON AVENUE","BATH AVENUE","BENSON AVENUE","BATH AVENUE","BLOCKFACE","BROOKLYN",,"N/A","Closed",,"2024 Dec 02 04:29:46 PM","11 BROOKLYN","BROOKLYN",,,"Unspecified","BROOKLYN",,,,,,,,,,
"61726588","2024 Jul 06 06:00:51 PM","2024 Jul 28 09:55:16 PM","DOHMH","Department of Health and Mental Hygiene","Rodent","Rat Sighting","1-2 Family Dwelling","11214","1814 BENSON AVENUE","BENSON AVENUE","BAY 19 STREET","BAY 19 STREET","BAY   19 STREET","BAY   19 STREET","ADDRESS","BROOKLYN","BENSON AVENUE","N/A","Closed",,"2024 Jul 06 06:00:51 PM","11 BROOKLYN","BROOKLYN","983,025","159,611","Unspecified","BROOKLYN",,,,,,,,"40.60477156353","-74.0044116022","POINT (-74.004411602201 40.604771563531)"
"61714560","2024 Jul 05 05:20:44 PM","2024 Jul 05 05:20:44 PM","DOHMH","Department of Health and Mental Hygiene","Rodent","Rat Sighting","1-2 Family Dwelling","11214","8627 BAY   16 STREET","BAY   16 STREET","86 STREET","BENSON AVENUE","86 STREET","BENSON AVENUE","ADDRESS","BROOKLYN","BAY   16 STREET","N/A","Closed",,"2024 Jul 29 02:26:42 PM","11 BROOKLYN","BROOKLYN","982,928","160,608","Unspecified","BROOKLYN",,,,,,,,"40.60750811091","-74.00476112422","POINT (-74.004761124221 40.60750811091)"
"61692679","2024 Jul 03 02:31:32 PM","2024 Jul 11 11:52:34 AM","DOHMH","Department of Health and Mental Hygiene","Rodent","Rat Sighting","3+ Family Apt. Building","11214","8015 BAY PARKWAY","BAY PARKWAY","BAY PARKWAY","23 AVENUE","BAY PARKWAY","23 AVENUE","ADDRESS","BROOKLYN","BAY PARKWAY","N/A","Closed",,"2024 Jul 03 02:31:32 PM","11 BROOKLYN","BROOKLYN","986,889","159,584","Unspecified","BROOKLYN",,,,,,,,"40.60469714576","-73.99049615898","POINT (-73.99049615898 40.604697145764)"
"61668490","2024 Jul 01 11:38:04 PM","2024 Jul 01 11:38:04 PM","DOHMH","Department of Health and Mental Hygiene","Rodent","Rat Sighting","3+ Family Apt. Building","11204","1827 65 STREET","65 STREET","18 AVENUE","19 AVENUE","18 AVENUE","19 AVENUE","ADDRESS","BROOKLYN","65 STREET","N/A","Closed",,"2024 Jul 29 01:30:00 PM","11 BROOKLYN","BROOKLYN","987,175","164,689","Unspecified","BROOKLYN",,,,,,,,"40.61870923009","-73.9894639748","POINT (-73.9894639748 40.618709230094)"
"61655304","2024 Jun 30 11:20:45 AM","2024 Jun 30 11:20:45 AM","DOHMH","Department of Health and Mental Hygiene","Rodent","Rat Sighting","3+ Family Mixed Use Building","11214","124 BAY   19 STREET","BAY   19 STREET","BENSON AVENUE","BATH AVENUE","BENSON AVENUE","BATH AVENUE","ADDRESS","BROOKLYN","BAY   19 STREET","N/A","Closed",,"2024 Jul 29 02:18:42 PM","11 BROOKLYN","BROOKLYN","982,926","159,500","Unspecified","BROOKLYN",,,,,,,,"40.60446687692","-74.00476810993","POINT (-74.004768109926 40.604466876924)"
"61644596","2024 Jun 29 10:22:32 AM","2024 Jun 29 10:22:32 AM","DOHMH","Department of Health and Mental Hygiene","Rodent","Rat Sighting","Commercial Building","11214","2502 HARWAY AVENUE","HARWAY AVENUE","25 AVENUE","BAY 40 STREET","25 AVENUE","BAY   40 STREET","ADDRESS","BROOKLYN","HARWAY AVENUE","N/A","Closed",,"2024 Jul 29 10:17:39 AM","11 BROOKLYN","BROOKLYN","986,356","155,199","Unspecified","BROOKLYN",,,,,,,,"40.59266135048","-73.99241702099","POINT (-73.992417020986 40.59266135048)"
"61645881","2024 Jun 29 06:27:30 AM","2024 Jun 29 06:27:30 AM","DOHMH","Department of Health and Mental Hygiene","Rodent","Rat Sighting","3+ Family Apt. Building","11214","8693 BAY PARKWAY","BAY PARKWAY","BENSON AVENUE","BATH AVENUE","BENSON AVENUE","BATH AVENUE","ADDRESS","BROOKLYN","BAY PARKWAY","N/A","Closed",,"2024 Jul 29 11:20:39 AM","11 BROOKLYN","BROOKLYN","985,370","157,822","Unspecified","BROOKLYN",,,,,,,,"40.59986113604","-73.99596683177","POINT (-73.995966831768 40.599861136043)"
"61640213","2024 Jun 28 10:07:31 PM","2024 Jul 11 09:28:12 AM","DOHMH","Department of Health and Mental Hygiene","Rodent","Rat Sighting","3+ Family Apt. Building","11214","1917 CROPSEY AVENUE","CROPSEY AVENUE","19 AVENUE","BAY 22 STREET","19 AVENUE","BAY   22 STREET","ADDRESS","BROOKLYN","CROPSEY AVENUE","N/A","Closed",,"2024 Jun 28 10:07:31 PM","11 BROOKLYN","BROOKLYN","982,968","158,298","Unspecified","BROOKLYN",,,,,,,,"40.60116763757","-74.00461662755","POINT (-74.004616627546 40.601167637573)"
"61618834","2024 Jun 26 03:41:19 PM","2024 Jul 01 12:45:41 PM","DOHMH","Department of Health and Mental Hygiene","Rodent","Rat Sighting","School/Pre-School","11214","131 BAY   19 STREET","BAY   19 STREET","BENSON AVENUE","BATH AVENUE","BENSON AVENUE","BATH AVENUE","ADDRESS","BROOKLYN","BAY   19 STREET","N/A","Closed",,"2024 Jun 26 03:41:19 PM","11 BROOKLYN","BROOKLYN","982,899","159,452","Unspecified","BROOKLYN",,,,,,,,"40.60433512263","-74.00486533519","POINT (-74.004865335194 40.604335122632)"
"61611664","2024 Jun 26 08:19:50 AM","2024 Jun 26 08:19:50 AM","DOHMH","Department of Health and Mental Hygiene","Rodent","Rat Sighting","1-2 Family Dwelling","11204","1639 66 STREET","66 STREET","OVINGTON COURT","CAMERON COURT","OVINGTON COURT","CAMERON COURT","ADDRESS","BROOKLYN","66 STREET","N/A","Closed",,"2024 Jul 02 10:24:10 AM","11 BROOKLYN","BROOKLYN","985,765","165,448","Unspecified","BROOKLYN",,,,,,,,"40.62079288044","-73.99454270891","POINT (-73.994542708911 40.620792880444)"
"61605939","2024 Jun 25 04:47:40 PM","2024 Jun 25 04:47:40 PM","DOHMH","Department of Health and Mental Hygiene","Rodent","Rat Sighting","Other (Explain Below)","11223","135 WEST    8 STREET","WEST    8 STREET","AVENUE T","AVENUE U","AVENUE T","AVENUE U","BLOCKFACE","BROOKLYN","WEST    8 STREET","N/A","Closed",,"2024 Jul 29 09:50:39 AM","11 BROOKLYN","BROOKLYN","989,934","156,750","Unspecified","BROOKLYN",,,,,,,,"40.5969169609","-73.97953257356","POINT (-73.979532573557 40.596916960897)"
"61574344","2024 Jun 23 03:18:02 PM","2024 Jun 23 03:18:02 PM","DOHMH","Department of Health and Mental Hygiene","Rodent","Rat Sighting","3+ Family Mixed Use Building","11214","2363 81 STREET","81 STREET","23 AVENUE","24 AVENUE","23 AVENUE","24 AVENUE","ADDRESS","BROOKLYN","81 STREET","N/A","Closed",,"2024 Jul 26 11:55:53 AM","11 BROOKLYN","BROOKLYN","987,762","158,835","Unspecified","BROOKLYN",,,,,,,,"40.60264099032","-73.98735261015","POINT (-73.987352610154 40.602640990317)"
"61578039","2024 Jun 23 10:40:25 AM","2024 Jun 23 10:40:25 AM","DOHMH","Department of Health and Mental Hygiene","Rodent","Rat Sighting","1-2 Family Dwelling","11204","1517 WEST EIGHTH STREET","WEST EIGHTH STREET","AVENUE O","AVENUE P","AVENUE O","AVENUE P","ADDRESS","BROOKLYN","WEST    8 STREET","N/A","Closed",,"2024 Jul 29 11:15:00 AM","11 BROOKLYN","BROOKLYN","989,249","161,475","Unspecified","BROOKLYN",,,,,,,,"40.60988653669","-73.98199568222","POINT (-73.981995682225 40.609886536694)"
"61545795","2024 Jun 20 09:32:01 PM","2024 Jun 20 09:32:01 PM","DOHMH","Department of Health and Mental Hygiene","Rodent","Rat Sighting","1-2 Family Dwelling","11223","1789 WEST    8 STREET","WEST    8 STREET","KINGS HIGHWAY","HIGHLAWN AVENUE","KINGS HIGHWAY","HIGHLAWN AVENUE","ADDRESS","BROOKLYN","WEST    8 STREET","N/A","Closed",,"2024 Jul 26 01:36:03 PM","11 BROOKLYN","BROOKLYN","989,572","159,239","Unspecified","BROOKLYN",,,,,,,,"40.60374898594","-73.98083413266","POINT (-73.98083413266 40.603748985945)"
"61531426","2024 Jun 19 08:29:31 AM","2024 Jun 19 08:29:31 AM","DOHMH","Department of Health and Mental Hygiene","Rodent","Rat Sighting","Construction Site","11214","2105 82 STREET","82 STREET","21 AVENUE","BAY PARKWAY","21 AVENUE","BAY PARKWAY","ADDRESS","BROOKLYN","82 STREET","N/A","Closed",,"2024 Jul 26 09:42:53 AM","11 BROOKLYN","BROOKLYN","986,116","159,812","Unspecified","BROOKLYN",,,,,,,,"40.60532315574","-73.9932799039","POINT (-73.993279903898 40.605323155736)"
"61521885","2024 Jun 18 06:22:36 PM","2024 Jun 18 06:22:36 PM","DOHMH","Department of Health and Mental Hygiene","Rodent","Rat Sighting","3+ Family Apt. Building","11204","1709 63 STREET","63 STREET","17 AVENUE","18 AVENUE","17 AVENUE","18 AVENUE","ADDRESS","BROOKLYN","63 STREET","N/A","Closed",,"2024 Jul 02 09:27:55 AM","11 BROOKLYN","BROOKLYN","986,809","165,667","Unspecified","BROOKLYN",,,,,,,,"40.62139374975","-73.990781958","POINT (-73.990781957998 40.621393749748)"
"61528786","2024 Jun 18 11:47:06 AM","2024 Jun 18 11:47:06 AM","DOHMH","Department of Health and Mental Hygiene","Rodent","Rat Sighting","3+ Family Apt. Building","11223","1710 WEST    4 STREET","WEST    4 STREET","QUENTIN ROAD","KINGS HIGHWAY","QUENTIN ROAD","KINGS HIGHWAY","ADDRESS","BROOKLYN","WEST    4 STREET","N/A","Closed",,"2024 Jul 26 02:25:03 PM","11 BROOKLYN","BROOKLYN","990,552","159,977","Unspecified","BROOKLYN",,,,,,,,"40.60577400266","-73.97730421648","POINT (-73.977304216477 40.605774002664)"
"61508687","2024 Jun 17 07:38:13 PM","2024 Jun 17 07:38:13 PM","DOHMH","Department of Health and Mental Hygiene","Rodent","Rat Sighting","3+ Family Apt. Building","11228","1407 78 STREET","78 STREET","14 AVENUE","15 AVENUE","14 AVENUE","15 AVENUE","ADDRESS","BROOKLYN","78 STREET","N/A","Closed",,"2024 Sep 16 10:51:38 AM","11 BROOKLYN","BROOKLYN","982,422","164,068","Unspecified","BROOKLYN",,,,,,,,"40.61700500824","-74.00658439737","POINT (-74.006584397373 40.617005008241)"
"61499070","2024 Jun 16 07:52:18 PM","2024 Jun 16 07:52:18 PM","DOHMH","Department of Health and Mental Hygiene","Rodent","Rat Sighting","Commercial Building","11204","2379 65 STREET","65 STREET","WEST 3 STREET","24 AVENUE","WEST    3 STREET","24 AVENUE","ADDRESS","BROOKLYN","65 STREET","N/A","Closed",,"2024 Jul 23 10:15:00 AM","11 BROOKLYN","BROOKLYN","990,567","162,000","Unspecified","BROOKLYN",,,,,,,,"40.61132671217","-73.97724830377","POINT (-73.977248303766 40.611326712174)"
"61494809","2024 Jun 15 11:36:54 AM","2024 Jun 15 11:36:54 AM","DOHMH","Department of Health and Mental Hygiene","Rodent","Rat Sighting","3+ Family Apt. Building","11214","220 BAY   22 STREET","BAY   22 STREET","BATH AVENUE","CROPSEY AVENUE","BATH AVENUE","CROPSEY AVENUE","ADDRESS","BROOKLYN","BAY   22 STREET","N/A","Closed",,"2024 Jul 18 02:17:44 PM","11 BROOKLYN","BROOKLYN","983,108","158,335","Unspecified","BROOKLYN",,,,,,,,"40.60126921421","-74.00411247791","POINT (-74.004112477908 40.60126921421)"
"61377176","2024 Jun 05 09:12:54 AM","2024 Jun 06 11:55:54 AM","DOHMH","Department of Health and Mental Hygiene","Rodent","Rat Sighting","3+ Family Apt. Building","11214","2064 BATH AVENUE","BATH AVENUE","BAY 26 STREET","21 AVENUE","BAY   26 STREET","21 AVENUE","ADDRESS","BROOKLYN","BATH AVENUE","N/A","Closed",,"2024 Jun 05 09:12:54 AM","11 BROOKLYN","BROOKLYN","984,273","157,987","Unspecified","BROOKLYN",,,,,,,,"40.60031409835","-73.99991717545","POINT (-73.999917175448 40.600314098347)"
"61342000","2024 Jun 01 05:37:02 AM","2024 Jun 01 05:37:02 AM","DOHMH","Department of Health and Mental Hygiene","Rodent","Rat Sighting","Vacant Lot","11204","2176 66 STREET","66 STREET","21 AVENUE","SEA BEACH LINE","21 AVENUE","SEA BEACH LINE","ADDRESS","BROOKLYN","66 STREET","N/A","Closed",,"2024 Jul 02 12:05:39 PM","11 BROOKLYN","BROOKLYN","989,065","162,821","Unspecified","BROOKLYN",,,,,,,,"40.61358113146","-73.98265741388","POINT (-73.982657413881 40.61358113146)"
"61308930","2024 May 29 09:55:11 PM","2024 May 30 10:11:03 AM","DOHMH","Department of Health and Mental Hygiene","Rodent","Rat Sighting","1-2 Family Dwelling","11228","1584 73 STREET","73 STREET","15 AVENUE","16 AVENUE","15 AVENUE","16 AVENUE","ADDRESS","BROOKLYN","73 STREET","N/A","Closed",,"2024 May 29 09:55:11 PM","11 BROOKLYN","BROOKLYN","984,201","164,357","Unspecified","BROOKLYN",,,,,,,,"40.61779844173","-74.00017649853","POINT (-74.000176498526 40.617798441733)"
"61302142","2024 May 29 08:50:39 PM","2024 May 30 10:11:03 AM","DOHMH","Department of Health and Mental Hygiene","Rodent","Rat Sighting","1-2 Family Dwelling","11228","1584 73 STREET","73 STREET","15 AVENUE","16 AVENUE","15 AVENUE","16 AVENUE","ADDRESS","BROOKLYN","73 STREET","N/A","Closed",,"2024 May 29 08:50:39 PM","11 BROOKLYN","BROOKLYN","984,201","164,357","Unspecified","BROOKLYN",,,,,,,,"40.61779844173","-74.00017649853","POINT (-74.000176498526 40.617798441733)"
"61308936","2024 May 29 12:50:21 PM","2024 Jun 03 04:53:20 PM","DOHMH","Department of Health and Mental Hygiene","Rodent","Rat Sighting","3+ Family Apt. Building","11204","7402 BAY PARKWAY","BAY PARKWAY","74 STREET","BAY RIDGE PARKWAY","74 STREET","BAY RIDGE PARKWAY","ADDRESS","BROOKLYN","BAY PARKWAY","N/A","Closed",,"2024 May 29 12:50:21 PM","11 BROOKLYN","BROOKLYN","987,908","161,033","Unspecified","BROOKLYN",,,,,,,,"40.60867399244","-73.98682564553","POINT (-73.986825645527 40.608673992444)"
"61289410","2024 May 28 10:45:12 AM","2024 May 28 12:20:15 PM","DOHMH","Department of Health and Mental Hygiene","Rodent","Rat Sighting","Vacant Lot","11214","8712 BAY PARKWAY","BAY PARKWAY","BENSON AVENUE","BATH AVENUE","BENSON AVENUE","BATH AVENUE","ADDRESS","BROOKLYN","BAY PARKWAY","N/A","Closed",,"2024 May 28 10:45:12 AM","11 BROOKLYN","BROOKLYN","985,291","157,731","Unspecified","BROOKLYN",,,,,,,,"40.59961136911","-73.99625132819","POINT (-73.996251328193 40.599611369107)"
"61243133","2024 May 24 12:43:39 AM","2024 May 24 12:43:39 AM","DOHMH","Department of Health and Mental Hygiene","Rodent","Rat Sighting","3+ Family Apt. Building","11214","8015 BAY PARKWAY","BAY PARKWAY","BAY PARKWAY","23 AVENUE","BAY PARKWAY","23 AVENUE","ADDRESS","BROOKLYN","BAY PARKWAY","N/A","Closed",,"2024 Jun 18 10:33:57 AM","11 BROOKLYN","BROOKLYN","986,889","159,584","Unspecified","BROOKLYN",,,,,,,,"40.60469714576","-73.99049615898","POINT (-73.99049615898 40.604697145764)"
"61241866","2024 May 23 08:55:16 PM","2024 May 23 08:55:16 PM","DOHMH","Department of Health and Mental Hygiene","Rodent","Rat Sighting","1-2 Family Dwelling","11204","1749 63 STREET","63 STREET","17 AVENUE","18 AVENUE","17 AVENUE","18 AVENUE","ADDRESS","BROOKLYN","63 STREET","N/A","Closed",,"2024 Jun 18 01:01:41 PM","11 BROOKLYN","BROOKLYN","986,989","165,525","Unspecified","BROOKLYN",,,,,,,,"40.62100393554","-73.99013361876","POINT (-73.990133618759 40.621003935539)"
"61240504","2024 May 22 02:49:17 PM","2024 May 22 02:49:17 PM","DOHMH","Department of Health and Mental Hygiene","Rodent","Rat Sighting","Vacant Building","11214","1641 78 STREET","78 STREET","16 AVENUE","NEW UTRECHT AVENUE","16 AVENUE","NEW UTRECHT AVENUE","ADDRESS","BROOKLYN","78 STREET","N/A","Closed",,"2024 Jun 18 11:43:53 AM","11 BROOKLYN","BROOKLYN","983,818","162,961","Unspecified","BROOKLYN",,,,,,,,"40.61396670031","-74.00155597932","POINT (-74.001555979321 40.613966700308)"
"61235117","2024 May 22 10:32:26 AM","2024 May 22 10:32:26 AM","DOHMH","Department of Health and Mental Hygiene","Rodent","Rat Sighting","Commercial Building","11214","1917 BATH AVENUE","BATH AVENUE","BATH AVENUE","BAY 22 STREET","BATH AVENUE","BAY   22 STREET","ADDRESS","BROOKLYN",,"N/A","Closed",,"2024 Jul 18 01:42:00 PM","11 BROOKLYN","BROOKLYN","983,316","158,756","Unspecified","BROOKLYN",,,,,,,,"40.60242479806","-74.00336350337","POINT (-74.003363503368 40.602424798057)"
"61215976","2024 May 20 08:08:27 AM","2024 May 20 08:08:27 AM","DOHMH","Department of Health and Mental Hygiene","Rodent","Rat Sighting","1-2 Family Dwelling","11214","2064 BATH AVENUE","BATH AVENUE","BAY 26 STREET","21 AVENUE","BAY   26 STREET","21 AVENUE","ADDRESS","BROOKLYN","BATH AVENUE","N/A","Closed",,"2024 Jun 18 09:54:53 AM","11 BROOKLYN","BROOKLYN","984,273","157,987","Unspecified","BROOKLYN",,,,,,,,"40.60031409835","-73.99991717545","POINT (-73.999917175448 40.600314098347)"
"61187396","2024 May 17 10:03:54 AM","2024 May 17 10:03:54 AM","DOHMH","Department of Health and Mental Hygiene","Rodent","Rat Sighting","Commercial Building","11228","1525 86 STREET","86 STREET","15 AVENUE","BAY 10 STREET","15 AVENUE","BAY   10 STREET","ADDRESS","BROOKLYN","86 STREET","N/A","Closed",,"2024 May 17 10:03:54 AM","11 BROOKLYN","BROOKLYN","981,766","161,907","Unspecified","BROOKLYN",,,,,,,,"40.61107334985","-74.00894649334","POINT (-74.008946493338 40.61107334985)"
"61168106","2024 May 15 08:44:54 PM","2024 May 15 08:44:54 PM","DOHMH","Department of Health and Mental Hygiene","Rodent","Rat Sighting","Other (Explain Below)","11223","258 KINGS HIGHWAY","KINGS HIGHWAY","KINGS HIGHWAY","WEST 8 STREET","KINGS HIGHWAY","WEST    8 STREET","ADDRESS","BROOKLYN",,"N/A","Closed",,"2024 Jul 09 01:10:00 PM","11 BROOKLYN","BROOKLYN","989,448","159,799","Unspecified","BROOKLYN",,,,,,,,"40.60528614536","-73.98128025702","POINT (-73.981280257018 40.605286145356)"
"61150324","2024 May 14 11:59:45 AM","2024 May 14 11:59:45 AM","DOHMH","Department of Health and Mental Hygiene","Rodent","Rat Sighting","Commercial Building","11223","1800 STILLWELL AVENUE","STILLWELL AVENUE","HIGHLAWN AVENUE","24 AVENUE","HIGHLAWN AVENUE","24 AVENUE","ADDRESS","BROOKLYN","STILLWELL AVENUE","N/A","Closed",,"2024 May 14 11:59:45 AM","11 BROOKLYN","BROOKLYN","988,031","158,812","Unspecified","BROOKLYN",,,,,,,,"40.60257774931","-73.98638390212","POINT (-73.986383902125 40.602577749307)"
"61151680","2024 May 14 11:09:49 AM","2024 May 14 11:09:49 AM","DOHMH","Department of Health and Mental Hygiene","Rodent","Rat Sighting","1-2 Family Dwelling","11214","2301 84 STREET","84 STREET","23 AVENUE","24 AVENUE","23 AVENUE","24 AVENUE","ADDRESS","BROOKLYN","84 STREET","N/A","Closed",,"2024 May 14 11:09:49 AM","11 BROOKLYN","BROOKLYN","987,013","158,438","Unspecified","BROOKLYN",,,,,,,,"40.60155157116","-73.99005006608","POINT (-73.990050066084 40.601551571164)"
"61150315","2024 May 14 10:47:20 AM","2024 May 23 05:45:17 PM","DOHMH","Department of Health and Mental Hygiene","Rodent","Rat Sighting","3+ Family Apt. Building","11214","2357 81 STREET","81 STREET","23 AVENUE","24 AVENUE","23 AVENUE","24 AVENUE","ADDRESS","BROOKLYN","81 STREET","N/A","Closed",,"2024 May 14 10:47:20 AM","11 BROOKLYN","BROOKLYN","987,735","158,856","Unspecified","BROOKLYN",,,,,,,,"40.6026986417","-73.98744983153","POINT (-73.987449831529 40.602698641705)"
"61113028","2024 May 09 08:25:12 AM","2024 May 09 08:25:12 AM","DOHMH","Department of Health and Mental Hygiene","Rodent","Rat Sighting","3+ Family Apt. Building","11214","1917 CROPSEY AVENUE","CROPSEY AVENUE","19 AVENUE","BAY 22 STREET","19 AVENUE","BAY   22 STREET","ADDRESS","BROOKLYN","CROPSEY AVENUE","N/A","Closed",,"2024 May 09 08:25:12 AM","11 BROOKLYN","BROOKLYN","982,968","158,298","Unspecified","BROOKLYN",,,,,,,,"40.60116763757","-74.00461662755","POINT (-74.004616627546 40.601167637573)"
"61074640","2024 May 06 07:55:47 AM","2024 May 06 07:55:47 AM","DOHMH","Department of Health and Mental Hygiene","Rodent","Rat Sighting","Other (Explain Below)","11214","1535 SHORE PARKWAY","SHORE PARKWAY","20 AVENUE","21 AVENUE","20 AVENUE","21 AVENUE","ADDRESS","BROOKLYN","SHORE PARKWAY","N/A","Closed",,"2024 May 06 07:55:47 AM","11 BROOKLYN","BROOKLYN","983,384","156,837","Unspecified","BROOKLYN",,,,,,,,"40.5971575387","-74.00311837702","POINT (-74.003118377024 40.597157538696)"
"61061997","2024 May 04 07:39:22 AM","2024 May 04 07:39:22 AM","DOHMH","Department of Health and Mental Hygiene","Rodent","Rat Sighting","1-2 Family Dwelling","11214","8753 25 AVENUE","25 AVENUE","BENSON AVENUE","BATH AVENUE","BENSON AVENUE","BATH AVENUE","ADDRESS","BROOKLYN","25 AVENUE","N/A","Closed",,"2024 May 04 07:39:22 AM","11 BROOKLYN","BROOKLYN","986,924","156,000","Unspecified","BROOKLYN",,,,,,,,"40.59485978133","-73.99037153206","POINT (-73.990371532057 40.594859781334)"
"61027477","2024 May 01 01:07:16 PM","2024 May 01 01:07:16 PM","DOHMH","Department of Health and Mental Hygiene","Rodent","Rat Sighting","1-2 Family Dwelling","11214","2417 85 STREET","85 STREET","24 AVENUE","25 AVENUE","24 AVENUE","25 AVENUE","ADDRESS","BROOKLYN","85 STREET","N/A","Closed",,"2024 May 01 01:07:16 PM","11 BROOKLYN","BROOKLYN","987,532","157,694","Unspecified","BROOKLYN",,,,,,,,"40.59950926503","-73.98818143891","POINT (-73.988181438914 40.599509265034)"
"61020348","2024 Apr 30 05:30:52 PM","2024 Apr 30 05:30:52 PM","DOHMH","Department of Health and Mental Hygiene","Rodent","Rat Sighting","Other (Explain Below)","11223","198 QUENTIN ROAD","QUENTIN ROAD","WEST 6 STREET","WEST 5 STREET","WEST    6 STREET","WEST    5 STREET","ADDRESS","BROOKLYN","QUENTIN ROAD","N/A","Closed",,"2024 Apr 30 05:30:52 PM","11 BROOKLYN","BROOKLYN","990,100","160,048","Unspecified","BROOKLYN",,,,,,,,"40.60596919307","-73.97893197055","POINT (-73.978931970552 40.605969193074)"
"61026247","2024 Apr 30 06:03:22 AM","2024 Apr 30 06:03:22 AM","DOHMH","Department of Health and Mental Hygiene","Rodent","Rat Sighting","Vacant Lot","11204","2176 66 STREET","66 STREET","21 AVENUE","SEA BEACH LINE","21 AVENUE","SEA BEACH LINE","ADDRESS","BROOKLYN","66 STREET","N/A","Closed",,"2024 Apr 30 06:03:22 AM","11 BROOKLYN","BROOKLYN","989,065","162,821","Unspecified","BROOKLYN",,,,,,,,"40.61358113146","-73.98265741388","POINT (-73.982657413881 40.61358113146)"
"61015488","2024 Apr 29 09:41:29 PM","2024 Apr 29 09:41:29 PM","DOHMH","Department of Health and Mental Hygiene","Rodent","Rat Sighting","3+ Family Apt. Building","11214","8200 BAY PARKWAY","BAY PARKWAY","21 AVENUE","BAY PARKWAY","21 AVENUE","BAY PARKWAY","ADDRESS","BROOKLYN","BAY PARKWAY","N/A","Closed",,"2024 Apr 29 09:41:29 PM","11 BROOKLYN","BROOKLYN","986,511","159,439","Unspecified","BROOKLYN",,,,,,,,"40.60429925483","-73.99185750039","POINT (-73.991857500389 40.604299254827)"
"61008708","2024 Apr 29 08:54:56 AM","2024 Apr 29 09:34:49 AM","DOHMH","Department of Health and Mental Hygiene","Rodent","Rat Sighting","1-2 Family Dwelling","11204","2171 67 STREET","67 STREET","21 AVENUE","BAY PARKWAY","21 AVENUE","BAY PARKWAY","ADDRESS","BROOKLYN","67 STREET",,"Closed",,"2024 Apr 29 08:54:56 AM","11 BROOKLYN","BROOKLYN","988,852","162,670","Unspecified","BROOKLYN",,,,,,,,"40.61316678081","-73.9834246966","POINT (-73.983424696596 40.613166780805)"
"60991773","2024 Apr 27 07:47:14 PM","2024 Apr 27 07:47:14 PM","DOHMH","Department of Health and Mental Hygiene","Rodent","Rat Sighting","3+ Family Apt. Building","11223","1902 WEST SIXTH STREET","WEST SIXTH STREET","AVENUE S","AVENUE T","AVENUE S","AVENUE T","ADDRESS","BROOKLYN","WEST    6 STREET","N/A","Closed",,"2024 Apr 27 07:47:14 PM","11 BROOKLYN","BROOKLYN","990,270","158,149","Unspecified","BROOKLYN",,,,,,,,"40.60075671089","-73.97832142976","POINT (-73.97832142976 40.600756710888)"
"60983856","2024 Apr 26 04:18:43 PM","2024 Apr 26 04:18:43 PM","DOHMH","Department of Health and Mental Hygiene","Rodent","Rat Sighting","Other (Explain Below)","11214","138 BAY   20 STREET","BAY   20 STREET","BENSON AVENUE","BATH AVENUE","BENSON AVENUE","BATH AVENUE","ADDRESS","BROOKLYN","BAY   20 STREET","N/A","Closed",,"2024 Apr 26 04:18:43 PM","11 BROOKLYN","BROOKLYN","983,139","159,221","Unspecified","BROOKLYN",,,,,,,,"40.60370110803","-74.00400098895","POINT (-74.004000988948 40.603701108028)"
"60987394","2024 Apr 26 09:14:43 AM","2024 Apr 26 09:14:43 AM","DOHMH","Department of Health and Mental Hygiene","Rodent","Rat Sighting","1-2 Family Dwelling","11204","2171 67 STREET","67 STREET","21 AVENUE","BAY PARKWAY","21 AVENUE","BAY PARKWAY","ADDRESS","BROOKLYN","67 STREET","N/A","Closed",,"2024 Apr 26 09:14:43 AM","11 BROOKLYN","BROOKLYN","988,852","162,670","Unspecified","BROOKLYN",,,,,,,,"40.61316678081","-73.9834246966","POINT (-73.983424696596 40.613166780805)"
"60961799","2024 Apr 24 08:23:32 AM","2024 Apr 24 08:23:32 AM","DOHMH","Department of Health and Mental Hygiene","Rodent","Rat Sighting","1-2 Family Dwelling","11204","1527 WEST   12 STREET","WEST   12 STREET","BAY PARKWAY","AVENUE P","BAY PARKWAY","AVENUE P","ADDRESS","BROOKLYN","WEST   12 STREET","N/A","Closed",,"2024 Apr 24 08:23:32 AM","11 BROOKLYN","BROOKLYN","988,247","161,129","Unspecified","BROOKLYN",,,,,,,,"40.60893734633","-73.98560467398","POINT (-73.985604673977 40.608937346331)"
"60941325","2024 Apr 21 12:57:43 PM","2024 Apr 21 12:57:43 PM","DOHMH","Department of Health and Mental Hygiene","Rodent","Rat Sighting","1-2 Family Dwelling","11214","113 BAY   19 STREET","BAY   19 STREET","BENSON AVENUE","BATH AVENUE","BENSON AVENUE","BATH AVENUE","ADDRESS","BROOKLYN","BAY   19 STREET","N/A","Closed",,"2024 Apr 21 12:57:43 PM","11 BROOKLYN","BROOKLYN","982,970","159,553","Unspecified","BROOKLYN",,,,,,,,"40.60461235758","-74.00460966314","POINT (-74.004609663145 40.604612357584)"
"60905367","2024 Apr 18 09:07:29 AM","2024 Apr 18 09:07:29 AM","DOHMH","Department of Health and Mental Hygiene","Rodent","Rat Sighting","3+ Family Apt. Building","11214","2153 CROPSEY AVENUE","CROPSEY AVENUE","BAY 28 STREET","BAY 29 STREET","BAY   28 STREET","BAY   29 STREET","ADDRESS","BROOKLYN","CROPSEY AVENUE","N/A","Closed",,"2024 Apr 18 09:07:29 AM","11 BROOKLYN","BROOKLYN","984,398","157,103","Unspecified","BROOKLYN",,,,,,,,"40.59788769605","-73.99946706138","POINT (-73.999467061378 40.597887696048)"
"60898864","2024 Apr 17 10:08:23 AM","2024 Apr 17 10:08:23 AM","DOHMH","Department of Health and Mental Hygiene","Rodent","Rat Sighting","1-2 Family Dwelling","11204","1614 65 STREET","65 STREET","16 AVENUE","17 AVENUE","16 AVENUE","17 AVENUE","ADDRESS","BROOKLYN","65 STREET",,"Closed",,"2024 Apr 17 10:08:23 AM","11 BROOKLYN","BROOKLYN","985,828","165,748","Unspecified","BROOKLYN",,,,,,,,"40.62161630689","-73.99431570193","POINT (-73.994315701929 40.621616306892)"
"60902454","2024 Apr 17 06:43:35 AM","2024 Apr 17 06:43:35 AM","DOHMH","Department of Health and Mental Hygiene","Rodent","Rat Sighting","Other (Explain Below)","11214","1755 76 STREET","76 STREET","17 AVENUE","18 AVENUE","17 AVENUE","18 AVENUE","ADDRESS","BROOKLYN","76 STREET",,"Closed",,"2024 Apr 17 06:43:35 AM","11 BROOKLYN","BROOKLYN","984,887","162,776","Unspecified","BROOKLYN",,,,,,,,"40.61345890112","-73.99770566832","POINT (-73.997705668316 40.613458901124)"
"60881882","2024 Apr 15 04:52:02 PM","2024 Apr 15 04:52:02 PM","DOHMH","Department of Health and Mental Hygiene","Rodent","Rat Sighting","3+ Family Apt. Building","11204","1644 64 STREET","64 STREET","16 AVENUE","17 AVENUE","16 AVENUE","17 AVENUE","ADDRESS","BROOKLYN","64 STREET","N/A","Closed",,"2024 Apr 15 04:52:02 PM","11 BROOKLYN","BROOKLYN","986,148","165,851","Unspecified","BROOKLYN",,,,,,,,"40.62189895762","-73.99316296361","POINT (-73.993162963606 40.621898957622)"
"60842105","2024 Apr 12 09:34:06 AM","2024 Apr 25 04:15:18 PM","DOHMH","Department of Health and Mental Hygiene","Rodent","Rat Sighting","1-2 Family Dwelling","11214","2322 83 STREET","83 STREET","23 AVENUE","24 AVENUE","23 AVENUE","24 AVENUE","ADDRESS","BROOKLYN","83 STREET",,"Closed",,"2024 Apr 12 09:34:06 AM","11 BROOKLYN","BROOKLYN","987,266","158,561","Unspecified","BROOKLYN",,,,,,,,"40.60188909869","-73.98913892421","POINT (-73.98913892421 40.601889098692)"
"60794322","2024 Apr 06 05:15:34 PM","2024 Apr 17 11:02:20 AM","DOHMH","Department of Health and Mental Hygiene","Rodent","Rat Sighting","1-2 Family Dwelling","11228","1584 73 STREET","73 STREET","15 AVENUE","16 AVENUE","15 AVENUE","16 AVENUE","ADDRESS","BROOKLYN","73 STREET",,"Closed",,"2024 Apr 06 05:15:34 PM","11 BROOKLYN","BROOKLYN","984,201","164,357","Unspecified","BROOKLYN",,,,,,,,"40.61779844173","-74.00017649853","POINT (-74.000176498526 40.617798441733)"
"60788043","2024 Apr 05 06:53:27 PM","2024 Apr 17 04:21:03 PM","DOHMH","Department of Health and Mental Hygiene","Rodent","Rat Sighting","1-2 Family Dwelling","11228","1582 73 STREET","73 STREET","15 AVENUE","16 AVENUE","15 AVENUE","16 AVENUE","ADDRESS","BROOKLYN","73 STREET",,"Closed",,"2024 Apr 05 06:53:27 PM","11 BROOKLYN","BROOKLYN","984,192","164,364","Unspecified","BROOKLYN",,,,,,,,"40.61781765523","-74.00020891668","POINT (-74.000208916683 40.617817655225)"
"60780894","2024 Apr 05 05:43:47 PM","2024 Apr 05 05:43:47 PM","DOHMH","Department of Health and Mental Hygiene","Rodent","Rat Sighting","Other (Explain Below)","11204","1614 64 STREET","64 STREET","16 AVENUE","17 AVENUE","16 AVENUE","17 AVENUE","ADDRESS","BROOKLYN","64 STREET",,"Closed",,"2024 Apr 05 05:43:47 PM","11 BROOKLYN","BROOKLYN","986,002","165,967","Unspecified","BROOKLYN",,,,,,,,"40.62221738348","-73.99368885938","POINT (-73.993688859375 40.622217383481)"
"60777226","2024 Apr 05 12:58:22 AM","2024 Apr 05 12:58:22 AM","DOHMH","Department of Health and Mental Hygiene","Rodent","Rat Sighting","3+ Family Apt. Building","11228","7719 14 AVENUE","14 AVENUE","77 STREET","78 STREET","77 STREET","78 STREET","ADDRESS","BROOKLYN","14 AVENUE",,"Closed",,"2024 Apr 05 12:58:22 AM","11 BROOKLYN","BROOKLYN","982,421","164,304","Unspecified","BROOKLYN",,,,,,,,"40.61765277908","-74.00658806327","POINT (-74.006588063273 40.617652779085)"
"60764235","2024 Apr 03 11:14:35 AM","2024 Apr 03 11:14:35 AM","DOHMH","Department of Health and Mental Hygiene","Rodent","Rat Sighting","3+ Family Apt. Building","11223","1702 WEST    1 STREET","WEST    1 STREET","QUENTIN ROAD","KINGS HIGHWAY","QUENTIN ROAD","KINGS HIGHWAY","ADDRESS","BROOKLYN","WEST    1 STREET",,"Closed",,"2024 Apr 03 11:14:35 AM","11 BROOKLYN","BROOKLYN","991,316","160,144","Unspecified","BROOKLYN",,,,,,,,"40.60623180728","-73.97455260131","POINT (-73.974552601313 40.606231807277)"
"60752526","2024 Apr 02 01:19:22 PM","2024 Apr 02 01:19:22 PM","DOHMH","Department of Health and Mental Hygiene","Rodent","Rat Sighting","3+ Family Apt. Building","11204","1776 62 STREET","62 STREET","17 AVENUE","18 AVENUE","17 AVENUE","18 AVENUE","ADDRESS","BROOKLYN","62 STREET",,"Closed",,"2024 Apr 02 01:19:22 PM","11 BROOKLYN","BROOKLYN","987,270","165,627","Unspecified","BROOKLYN",,,,,,,,"40.62128381294","-73.98912135951","POINT (-73.98912135951 40.621283812942)"
"60745679","2024 Apr 01 02:39:24 PM","2024 Apr 04 10:30:13 AM","DOHMH","Department of Health and Mental Hygiene","Rodent","Rat Sighting","1-2 Family Dwelling","11228","1532 71 STREET","71 STREET","15 AVENUE","NEW UTRECHT AVENUE","15 AVENUE","NEW UTRECHT AVENUE","ADDRESS","BROOKLYN","71 STREET",,"Closed",,"2024 Apr 01 02:39:24 PM","11 BROOKLYN","BROOKLYN","984,286","164,955","Unspecified","BROOKLYN",,,,,,,,"40.61943982755","-73.99987032442","POINT (-73.999870324425 40.619439827546)"
"60726042","2024 Mar 30 10:26:53 PM","2024 Apr 01 10:11:25 AM","DOHMH","Department of Health and Mental Hygiene","Rodent","Rat Sighting","1-2 Family Dwelling","11228","1532 71 STREET","71 STREET","15 AVENUE","NEW UTRECHT AVENUE","15 AVENUE","NEW UTRECHT AVENUE","ADDRESS","BROOKLYN","71 STREET",,"Closed",,"2024 Mar 30 10:26:53 PM","11 BROOKLYN","BROOKLYN","984,286","164,955","Unspecified","BROOKLYN",,,,,,,,"40.61943982755","-73.99987032442","POINT (-73.999870324425 40.619439827546)"
"60732630","2024 Mar 30 02:39:17 PM","2024 Mar 30 02:39:17 PM","DOHMH","Department of Health and Mental Hygiene","Rodent","Rat Sighting","Commercial Building","11214","8516 17 AVENUE","17 AVENUE","85 STREET","86 STREET","85 STREET","86 STREET","ADDRESS","BROOKLYN","17 AVENUE",,"Closed",,"2024 Mar 30 02:39:17 PM","11 BROOKLYN","BROOKLYN","983,028","161,167","Unspecified","BROOKLYN",,,,,,,,"40.60904246574","-74.00440107982","POINT (-74.004401079817 40.609042465736)"
"60722967","2024 Mar 29 12:05:33 PM","2024 Apr 01 10:11:25 AM","DOHMH","Department of Health and Mental Hygiene","Rodent","Rat Sighting","1-2 Family Dwelling","11228","1532 71 STREET","71 STREET","15 AVENUE","NEW UTRECHT AVENUE","15 AVENUE","NEW UTRECHT AVENUE","ADDRESS","BROOKLYN","71 STREET",,"Closed",,"2024 Mar 29 12:05:33 PM","11 BROOKLYN","BROOKLYN","984,286","164,955","Unspecified","BROOKLYN",,,,,,,,"40.61943982755","-73.99987032442","POINT (-73.999870324425 40.619439827546)"
"60692967","2024 Mar 26 10:38:30 PM","2024 Mar 26 10:38:30 PM","DOHMH","Department of Health and Mental Hygiene","Rodent","Rat Sighting","Other (Explain Below)","11219","1564 BAYRIDGE AVENUE","BAYRIDGE AVENUE","NEW UTRECHT AVENUE","16 AVENUE","NEW UTRECHT AVENUE","16 AVENUE","ADDRESS","BROOKLYN","BAY RIDGE AVENUE",,"Closed",,"2024 Mar 26 10:38:30 PM","11 BROOKLYN","BROOKLYN","984,810","165,204","Unspecified","BROOKLYN",,,,,,,,"40.6201232631","-73.99798280373","POINT (-73.99798280373 40.620123263103)"
"60694234","2024 Mar 26 02:49:33 PM","2024 Apr 01 10:11:25 AM","DOHMH","Department of Health and Mental Hygiene","Rodent","Rat Sighting","3+ Family Apt. Building","11228","1532 71 STREET","71 STREET","15 AVENUE","NEW UTRECHT AVENUE","15 AVENUE","NEW UTRECHT AVENUE","ADDRESS","BROOKLYN","71 STREET",,"Closed",,"2024 Mar 26 02:49:33 PM","11 BROOKLYN","BROOKLYN","984,286","164,955","Unspecified","BROOKLYN",,,,,,,,"40.61943982755","-73.99987032442","POINT (-73.999870324425 40.619439827546)"
"60694230","2024 Mar 26 08:25:38 AM","2024 Apr 01 10:03:58 AM","DOHMH","Department of Health and Mental Hygiene","Rodent","Rat Sighting","1-2 Family Dwelling","11223","1908 WEST    8 STREET","WEST    8 STREET","AVENUE S","AVENUE T","AVENUE S","AVENUE T","ADDRESS","BROOKLYN","WEST    8 STREET",,"Closed",,"2024 Mar 26 08:25:38 AM","11 BROOKLYN","BROOKLYN","989,742","158,033","Unspecified","BROOKLYN",,,,,,,,"40.60043865735","-73.98022290026","POINT (-73.980222900264 40.600438657352)"
"60686623","2024 Mar 25 05:39:51 PM","2024 Mar 25 05:39:51 PM","DOHMH","Department of Health and Mental Hygiene","Rodent","Rat Sighting","1-2 Family Dwelling","11219","1572 BAYRIDGE AVENUE","BAYRIDGE AVENUE","NEW UTRECHT AVENUE","16 AVENUE","NEW UTRECHT AVENUE","16 AVENUE","ADDRESS","BROOKLYN","BAY RIDGE AVENUE",,"Closed",,"2024 Mar 25 05:39:51 PM","11 BROOKLYN","BROOKLYN","984,852","165,171","Unspecified","BROOKLYN",,,,,,,,"40.62003268222","-73.99783151695","POINT (-73.997831516952 40.620032682219)"
"60663382","2024 Mar 22 07:41:11 PM","2024 Mar 22 07:41:11 PM","DOHMH","Department of Health and Mental Hygiene","Rodent","Rat Sighting","Commercial Building","11214","8002 17 AVENUE","17 AVENUE","80 STREET","81 STREET","80 STREET","81 STREET","ADDRESS","BROOKLYN","17 AVENUE",,"Closed",,"2024 Mar 22 07:41:11 PM","11 BROOKLYN","BROOKLYN","983,855","162,211","Unspecified","BROOKLYN",,,,,,,,"40.61190810666","-74.0014226687","POINT (-74.0014226687 40.611908106664)"
"60663385","2024 Mar 22 02:23:21 PM","2024 Apr 05 08:55:21 AM","DOHMH","Department of Health and Mental Hygiene","Rodent","Rat Sighting","Vacant Building","11214","35 BAY   31 STREET","BAY   31 STREET","86 STREET","BENSON AVENUE","86 STREET","BENSON AVENUE","ADDRESS","BROOKLYN","BAY   31 STREET",,"Closed",,"2024 Mar 22 02:23:21 PM","11 BROOKLYN","BROOKLYN","985,966","158,135","Unspecified","BROOKLYN",,,,,,,,"40.60072016223","-73.99382053059","POINT (-73.993820530595 40.600720162234)"
"60660995","2024 Mar 22 11:08:33 AM","2024 Mar 29 11:34:08 AM","DOHMH","Department of Health and Mental Hygiene","Rodent","Rat Sighting","1-2 Family Dwelling","11214","2310 83 STREET","83 STREET","23 AVENUE","24 AVENUE","23 AVENUE","24 AVENUE","ADDRESS","BROOKLYN","83 STREET",,"Closed",,"2024 Mar 22 11:08:33 AM","11 BROOKLYN","BROOKLYN","987,213","158,602","Unspecified","BROOKLYN",,,,,,,,"40.60200165324","-73.9893297673","POINT (-73.989329767303 40.602001653241)"
"60622686","2024 Mar 19 04:35:17 PM","2024 Mar 19 04:35:17 PM","DOHMH","Department of Health and Mental Hygiene","Rodent","Rat Sighting","3+ Family Apt. Building","11214","2310 83 STREET","83 STREET","23 AVENUE","24 AVENUE","23 AVENUE","24 AVENUE","ADDRESS","BROOKLYN","83 STREET",,"Closed",,"2024 Mar 19 04:35:17 PM","11 BROOKLYN","BROOKLYN","987,213","158,602","Unspecified","BROOKLYN",,,,,,,,"40.60200165324","-73.9893297673","POINT (-73.989329767303 40.602001653241)"
"60617919","2024 Mar 18 03:05:12 PM","2024 Mar 18 03:05:12 PM","DOHMH","Department of Health and Mental Hygiene","Rodent","Rat Sighting","1-2 Family Dwelling","11228","1530 71 STREET","71 STREET","15 AVENUE","NEW UTRECHT AVENUE","15 AVENUE","NEW UTRECHT AVENUE","ADDRESS","BROOKLYN","71 STREET",,"Closed",,"2024 Mar 18 03:05:12 PM","11 BROOKLYN","BROOKLYN","984,277","164,963","Unspecified","BROOKLYN",,,,,,,,"40.61946178591","-73.99990274329","POINT (-73.999902743287 40.619461785914)"
"60620045","2024 Mar 18 12:50:43 PM","2024 Mar 28 02:44:14 PM","DOHMH","Department of Health and Mental Hygiene","Rodent","Rat Sighting","Parking Lot/Garage","11204","6516 BAY PARKWAY","BAY PARKWAY","WEST 7 STREET","66 STREET","WEST    7 STREET","66 STREET","ADDRESS","BROOKLYN","BAY PARKWAY",,"Closed",,"2024 Mar 18 12:50:43 PM","11 BROOKLYN","BROOKLYN","989,299","162,792","Unspecified","BROOKLYN",,,,,,,,"40.6135014022","-73.98181461832","POINT (-73.981814618319 40.613501402196)"
"60620051","2024 Mar 18 11:47:51 AM",,"DOHMH","Department of Health and Mental Hygiene","Rodent","Rat Sighting","Other (Explain Below)","11214","20 AVENUE","20 AVENUE","20 AVENUE","78 STREET","20 AVENUE","78 STREET","INTERSECTION",,,,"In Progress",,,"11 BROOKLYN","BROOKLYN","986,039","161,196","Unspecified","BROOKLYN",,,,,,,,"40.60912196846","-73.99355684028","POINT (-73.993556840285 40.609121968456)"
"60621076","2024 Mar 18 09:38:06 AM","2024 Mar 18 09:38:06 AM","DOHMH","Department of Health and Mental Hygiene","Rodent","Rat Sighting","Other (Explain Below)","11223","460 KINGS HIGHWAY","KINGS HIGHWAY","KINGS HIGHWAY","LAKE STREET","KINGS HIGHWAY","LAKE STREET","ADDRESS","BROOKLYN",,,"Closed",,"2024 Mar 18 09:38:06 AM","11 BROOKLYN","BROOKLYN","991,770","159,426","Unspecified","BROOKLYN",,,,,,,,"40.60426067024","-73.97291837126","POINT (-73.972918371262 40.604260670238)"
"60608170","2024 Mar 17 09:26:25 PM","2024 Mar 17 09:26:25 PM","DOHMH","Department of Health and Mental Hygiene","Rodent","Rat Sighting","3+ Family Apt. Building","11214","180 BAY   20 STREET","BAY   20 STREET","BATH AVENUE","CROPSEY AVENUE","BATH AVENUE","CROPSEY AVENUE","ADDRESS","BROOKLYN","BAY   20 STREET",,"Closed",,"2024 Mar 17 09:26:25 PM","11 BROOKLYN","BROOKLYN","982,864","158,874","Unspecified","BROOKLYN",,,,,,,,"40.6027486249","-74.00499126154","POINT (-74.004991261542 40.6027486249)"
"60611811","2024 Mar 17 03:11:00 PM","2024 Mar 17 03:11:00 PM","DOHMH","Department of Health and Mental Hygiene","Rodent","Rat Sighting","1-2 Family Dwelling","11228","1584 73 STREET","73 STREET","15 AVENUE","16 AVENUE","15 AVENUE","16 AVENUE","ADDRESS","BROOKLYN","73 STREET",,"Closed",,"2024 Mar 17 03:11:00 PM","11 BROOKLYN","BROOKLYN","984,201","164,357","Unspecified","BROOKLYN",,,,,,,,"40.61779844173","-74.00017649853","POINT (-74.000176498526 40.617798441733)"
"60609034","2024 Mar 17 03:09:02 PM","2024 Mar 17 03:09:02 PM","DOHMH","Department of Health and Mental Hygiene","Rodent","Rat Sighting","1-2 Family Dwelling","11228","1582 73 STREET","73 STREET","15 AVENUE","16 AVENUE","15 AVENUE","16 AVENUE","ADDRESS","BROOKLYN","73 STREET",,"Closed",,"2024 Mar 17 03:09:02 PM","11 BROOKLYN","BROOKLYN","984,192","164,364","Unspecified","BROOKLYN",,,,,,,,"40.61781765523","-74.00020891668","POINT (-74.000208916683 40.617817655225)"
"60604411","2024 Mar 16 01:41:31 PM","2024 Mar 28 10:16:22 AM","DOHMH","Department of Health and Mental Hygiene","Rodent","Rat Sighting","1-2 Family Dwelling","11214","2322 83 STREET","83 STREET","23 AVENUE","24 AVENUE","23 AVENUE","24 AVENUE","ADDRESS","BROOKLYN","83 STREET",,"Closed",,"2024 Mar 16 01:41:31 PM","11 BROOKLYN","BROOKLYN","987,266","158,561","Unspecified","BROOKLYN",,,,,,,,"40.60188909869","-73.98913892421","POINT (-73.98913892421 40.601889098692)"
"60597720","2024 Mar 15 10:04:08 AM","2024 Mar 15 10:04:08 AM","DOHMH","Department of Health and Mental Hygiene","Rodent","Rat Sighting","1-2 Family Dwelling","11223","1908 WEST    8 STREET","WEST    8 STREET","AVENUE S","AVENUE T","AVENUE S","AVENUE T","ADDRESS","BROOKLYN","WEST    8 STREET",,"Closed",,"2024 Mar 15 10:04:08 AM","11 BROOKLYN","BROOKLYN","989,742","158,033","Unspecified","BROOKLYN",,,,,,,,"40.60043865735","-73.98022290026","POINT (-73.980222900264 40.600438657352)"
"60572811","2024 Mar 13 10:29:44 PM","2024 Mar 13 10:29:44 PM","DOHMH","Department of Health and Mental Hygiene","Rodent","Rat Sighting","Other (Explain Below)","11204","2524 65 STREET","65 STREET","DAHILL ROAD","MCDONALD AVENUE","DAHILL ROAD","MCDONALD AVENUE","ADDRESS","BROOKLYN","65 STREET",,"Closed",,"2024 Mar 13 10:29:44 PM","11 BROOKLYN","BROOKLYN","991,471","161,276","Unspecified","BROOKLYN",,,,,,,,"40.60933879042","-73.97399317605","POINT (-73.973993176045 40.609338790423)"
"60562355","2024 Mar 12 04:44:38 PM","2024 Mar 22 11:01:19 AM","DOHMH","Department of Health and Mental Hygiene","Rodent","Rat Sighting","1-2 Family Dwelling","11228","1532 71 STREET","71 STREET","15 AVENUE","NEW UTRECHT AVENUE","15 AVENUE","NEW UTRECHT AVENUE","ADDRESS","BROOKLYN","71 STREET",,"Closed",,"2024 Mar 12 04:44:38 PM","11 BROOKLYN","BROOKLYN","984,286","164,955","Unspecified","BROOKLYN",,,,,,,,"40.61943982755","-73.99987032442","POINT (-73.999870324425 40.619439827546)"
"60566413","2024 Mar 12 12:37:26 PM","2024 Mar 22 11:01:19 AM","DOHMH","Department of Health and Mental Hygiene","Rodent","Rat Sighting","3+ Family Apt. Building","11228","1532 71 STREET","71 STREET","15 AVENUE","NEW UTRECHT AVENUE","15 AVENUE","NEW UTRECHT AVENUE","ADDRESS","BROOKLYN","71 STREET",,"Closed",,"2024 Mar 12 12:37:26 PM","11 BROOKLYN","BROOKLYN","984,286","164,955","Unspecified","BROOKLYN",,,,,,,,"40.61943982755","-73.99987032442","POINT (-73.999870324425 40.619439827546)"
"60540734","2024 Mar 10 03:18:40 PM","2024 Mar 11 10:51:28 AM","DOHMH","Department of Health and Mental Hygiene","Rodent","Rat Sighting","1-2 Family Dwelling","11214","162 BAY   34 STREET","BAY   34 STREET","BENSON AVENUE","BATH AVENUE","BENSON AVENUE","BATH AVENUE","ADDRESS","BROOKLYN","BAY   34 STREET",,"Closed",,"2024 Mar 10 03:18:40 PM","11 BROOKLYN","BROOKLYN","985,905","156,811","Unspecified","BROOKLYN",,,,,,,,"40.59708606173","-73.99404052142","POINT (-73.994040521417 40.597086061729)"
"60546539","2024 Mar 10 11:10:41 AM","2024 Mar 11 11:04:16 AM","DOHMH","Department of Health and Mental Hygiene","Rodent","Rat Sighting","3+ Family Apt. Building","11228","1532 71 STREET","71 STREET","15 AVENUE","NEW UTRECHT AVENUE","15 AVENUE","NEW UTRECHT AVENUE","ADDRESS","BROOKLYN","71 STREET",,"Closed",,"2024 Mar 10 11:10:41 AM","11 BROOKLYN","BROOKLYN","984,286","164,955","Unspecified","BROOKLYN",,,,,,,,"40.61943982755","-73.99987032442","POINT (-73.999870324425 40.619439827546)"
"60528967","2024 Mar 08 09:58:59 PM","2024 Mar 08 09:58:59 PM","DOHMH","Department of Health and Mental Hygiene","Rodent","Rat Sighting","Other (Explain Below)","11219","6523 15 AVENUE","15 AVENUE","65 STREET","66 STREET","65 STREET","66 STREET","ADDRESS","BROOKLYN","15 AVENUE",,"Closed",,"2024 Mar 08 09:58:59 PM","11 BROOKLYN","BROOKLYN","984,998","166,301","Unspecified","BROOKLYN",,,,,,,,"40.62313428535","-73.99730548057","POINT (-73.997305480574 40.623134285353)"
"60527708","2024 Mar 08 09:23:53 PM","2024 Mar 08 09:23:53 PM","DOHMH","Department of Health and Mental Hygiene","Rodent","Rat Sighting","3+ Family Mixed Use Building","11204","2486 65 STREET","65 STREET","WEST 1 STREET","DAHILL ROAD","WEST    1 STREET","DAHILL ROAD","ADDRESS","BROOKLYN","65 STREET",,"Closed",,"2024 Mar 08 09:23:53 PM","11 BROOKLYN","BROOKLYN","991,243","161,457","Unspecified","BROOKLYN",,,,,,,,"40.60983578112","-73.97481414296","POINT (-73.974814142963 40.609835781119)"
"60522816","2024 Mar 08 02:26:38 PM","2024 Mar 08 02:26:38 PM","DOHMH","Department of Health and Mental Hygiene","Rodent","Rat Sighting","Vacant Building","11214","33 BAY   31 STREET","BAY   31 STREET","86 STREET","BENSON AVENUE","86 STREET","BENSON AVENUE","ADDRESS","BROOKLYN","BAY   31 STREET",,"Closed",,"2024 Mar 08 02:26:38 PM","11 BROOKLYN","BROOKLYN","985,974","158,145","Unspecified","BROOKLYN",,,,,,,,"40.60074760865","-73.99379171933","POINT (-73.993791719328 40.600747608653)"
"60527711","2024 Mar 08 07:05:58 AM","2024 Mar 08 07:05:58 AM","DOHMH","Department of Health and Mental Hygiene","Rodent","Rat Sighting","1-2 Family Dwelling","11223","11 LAKE STREET","LAKE STREET","KINGS HIGHWAY","AVENUE S","KINGS HIGHWAY","AVENUE S","ADDRESS","BROOKLYN","LAKE STREET",,"Closed",,"2024 Mar 08 07:05:58 AM","11 BROOKLYN","BROOKLYN","991,715","159,227","Unspecified","BROOKLYN",,,,,,,,"40.6037145023","-73.97311666161","POINT (-73.973116661612 40.603714502302)"
"60508350","2024 Mar 06 07:51:35 PM","2024 Mar 06 07:51:35 PM","DOHMH","Department of Health and Mental Hygiene","Rodent","Rat Sighting","Other (Explain Below)","11214","2106 CROPSEY AVENUE","CROPSEY AVENUE","21 AVENUE","21 LANE","21 AVENUE","21 LANE","ADDRESS","BROOKLYN","CROPSEY AVENUE",,"Closed",,"2024 Mar 06 07:51:35 PM","11 BROOKLYN","BROOKLYN","984,107","157,367","Unspecified","BROOKLYN",,,,,,,,"40.59861232276","-74.00051493953","POINT (-74.000514939527 40.598612322761)"
"60508348","2024 Mar 06 07:29:09 PM","2024 Mar 06 07:29:09 PM","DOHMH","Department of Health and Mental Hygiene","Rodent","Rat Sighting","Other (Explain Below)","11228","1555 74 STREET","74 STREET","15 AVENUE","16 AVENUE","15 AVENUE","16 AVENUE","ADDRESS","BROOKLYN","74 STREET",,"Closed",,"2024 Mar 06 07:29:09 PM","11 BROOKLYN","BROOKLYN","983,913","164,263","Unspecified","BROOKLYN",,,,,,,,"40.61754042496","-74.00121387293","POINT (-74.001213872927 40.617540424964)"
"60508353","2024 Mar 06 12:17:40 PM","2024 Mar 14 09:52:46 AM","DOHMH","Department of Health and Mental Hygiene","Rodent","Rat Sighting","Other (Explain Below)","11214","33 BAY   31 STREET","BAY   31 STREET","86 STREET","BENSON AVENUE","86 STREET","BENSON AVENUE","ADDRESS","BROOKLYN","BAY   31 STREET",,"Closed",,"2024 Mar 06 12:17:40 PM","11 BROOKLYN","BROOKLYN","985,974","158,145","Unspecified","BROOKLYN",,,,,,,,"40.60074760865","-73.99379171933","POINT (-73.993791719328 40.600747608653)"
"60482396","2024 Mar 03 08:50:23 PM","2024 Mar 03 08:50:23 PM","DOHMH","Department of Health and Mental Hygiene","Rodent","Rat Sighting","1-2 Family Dwelling","11214","162 BAY   34 STREET","BAY   34 STREET","BENSON AVENUE","BATH AVENUE","BENSON AVENUE","BATH AVENUE","ADDRESS","BROOKLYN","BAY   34 STREET",,"Closed",,"2024 Mar 03 08:50:23 PM","11 BROOKLYN","BROOKLYN","985,905","156,811","Unspecified","BROOKLYN",,,,,,,,"40.59708606173","-73.99404052142","POINT (-73.994040521417 40.597086061729)"
"60449266","2024 Feb 29 11:34:14 AM","2024 Mar 04 01:04:50 PM","DOHMH","Department of Health and Mental Hygiene","Rodent","Rat Sighting","1-2 Family Dwelling","11223","1754 WEST    1 STREET","WEST    1 STREET","QUENTIN ROAD","KINGS HIGHWAY","QUENTIN ROAD","KINGS HIGHWAY","ADDRESS","BROOKLYN","WEST    1 STREET",,"Closed",,"2024 Feb 29 11:34:14 AM","11 BROOKLYN","BROOKLYN","991,377","159,717","Unspecified","BROOKLYN",,,,,,,,"40.60505973065","-73.97433336732","POINT (-73.974333367319 40.605059730652)"
"60425211","2024 Feb 26 06:48:56 PM","2024 Feb 26 06:48:56 PM","DOHMH","Department of Health and Mental Hygiene","Rodent","Rat Sighting","3+ Family Apt. Building","11204","1655 71 STREET","71 STREET","16 AVENUE","17 AVENUE","16 AVENUE","17 AVENUE","ADDRESS","BROOKLYN","71 STREET",,"Closed",,"2024 Feb 26 06:48:56 PM","11 BROOKLYN","BROOKLYN","985,045","164,360","Unspecified","BROOKLYN",,,,,,,,"40.61780664058","-73.99713640111","POINT (-73.997136401109 40.617806640578)"
"60421527","2024 Feb 26 01:51:39 PM","2024 Feb 26 01:51:39 PM","DOHMH","Department of Health and Mental Hygiene","Rodent","Rat Sighting","3+ Family Apt. Building","11204","2411 64 STREET","64 STREET","24 AVENUE","DAHILL ROAD","24 AVENUE","DAHILL ROAD","ADDRESS","BROOKLYN","64 STREET",,"Closed",,"2024 Feb 26 01:51:39 PM","11 BROOKLYN","BROOKLYN","990,934","162,067","Unspecified","BROOKLYN",,,,,,,,"40.61151034414","-73.97592642771","POINT (-73.975926427711 40.611510344145)"
"60422728","2024 Feb 26 01:42:35 PM","2024 Feb 26 01:42:35 PM","DOHMH","Department of Health and Mental Hygiene","Rodent","Rat Sighting","Other (Explain Below)","11204","71 STREET","71 STREET","16 AVENUE","17 AVENUE","16 AVENUE","17 AVENUE","BLOCKFACE","BROOKLYN",,"N/A","Closed",,"2024 Aug 20 12:22:42 PM","11 BROOKLYN","BROOKLYN",,,"Unspecified","BROOKLYN",,,,,,,,,,
"60398677","2024 Feb 23 06:28:58 PM","2024 Feb 23 06:28:58 PM","DOHMH","Department of Health and Mental Hygiene","Rodent","Rat Sighting","Parking Lot/Garage","11219","1551 BAY RIDGE AVENUE","BAY RIDGE AVENUE","NEW UTRECHT AVENUE","16 AVENUE","NEW UTRECHT AVENUE","16 AVENUE","ADDRESS","BROOKLYN","BAY RIDGE AVENUE",,"Closed",,"2024 Feb 23 06:28:58 PM","11 BROOKLYN","BROOKLYN","984,793","165,225","Unspecified","BROOKLYN",,,,,,,,"40.62018090479","-73.99804403836","POINT (-73.998044038356 40.620180904789)"
"60396423","2024 Feb 23 09:59:44 AM","2024 Feb 23 09:59:44 AM","DOHMH","Department of Health and Mental Hygiene","Rodent","Rat Sighting","Other (Explain Below)","11214","2515 86 STREET","86 STREET","25 AVENUE","BAY 40 STREET","25 AVENUE","BAY   40 STREET","ADDRESS","BROOKLYN","86 STREET",,"Closed",,"2024 Feb 23 09:59:44 AM","11 BROOKLYN","BROOKLYN","987,916","157,033","Unspecified","BROOKLYN",,,,,,,,"40.59769480322","-73.98679900439","POINT (-73.986799004391 40.597694803216)"
"60397563","2024 Feb 23 09:56:46 AM","2024 Feb 23 09:56:46 AM","DOHMH","Department of Health and Mental Hygiene","Rodent","Rat Sighting","Other (Explain Below)","11214","2535 86 STREET","86 STREET","BAY 40 STREET","BAY 41 STREET","BAY   40 STREET","BAY   41 STREET","ADDRESS","BROOKLYN","86 STREET",,"Closed",,"2024 Feb 23 09:56:46 AM","11 BROOKLYN","BROOKLYN","988,070","156,910","Unspecified","BROOKLYN",,,,,,,,"40.59735712802","-73.98624453131","POINT (-73.98624453131 40.597357128023)"
"60378784","2024 Feb 21 10:31:16 PM","2024 Feb 22 02:40:53 PM","DOHMH","Department of Health and Mental Hygiene","Rodent","Rat Sighting","Vacant Building","11214","2517 86 STREET","86 STREET","25 AVENUE","BAY 40 STREET","25 AVENUE","BAY   40 STREET","ADDRESS","BROOKLYN","86 STREET",,"Closed",,"2024 Feb 21 10:31:16 PM","11 BROOKLYN","BROOKLYN","987,927","157,025","Unspecified","BROOKLYN",,,,,,,,"40.59767284028","-73.98675939856","POINT (-73.986759398557 40.597672840276)"
"60378781","2024 Feb 21 11:30:27 AM","2024 Feb 23 12:25:28 PM","DOHMH","Department of Health and Mental Hygiene","Rodent","Rat Sighting","Commercial Building","11214","8521 25 AVENUE","25 AVENUE","85 STREET","86 STREET","85 STREET","86 STREET","ADDRESS","BROOKLYN","25 AVENUE",,"Closed",,"2024 Feb 21 11:30:27 AM","11 BROOKLYN","BROOKLYN","987,932","157,269","Unspecified","BROOKLYN",,,,,,,,"40.59834256888","-73.98674126094","POINT (-73.986741260943 40.598342568882)"
"60337180","2024 Feb 16 08:36:01 PM","2024 Feb 23 12:23:33 PM","DOHMH","Department of Health and Mental Hygiene","Rodent","Rat Sighting","Commercial Building","11214","2505 86 STREET","86 STREET","25 AVENUE","BAY 40 STREET","25 AVENUE","BAY   40 STREET","ADDRESS","BROOKLYN","86 STREET",,"Closed",,"2024 Feb 16 08:36:01 PM","11 BROOKLYN","BROOKLYN","987,861","157,077","Unspecified","BROOKLYN",,,,,,,,"40.59781559691","-73.98699703181","POINT (-73.986997031812 40.597815596906)"
"60340658","2024 Feb 16 08:04:57 PM","2024 Feb 23 12:23:33 PM","DOHMH","Department of Health and Mental Hygiene","Rodent","Rat Sighting","Commercial Building","11214","2501 86 STREET","86 STREET","25 AVENUE","BAY 40 STREET","25 AVENUE","BAY   40 STREET","ADDRESS","BROOKLYN","86 STREET",,"Closed",,"2024 Feb 16 08:04:57 PM","11 BROOKLYN","BROOKLYN","987,839","157,095","Unspecified","BROOKLYN",,,,,,,,"40.5978650122","-73.98707624277","POINT (-73.987076242769 40.597865012205)"
"60322463","2024 Feb 14 12:32:18 PM","2024 Feb 14 12:32:18 PM","DOHMH","Department of Health and Mental Hygiene","Rodent","Rat Sighting","3+ Family Apt. Building","11228","1532 71 STREET","71 STREET","15 AVENUE","NEW UTRECHT AVENUE","15 AVENUE","NEW UTRECHT AVENUE","ADDRESS","BROOKLYN","71 STREET",,"Closed",,"2024 Feb 14 12:32:18 PM","11 BROOKLYN","BROOKLYN","984,286","164,955","Unspecified","BROOKLYN",,,,,,,,"40.61943982755","-73.99987032442","POINT (-73.999870324425 40.619439827546)"
"60297855","2024 Feb 11 11:49:45 PM","2024 Feb 11 11:49:45 PM","DOHMH","Department of Health and Mental Hygiene","Rodent","Rat Sighting","3+ Family Apt. Building","11214","2526 85 STREET","85 STREET","25 AVENUE","STILLWELL AVENUE","25 AVENUE","STILLWELL AVENUE","ADDRESS","BROOKLYN","85 STREET",,"Closed",,"2024 Feb 11 11:49:45 PM","11 BROOKLYN","BROOKLYN","988,080","157,253","Unspecified","BROOKLYN",,,,,,,,"40.59829858939","-73.98620832777","POINT (-73.986208327769 40.598298589395)"
"60300576","2024 Feb 11 08:52:50 AM","2024 Feb 12 02:40:41 PM","DOHMH","Department of Health and Mental Hygiene","Rodent","Rat Sighting","Parking Lot/Garage","11204","6516 BAY PARKWAY","BAY PARKWAY","WEST 7 STREET","66 STREET","WEST    7 STREET","66 STREET","ADDRESS","BROOKLYN","BAY PARKWAY",,"Closed",,"2024 Feb 11 08:52:50 AM","11 BROOKLYN","BROOKLYN","989,299","162,792","Unspecified","BROOKLYN",,,,,,,,"40.6135014022","-73.98181461832","POINT (-73.981814618319 40.613501402196)"
"60290040","2024 Feb 11 12:54:51 AM","2024 Feb 11 12:54:51 AM","DOHMH","Department of Health and Mental Hygiene","Rodent","Rat Sighting","Commercial Building","11204","6516 BAY PARKWAY","BAY PARKWAY","WEST 7 STREET","66 STREET","WEST    7 STREET","66 STREET","ADDRESS","BROOKLYN","BAY PARKWAY",,"Closed",,"2024 Feb 11 12:54:51 AM","11 BROOKLYN","BROOKLYN","989,299","162,792","Unspecified","BROOKLYN",,,,,,,,"40.6135014022","-73.98181461832","POINT (-73.981814618319 40.613501402196)"
"60287970","2024 Feb 10 09:08:40 AM","2024 Feb 12 03:04:56 PM","DOHMH","Department of Health and Mental Hygiene","Rodent","Rat Sighting","Parking Lot/Garage","11204","2167 66 STREET","66 STREET","21 AVENUE","SEA BEACH LINE","21 AVENUE","SEA BEACH LINE","ADDRESS","BROOKLYN","66 STREET",,"Closed",,"2024 Feb 10 09:08:40 AM","11 BROOKLYN","BROOKLYN","989,084","162,813","Unspecified","BROOKLYN",,,,,,,,"40.61355916277","-73.98258898573","POINT (-73.982588985729 40.613559162766)"
"60239904","2024 Feb 05 01:46:20 PM","2024 Feb 05 01:46:20 PM","DOHMH","Department of Health and Mental Hygiene","Rodent","Rat Sighting","1-2 Family Dwelling","11228","1541 BAY RIDGE PARKWAY","BAY RIDGE PARKWAY","15 AVENUE","16 AVENUE","15 AVENUE","16 AVENUE","ADDRESS","BROOKLYN","BAY RIDGE PARKWAY",,"Closed",,"2024 Feb 05 01:46:20 PM","11 BROOKLYN","BROOKLYN","983,678","164,092","Unspecified","BROOKLYN",,,,,,,,"40.61707105338","-74.00206032769","POINT (-74.002060327692 40.617071053375)"
"60242531","2024 Feb 05 10:17:22 AM","2024 Feb 23 12:58:10 PM","DOHMH","Department of Health and Mental Hygiene","Rodent","Rat Sighting","Commercial Building","11214","2515 86 STREET","86 STREET","BAY 40 STREET","BAY 41 STREET","BAY   40 STREET","BAY   41 STREET","ADDRESS","BROOKLYN","86 STREET",,"Closed",,"2024 Feb 05 10:17:22 AM","11 BROOKLYN","BROOKLYN","987,916","157,033","Unspecified","BROOKLYN",,,,,,,,"40.59769480322","-73.98679900439","POINT (-73.986799004391 40.597694803216)"
"60236120","2024 Feb 05 10:07:41 AM","2024 Feb 12 11:07:24 AM","DOHMH","Department of Health and Mental Hygiene","Rodent","Rat Sighting","Vacant Building","11214","2505 86 STREET","86 STREET","25 AVENUE","BAY 40 STREET","25 AVENUE","BAY   40 STREET","ADDRESS","BROOKLYN","86 STREET",,"Closed",,"2024 Feb 05 10:07:41 AM","11 BROOKLYN","BROOKLYN","987,861","157,077","Unspecified","BROOKLYN",,,,,,,,"40.59781559691","-73.98699703181","POINT (-73.986997031812 40.597815596906)"
"60245110","2024 Feb 05 09:29:43 AM","2024 Feb 05 09:29:43 AM","DOHMH","Department of Health and Mental Hygiene","Rodent","Rat Sighting","Vacant Lot","11214","2432 86 STREET","86 STREET","BAY 37 STREET","BAY 38 STREET","BAY   37 STREET","BAY   38 STREET","ADDRESS","BROOKLYN","86 STREET",,"Closed",,"2024 Feb 05 09:29:43 AM","11 BROOKLYN","BROOKLYN","987,436","157,404","Unspecified","BROOKLYN",,,,,,,,"40.59871330876","-73.988527274","POINT (-73.988527273996 40.598713308764)"
"60234028","2024 Feb 04 02:54:03 PM","2024 Feb 23 12:40:32 PM","DOHMH","Department of Health and Mental Hygiene","Rodent","Rat Sighting","Other (Explain Below)","11204","2154 21 AVENUE","21 AVENUE","21 AVENUE","66 STREET","21 AVENUE","66 STREET","INTERSECTION","BROOKLYN",,,"Closed",,"2024 Feb 04 02:54:03 PM","11 BROOKLYN","BROOKLYN","988,613","163,188","Unspecified","BROOKLYN",,,,,,,,"40.61458870476","-73.98428518271","POINT (-73.984285182713 40.614588704756)"
"60230391","2024 Feb 04 11:42:52 AM","2024 Feb 04 11:42:52 AM","DOHMH","Department of Health and Mental Hygiene","Rodent","Rat Sighting","1-2 Family Dwelling","11228","1555 BAYRIDGE PARKWAY","BAYRIDGE PARKWAY","15 AVENUE","16 AVENUE","15 AVENUE","16 AVENUE","ADDRESS","BROOKLYN","BAY RIDGE PARKWAY",,"Closed",,"2024 Feb 04 11:42:52 AM","11 BROOKLYN","BROOKLYN","983,739","164,044","Unspecified","BROOKLYN",,,,,,,,"40.61693930705","-74.0018406038","POINT (-74.001840603798 40.616939307055)"
"60224027","2024 Feb 03 02:50:17 PM","2024 Feb 03 02:50:17 PM","DOHMH","Department of Health and Mental Hygiene","Rodent","Rat Sighting","3+ Family Apt. Building","11204","1516 WEST   10 STREET","WEST   10 STREET","AVENUE O","AVENUE P","AVENUE O","AVENUE P","ADDRESS","BROOKLYN","WEST   10 STREET",,"Closed",,"2024 Feb 03 02:50:17 PM","11 BROOKLYN","BROOKLYN","988,736","161,349","Unspecified","BROOKLYN",,,,,,,,"40.60954096713","-73.98384337841","POINT (-73.983843378406 40.609540967125)"
"60205428","2024 Feb 01 06:19:46 PM","2024 Feb 01 06:19:46 PM","DOHMH","Department of Health and Mental Hygiene","Rodent","Rat Sighting","Other (Explain Below)","11204","7401 BAY PARKWAY","BAY PARKWAY","74 STREET","BAY RIDGE PARKWAY","74 STREET","BAY RIDGE PARKWAY","ADDRESS","BROOKLYN","BAY PARKWAY",,"Closed",,"2024 Feb 01 06:19:46 PM","11 BROOKLYN","BROOKLYN","987,915","161,032","Unspecified","BROOKLYN",,,,,,,,"40.60867124476","-73.98680043544","POINT (-73.986800435441 40.608671244756)"
"60172157","2024 Jan 29 03:55:47 PM","2024 Jan 29 03:55:47 PM","DOHMH","Department of Health and Mental Hygiene","Rodent","Rat Sighting","Commercial Building","11228","1501 86 STREET","86 STREET","15 AVENUE","BAY 10 STREET","15 AVENUE","BAY   10 STREET","ADDRESS","BROOKLYN","86 STREET",,"Closed",,"2024 Jan 29 03:55:47 PM","11 BROOKLYN","BROOKLYN","981,642","162,006","Unspecified","BROOKLYN",,,,,,,,"40.61134504886","-74.00939313591","POINT (-74.009393135907 40.611345048856)"
"60158983","2024 Jan 27 10:38:17 AM","2024 Feb 05 10:59:09 AM","DOHMH","Department of Health and Mental Hygiene","Rodent","Rat Sighting","3+ Family Apt. Building","11223","1754 WEST    1 STREET","WEST    1 STREET","QUENTIN ROAD","KINGS HIGHWAY","QUENTIN ROAD","KINGS HIGHWAY","ADDRESS","BROOKLYN","WEST    1 STREET",,"Closed",,"2024 Jan 27 10:38:17 AM","11 BROOKLYN","BROOKLYN","991,377","159,717","Unspecified","BROOKLYN",,,,,,,,"40.60505973065","-73.97433336732","POINT (-73.974333367319 40.605059730652)"
"60150150","2024 Jan 26 09:47:50 AM","2024 Jan 26 09:47:50 AM","DOHMH","Department of Health and Mental Hygiene","Rodent","Rat Sighting","Other (Explain Below)","11204","66 STREET","66 STREET","66 STREET","BAY PARKWAY","66 STREET","BAY PARKWAY","INTERSECTION","BROOKLYN",,,"Closed",,"2024 Jan 26 09:47:50 AM","11 BROOKLYN","BROOKLYN","989,231","162,696","Unspecified","BROOKLYN",,,,,,,,"40.61323794049","-73.98205961009","POINT (-73.982059610094 40.613237940493)"
"60127146","2024 Jan 24 10:51:01 PM","2024 Feb 05 10:54:46 AM","DOHMH","Department of Health and Mental Hygiene","Rodent","Rat Sighting","3+ Family Apt. Building","11223","1754 WEST    1 STREET","WEST    1 STREET","QUENTIN ROAD","KINGS HIGHWAY","QUENTIN ROAD","KINGS HIGHWAY","ADDRESS","BROOKLYN","WEST    1 STREET",,"Closed",,"2024 Jan 24 10:51:01 PM","11 BROOKLYN","BROOKLYN","991,377","159,717","Unspecified","BROOKLYN",,,,,,,,"40.60505973065","-73.97433336732","POINT (-73.974333367319 40.605059730652)"
"60115803","2024 Jan 24 01:11:48 AM","2024 Jan 24 01:11:48 AM","DOHMH","Department of Health and Mental Hygiene","Rodent","Rat Sighting","3+ Family Apt. Building","11214","2315 CROPSEY AVENUE","CROPSEY AVENUE","23 AVENUE","BAY 34 STREET","23 AVENUE","BAY   34 STREET","ADDRESS","BROOKLYN","CROPSEY AVENUE",,"Closed",,"2024 Jan 24 01:11:48 AM","11 BROOKLYN","BROOKLYN","985,224","156,212","Unspecified","BROOKLYN",,,,,,,,"40.59544202851","-73.99649281618","POINT (-73.99649281618 40.595442028508)"
"60119654","2024 Jan 23 04:11:27 PM","2024 Feb 05 09:23:43 AM","DOHMH","Department of Health and Mental Hygiene","Rodent","Rat Sighting","3+ Family Apt. Building","11230","264 AVENUE O","AVENUE O","DAHILL ROAD","MCDONALD AVENUE","DAHILL ROAD","MCDONALD AVENUE","ADDRESS","BROOKLYN","AVENUE O",,"Closed",,"2024 Jan 23 04:11:27 PM","11 BROOKLYN","BROOKLYN","991,369","161,978","Unspecified","BROOKLYN",,,,,,,,"40.61126571866","-73.97435979452","POINT (-73.974359794523 40.611265718656)"
"60080889","2024 Jan 19 06:29:57 PM","2024 Jan 22 11:34:36 AM","DOHMH","Department of Health and Mental Hygiene","Rodent","Rat Sighting","3+ Family Mixed Use Building","11204","209 AVENUE P","AVENUE P","WEST 7 STREET","WEST 6 STREET","WEST    7 STREET","WEST    6 STREET","ADDRESS","BROOKLYN","AVENUE P",,"Closed",,"2024 Jan 19 06:29:57 PM","11 BROOKLYN","BROOKLYN","989,722","160,795","Unspecified","BROOKLYN",,,,,,,,"40.60801979672","-73.98029268409","POINT (-73.980292684093 40.608019796717)"
"60079573","2024 Jan 19 03:09:30 PM","2024 Jan 19 03:09:30 PM","DOHMH","Department of Health and Mental Hygiene","Rodent","Rat Sighting","Parking Lot/Garage","11204","6514 BAY PARKWAY","BAY PARKWAY","WEST 7 STREET","66 STREET","WEST    7 STREET","66 STREET","ADDRESS","BROOKLYN","BAY PARKWAY",,"Closed",,"2024 Jan 19 03:09:30 PM","11 BROOKLYN","BROOKLYN","989,300","162,794","Unspecified","BROOKLYN",,,,,,,,"40.61350689121","-73.98181101504","POINT (-73.981811015045 40.613506891213)"
"60082175","2024 Jan 19 10:38:07 AM","2024 Jan 19 10:38:07 AM","DOHMH","Department of Health and Mental Hygiene","Rodent","Rat Sighting","1-2 Family Dwelling","11223","1970 WEST    6 STREET","WEST    6 STREET","AVENUE S","AVENUE T","AVENUE S","AVENUE T","ADDRESS","BROOKLYN","WEST    6 STREET",,"Closed",,"2024 Jan 19 10:38:07 AM","11 BROOKLYN","BROOKLYN","990,331","157,726","Unspecified","BROOKLYN",,,,,,,,"40.59959562001","-73.97810214398","POINT (-73.978102143984 40.599595620008)"
"60060833","2024 Jan 18 07:25:18 PM","2024 Jan 18 07:25:18 PM","DOHMH","Department of Health and Mental Hygiene","Rodent","Rat Sighting","3+ Family Apt. Building","11214","2050 21 DRIVE","21 DRIVE","BAY 25 STREET","20 LANE","BAY   25 STREET","20 LANE","ADDRESS","BROOKLYN","21 DRIVE",,"Closed",,"2024 Jan 18 07:25:18 PM","11 BROOKLYN","BROOKLYN","983,544","157,278","Unspecified","BROOKLYN",,,,,,,,"40.59836800879","-74.00254227955","POINT (-74.002542279551 40.598368008792)"
"60060836","2024 Jan 18 01:20:49 PM","2024 Jan 18 01:20:49 PM","DOHMH","Department of Health and Mental Hygiene","Rodent","Rat Sighting","Commercial Building","11219","6501 NEW UTRECHT AVENUE","NEW UTRECHT AVENUE","65 STREET","66 STREET","65 STREET","66 STREET","ADDRESS","BROOKLYN","NEW UTRECHT AVENUE",,"Closed",,"2024 Jan 18 01:20:49 PM","11 BROOKLYN","BROOKLYN","984,879","166,453","Unspecified","BROOKLYN",,,,,,,,"40.62355150281","-73.99773413996","POINT (-73.997734139956 40.623551502814)"
"60025332","2024 Jan 14 11:38:57 AM","2024 Jan 14 11:38:57 AM","DOHMH","Department of Health and Mental Hygiene","Rodent","Rat Sighting","1-2 Family Dwelling","11204","6510 BAY PARKWAY","BAY PARKWAY","65 STREET","WEST 7 STREET","65 STREET","WEST    7 STREET","ADDRESS","BROOKLYN","BAY PARKWAY",,"Closed",,"2024 Jan 14 11:38:57 AM","11 BROOKLYN","BROOKLYN","989,329","162,830","Unspecified","BROOKLYN",,,,,,,,"40.61360568721","-73.98170653637","POINT (-73.981706536373 40.613605687207)"
"59993002","2024 Jan 11 10:53:47 PM","2024 Jan 12 11:18:05 AM","DOHMH","Department of Health and Mental Hygiene","Rodent","Rat Sighting","1-2 Family Dwelling","11204","1527 WEST   12 STREET","WEST   12 STREET","BAY PARKWAY","AVENUE P","BAY PARKWAY","AVENUE P","ADDRESS","BROOKLYN","WEST   12 STREET",,"Closed",,"2024 Jan 11 10:53:47 PM","11 BROOKLYN","BROOKLYN","988,247","161,129","Unspecified","BROOKLYN",,,,,,,,"40.60893734633","-73.98560467398","POINT (-73.985604673977 40.608937346331)"
"59998157","2024 Jan 11 04:34:40 PM","2024 Jan 12 10:58:29 AM","DOHMH","Department of Health and Mental Hygiene","Rodent","Rat Sighting","Commercial Building","11223","425 KINGS HIGHWAY","KINGS HIGHWAY","KINGS PLACE","WEST 1 STREET","KINGS PLACE","WEST    1 STREET","ADDRESS","BROOKLYN","KINGS HIGHWAY",,"Closed",,"2024 Jan 11 04:34:40 PM","11 BROOKLYN","BROOKLYN","991,384","159,488","Unspecified","BROOKLYN",,,,,,,,"40.60443116674","-73.97430839994","POINT (-73.974308399935 40.604431166742)"
"59996868","2024 Jan 11 04:31:03 PM","2024 Jan 11 04:31:03 PM","DOHMH","Department of Health and Mental Hygiene","Rodent","Rat Sighting","3+ Family Apt. Building","11223","1756 WEST    1 STREET","WEST    1 STREET","QUENTIN ROAD","KINGS HIGHWAY","QUENTIN ROAD","KINGS HIGHWAY","ADDRESS","BROOKLYN","WEST    1 STREET",,"Closed",,"2024 Jan 11 04:31:03 PM","11 BROOKLYN","BROOKLYN","991,378","159,708","Unspecified","BROOKLYN",,,,,,,,"40.60503502668","-73.97432977549","POINT (-73.974329775494 40.605035026685)"
"59982879","2024 Jan 10 04:09:12 PM","2024 Jan 10 04:09:12 PM","DOHMH","Department of Health and Mental Hygiene","Rodent","Rat Sighting","Vacant Lot","11204","2167 66 STREET","66 STREET","21 AVENUE","SEA BEACH LINE","21 AVENUE","SEA BEACH LINE","ADDRESS","BROOKLYN","66 STREET",,"Closed",,"2024 Jan 10 04:09:12 PM","11 BROOKLYN","BROOKLYN","989,084","162,813","Unspecified","BROOKLYN",,,,,,,,"40.61355916277","-73.98258898573","POINT (-73.982588985729 40.613559162766)"
"59984335","2024 Jan 10 07:45:21 AM","2024 Jan 10 07:45:21 AM","DOHMH","Department of Health and Mental Hygiene","Rodent","Rat Sighting","Vacant Lot","11204","6511 BAY PARKWAY","BAY PARKWAY","65 STREET","WEST 7 STREET","65 STREET","WEST    7 STREET","ADDRESS","BROOKLYN","BAY PARKWAY",,"Closed",,"2024 Jan 10 07:45:21 AM","11 BROOKLYN","BROOKLYN","989,387","162,890","Unspecified","BROOKLYN",,,,,,,,"40.61377034138","-73.98149758723","POINT (-73.981497587229 40.613770341384)"
"59985804","2024 Jan 10 07:38:52 AM","2024 Jan 10 07:38:52 AM","DOHMH","Department of Health and Mental Hygiene","Rodent","Rat Sighting","1-2 Family Mixed Use Building","11204","10 AVENUE O","AVENUE O","WEST 11 STREET","WEST 10 STREET","WEST   11 STREET","WEST   10 STREET","ADDRESS","BROOKLYN","AVENUE O",,"Closed",,"2024 Jan 10 07:38:52 AM","11 BROOKLYN","BROOKLYN","988,485","161,562","Unspecified","BROOKLYN",,,,,,,,"40.6101257319","-73.98474723768","POINT (-73.984747237683 40.610125731901)"
"59939947","2024 Jan 05 03:01:14 PM","2024 Jan 08 03:39:35 PM","DOHMH","Department of Health and Mental Hygiene","Rodent","Rat Sighting","1-2 Family Dwelling","11214","1621 76 STREET","76 STREET","16 AVENUE","NEW UTRECHT AVENUE","16 AVENUE","NEW UTRECHT AVENUE","ADDRESS","BROOKLYN","76 STREET",,"Closed",,"2024 Jan 05 03:01:14 PM","11 BROOKLYN","BROOKLYN","984,013","163,469","Unspecified","BROOKLYN",,,,,,,,"40.61536106269","-74.00085364537","POINT (-74.000853645375 40.615361062688)"
"59930629","2024 Jan 04 07:25:35 PM","2024 Jan 04 07:25:35 PM","DOHMH","Department of Health and Mental Hygiene","Rodent","Rat Sighting","1-2 Family Dwelling","11228","1467 78 STREET","78 STREET","14 AVENUE","15 AVENUE","14 AVENUE","15 AVENUE","ADDRESS","BROOKLYN","78 STREET",,"Closed",,"2024 Jan 04 07:25:35 PM","11 BROOKLYN","BROOKLYN","982,684","163,860","Unspecified","BROOKLYN",,,,,,,,"40.61643414153","-74.00564063354","POINT (-74.005640633535 40.616434141528)"
"59931934","2024 Jan 04 05:57:20 PM","2024 Jan 04 05:57:20 PM","DOHMH","Department of Health and Mental Hygiene","Rodent","Rat Sighting","3+ Family Apt. Building","11204","1535 WEST   12 STREET","WEST   12 STREET","BAY PARKWAY","AVENUE P","BAY PARKWAY","AVENUE P","ADDRESS","BROOKLYN","WEST   12 STREET",,"Closed",,"2024 Jan 04 05:57:20 PM","11 BROOKLYN","BROOKLYN","988,254","161,083","Unspecified","BROOKLYN",,,,,,,,"40.6088110826","-73.98557949052","POINT (-73.985579490522 40.608811082605)"
"59923890","2024 Jan 04 09:23:32 AM","2024 Jan 04 09:23:32 AM","DOHMH","Department of Health and Mental Hygiene","Rodent","Rat Sighting","School/Pre-School","11204","1527 WEST   12 STREET","WEST   12 STREET","BAY PARKWAY","AVENUE P","BAY PARKWAY","AVENUE P","ADDRESS","BROOKLYN","WEST   12 STREET",,"Closed",,"2024 Jan 04 09:23:32 AM","11 BROOKLYN","BROOKLYN","988,247","161,129","Unspecified","BROOKLYN",,,,,,,,"40.60893734633","-73.98560467398","POINT (-73.985604673977 40.608937346331)"
"59906922","2024 Jan 02 05:36:31 PM","2024 Jan 02 05:36:31 PM","DOHMH","Department of Health and Mental Hygiene","Rodent","Rat Sighting","Vacant Lot","11204","2176 66 STREET","66 STREET","21 AVENUE","SEA BEACH LINE","21 AVENUE","SEA BEACH LINE","ADDRESS","BROOKLYN","66 STREET",,"Closed",,"2024 Jan 02 05:36:31 PM","11 BROOKLYN","BROOKLYN","989,065","162,821","Unspecified","BROOKLYN",,,,,,,,"40.61358113146","-73.98265741388","POINT (-73.982657413881 40.61358113146)"
"59891044","2023 Dec 31 12:58:28 PM","2024 Jan 04 02:38:00 PM","DOHMH","Department of Health and Mental Hygiene","Rodent","Rat Sighting","3+ Family Apt. Building","11223","1754 WEST    1 STREET","WEST    1 STREET","QUENTIN ROAD","KINGS HIGHWAY","QUENTIN ROAD","KINGS HIGHWAY","ADDRESS","BROOKLYN","WEST    1 STREET",,"Closed",,"2023 Dec 31 12:58:28 PM","11 BROOKLYN","BROOKLYN","991,377","159,717","Unspecified","BROOKLYN",,,,,,,,"40.60505973065","-73.97433336732","POINT (-73.974333367319 40.605059730652)"
"59890147","2023 Dec 31 11:57:09 AM","2023 Dec 31 11:57:09 AM","DOHMH","Department of Health and Mental Hygiene","Rodent","Rat Sighting","1-2 Family Dwelling","11228","1418 76 STREET","76 STREET","14 AVENUE","15 AVENUE","14 AVENUE","15 AVENUE","ADDRESS","BROOKLYN","76 STREET",,"Closed",,"2023 Dec 31 11:57:09 AM","11 BROOKLYN","BROOKLYN","982,793","164,428","Unspecified","BROOKLYN",,,,,,,,"40.61799320233","-74.00524814496","POINT (-74.005248144964 40.617993202331)"
"59855248","2023 Dec 27 04:41:22 PM","2023 Dec 27 04:41:22 PM","DOHMH","Department of Health and Mental Hygiene","Rodent","Rat Sighting","1-2 Family Dwelling","11228","1427 BAY RIDGE PARKWAY","BAY RIDGE PARKWAY","14 AVENUE","15 AVENUE","14 AVENUE","15 AVENUE","ADDRESS","BROOKLYN","BAY RIDGE PARKWAY",,"Closed",,"2023 Dec 27 04:41:22 PM","11 BROOKLYN","BROOKLYN","983,006","164,625","Unspecified","BROOKLYN",,,,,,,,"40.61853395889","-74.00448095074","POINT (-74.004480950738 40.618533958886)"
"59850971","2023 Dec 26 01:59:30 PM","2023 Dec 27 04:18:24 PM","DOHMH","Department of Health and Mental Hygiene","Rodent","Rat Sighting","3+ Family Apt. Building","11223","1754 WEST    1 STREET","WEST    1 STREET","QUENTIN ROAD","KINGS HIGHWAY","QUENTIN ROAD","KINGS HIGHWAY","ADDRESS","BROOKLYN","WEST    1 STREET",,"Closed",,"2023 Dec 26 01:59:30 PM","11 BROOKLYN","BROOKLYN","991,377","159,717","Unspecified","BROOKLYN",,,,,,,,"40.60505973065","-73.97433336732","POINT (-73.974333367319 40.605059730652)"
"59847682","2023 Dec 26 09:40:50 AM","2023 Dec 26 09:40:50 AM","DOHMH","Department of Health and Mental Hygiene","Rodent","Rat Sighting","1-2 Family Dwelling","11223","1764 WEST    1 STREET","WEST    1 STREET","QUENTIN ROAD","KINGS HIGHWAY","QUENTIN ROAD","KINGS HIGHWAY","ADDRESS","BROOKLYN","WEST    1 STREET",,"Closed",,"2023 Dec 26 09:40:50 AM","11 BROOKLYN","BROOKLYN","991,383","159,673","Unspecified","BROOKLYN",,,,,,,,"40.6049389548","-73.97431180585","POINT (-73.974311805848 40.604938954805)"
"59836612","2023 Dec 24 10:48:28 PM","2023 Dec 24 10:48:28 PM","DOHMH","Department of Health and Mental Hygiene","Rodent","Rat Sighting","1-2 Family Dwelling","11204","6420 23 AVENUE","23 AVENUE","64 STREET","65 STREET","64 STREET","65 STREET","ADDRESS","BROOKLYN","23 AVENUE",,"Closed",,"2023 Dec 24 10:48:28 PM","11 BROOKLYN","BROOKLYN","990,145","162,584","Unspecified","BROOKLYN",,,,,,,,"40.61292996265","-73.97876769507","POINT (-73.978767695066 40.612929962653)"
"59839151","2023 Dec 24 10:40:51 PM","2023 Dec 27 04:01:07 PM","DOHMH","Department of Health and Mental Hygiene","Rodent","Rat Sighting","1-2 Family Dwelling","11204","6416 24 AVENUE","24 AVENUE","64 STREET","65 STREET","64 STREET","65 STREET","ADDRESS","BROOKLYN","24 AVENUE",,"Closed",,"2023 Dec 24 10:40:51 PM","11 BROOKLYN","BROOKLYN","990,761","162,105","Unspecified","BROOKLYN",,,,,,,,"40.61161477513","-73.97654948021","POINT (-73.97654948021 40.611614775131)"
"59838282","2023 Dec 24 10:40:49 PM","2023 Dec 24 10:40:49 PM","DOHMH","Department of Health and Mental Hygiene","Rodent","Rat Sighting","1-2 Family Dwelling","11204","6416 24 AVENUE","24 AVENUE","64 STREET","65 STREET","64 STREET","65 STREET","ADDRESS","BROOKLYN","24 AVENUE",,"Closed",,"2023 Dec 24 10:40:49 PM","11 BROOKLYN","BROOKLYN","990,761","162,105","Unspecified","BROOKLYN",,,,,,,,"40.61161477513","-73.97654948021","POINT (-73.97654948021 40.611614775131)"
"59812999","2023 Dec 21 07:55:45 PM","2023 Dec 21 07:55:45 PM","DOHMH","Department of Health and Mental Hygiene","Rodent","Rat Sighting","1-2 Family Dwelling","11204","6824 21 AVENUE","21 AVENUE","68 STREET","BAY RIDGE AVENUE","68 STREET","BAY RIDGE AVENUE","ADDRESS","BROOKLYN","21 AVENUE",,"Closed",,"2023 Dec 21 07:55:45 PM","11 BROOKLYN","BROOKLYN","988,236","162,717","Unspecified","BROOKLYN",,,,,,,,"40.61329608463","-73.98564335349","POINT (-73.985643353489 40.613296084632)"
"59799157","2023 Dec 20 09:58:34 PM","2023 Dec 27 03:41:05 PM","DOHMH","Department of Health and Mental Hygiene","Rodent","Rat Sighting","Commercial Building","11223","425 KINGS HIGHWAY","KINGS HIGHWAY","KINGS PLACE","WEST 1 STREET","KINGS PLACE","WEST    1 STREET","ADDRESS","BROOKLYN","KINGS HIGHWAY",,"Closed",,"2023 Dec 20 09:58:34 PM","11 BROOKLYN","BROOKLYN","991,384","159,488","Unspecified","BROOKLYN",,,,,,,,"40.60443116674","-73.97430839994","POINT (-73.974308399935 40.604431166742)"
"59753214","2023 Dec 15 09:18:59 PM","2023 Dec 15 09:18:59 PM","DOHMH","Department of Health and Mental Hygiene","Rodent","Rat Sighting","3+ Family Apt. Building","11223","1754 WEST    1 STREET","WEST    1 STREET","QUENTIN ROAD","KINGS HIGHWAY","QUENTIN ROAD","KINGS HIGHWAY","ADDRESS","BROOKLYN","WEST    1 STREET",,"Closed",,"2023 Dec 15 09:18:59 PM","11 BROOKLYN","BROOKLYN","991,377","159,717","Unspecified","BROOKLYN",,,,,,,,"40.60505973065","-73.97433336732","POINT (-73.974333367319 40.605059730652)"
"59726084","2023 Dec 13 01:21:22 PM","2023 Dec 13 02:53:32 PM","DOHMH","Department of Health and Mental Hygiene","Rodent","Rat Sighting","Commercial Building","11214","2505 86 STREET","86 STREET","25 AVENUE","BAY 40 STREET","25 AVENUE","BAY   40 STREET","ADDRESS","BROOKLYN","86 STREET",,"Closed",,"2023 Dec 13 01:21:22 PM","11 BROOKLYN","BROOKLYN","987,861","157,077","Unspecified","BROOKLYN",,,,,,,,"40.59781559691","-73.98699703181","POINT (-73.986997031812 40.597815596906)"
"59728740","2023 Dec 13 01:16:32 PM","2023 Dec 13 01:16:32 PM","DOHMH","Department of Health and Mental Hygiene","Rodent","Rat Sighting","Commercial Building","11214","2501 86 STREET","86 STREET","25 AVENUE","BAY 40 STREET","25 AVENUE","BAY   40 STREET","ADDRESS","BROOKLYN","86 STREET",,"Closed",,"2023 Dec 13 01:16:32 PM","11 BROOKLYN","BROOKLYN","987,839","157,095","Unspecified","BROOKLYN",,,,,,,,"40.5978650122","-73.98707624277","POINT (-73.987076242769 40.597865012205)"
"59724712","2023 Dec 12 11:51:00 AM","2023 Dec 13 03:05:21 PM","DOHMH","Department of Health and Mental Hygiene","Rodent","Rat Sighting","3+ Family Apt. Building","11223","1754 WEST    1 STREET","WEST    1 STREET","QUENTIN ROAD","KINGS HIGHWAY","QUENTIN ROAD","KINGS HIGHWAY","ADDRESS","BROOKLYN","WEST    1 STREET",,"Closed",,"2023 Dec 12 11:51:00 AM","11 BROOKLYN","BROOKLYN","991,377","159,717","Unspecified","BROOKLYN",,,,,,,,"40.60505973065","-73.97433336732","POINT (-73.974333367319 40.605059730652)"
"59695885","2023 Dec 10 07:21:39 PM","2023 Dec 10 07:21:39 PM","DOHMH","Department of Health and Mental Hygiene","Rodent","Rat Sighting","Commercial Building","11214","2173 86 STREET","86 STREET","BAY 29 STREET","BAY PARKWAY","BAY   29 STREET","BAY PARKWAY","ADDRESS","BROOKLYN","86 STREET",,"Closed",,"2023 Dec 10 07:21:39 PM","11 BROOKLYN","BROOKLYN","985,841","158,689","Unspecified","BROOKLYN",,,,,,,,"40.60224080308","-73.99427053628","POINT (-73.994270536281 40.602240803078)"
"59674470","2023 Dec 07 12:10:07 PM","2023 Dec 07 12:10:07 PM","DOHMH","Department of Health and Mental Hygiene","Rodent","Rat Sighting","1-2 Family Dwelling","11228","1111 SHORE PARKWAY","SHORE PARKWAY","15 AVENUE","16 AVENUE","15 AVENUE","16 AVENUE","ADDRESS","BROOKLYN","SHORE PARKWAY",,"Closed",,"2023 Dec 07 12:10:07 PM","11 BROOKLYN","BROOKLYN","980,122","158,929","Unspecified","BROOKLYN",,,,,,,,"40.60289873567","-74.01486578215","POINT (-74.014865782147 40.602898735668)"
"59665649","2023 Dec 07 12:04:14 PM","2023 Dec 07 12:04:14 PM","DOHMH","Department of Health and Mental Hygiene","Rodent","Rat Sighting","3+ Family Apt. Building","11214","8699 BAY PARKWAY","BAY PARKWAY","BENSON AVENUE","BATH AVENUE","BENSON AVENUE","BATH AVENUE","ADDRESS","BROOKLYN","BAY PARKWAY",,"Closed",,"2023 Dec 07 12:04:14 PM","11 BROOKLYN","BROOKLYN","985,346","157,790","Unspecified","BROOKLYN",,,,,,,,"40.59977330553","-73.99605326199","POINT (-73.996053261993 40.599773305526)"
"59626827","2023 Dec 03 12:36:42 PM","2023 Dec 03 12:36:42 PM","DOHMH","Department of Health and Mental Hygiene","Rodent","Rat Sighting","1-2 Family Mixed Use Building","11223","425 KINGS HIGHWAY","KINGS HIGHWAY","KINGS PLACE","WEST 1 STREET","KINGS PLACE","WEST    1 STREET","ADDRESS","BROOKLYN","KINGS HIGHWAY",,"Closed",,"2023 Dec 03 12:36:42 PM","11 BROOKLYN","BROOKLYN","991,384","159,488","Unspecified","BROOKLYN",,,,,,,,"40.60443116674","-73.97430839994","POINT (-73.974308399935 40.604431166742)"
"59617532","2023 Dec 02 03:57:28 PM","2023 Dec 07 03:41:36 PM","DOHMH","Department of Health and Mental Hygiene","Rodent","Rat Sighting","1-2 Family Dwelling","11223","1754 WEST    1 STREET","WEST    1 STREET","QUENTIN ROAD","KINGS HIGHWAY","QUENTIN ROAD","KINGS HIGHWAY","ADDRESS","BROOKLYN","WEST    1 STREET",,"Closed",,"2023 Dec 02 03:57:28 PM","11 BROOKLYN","BROOKLYN","991,377","159,717","Unspecified","BROOKLYN",,,,,,,,"40.60505973065","-73.97433336732","POINT (-73.974333367319 40.605059730652)"
"59595067","2023 Nov 30 05:10:55 PM","2023 Dec 07 11:35:57 AM","DOHMH","Department of Health and Mental Hygiene","Rodent","Rat Sighting","Vacant Lot","11204","2176 66 STREET","66 STREET","21 AVENUE","SEA BEACH LINE","21 AVENUE","SEA BEACH LINE","ADDRESS","BROOKLYN","66 STREET",,"Closed",,"2023 Nov 30 05:10:55 PM","11 BROOKLYN","BROOKLYN","989,065","162,821","Unspecified","BROOKLYN",,,,,,,,"40.61358113146","-73.98265741388","POINT (-73.982657413881 40.61358113146)"
"59599289","2023 Nov 30 03:01:24 PM","2023 Nov 30 03:01:24 PM","DOHMH","Department of Health and Mental Hygiene","Rodent","Rat Sighting","3+ Family Apt. Building","11204","6810 21 AVENUE","21 AVENUE","68 STREET","BAY RIDGE AVENUE","68 STREET","BAY RIDGE AVENUE","ADDRESS","BROOKLYN","21 AVENUE",,"Closed",,"2023 Nov 30 03:01:24 PM","11 BROOKLYN","BROOKLYN","988,252","162,737","Unspecified","BROOKLYN",,,,,,,,"40.61335097329","-73.98558571335","POINT (-73.985585713351 40.613350973293)"
"59563183","2023 Nov 28 04:05:44 PM","2023 Nov 28 04:05:44 PM","DOHMH","Department of Health and Mental Hygiene","Rodent","Rat Sighting","3+ Family Apt. Building","11214","2503 85 STREET","85 STREET","25 AVENUE","STILLWELL AVENUE","25 AVENUE","STILLWELL AVENUE","ADDRESS","BROOKLYN","85 STREET",,"Closed",,"2023 Nov 28 04:05:44 PM","11 BROOKLYN","BROOKLYN","988,032","157,299","Unspecified","BROOKLYN",,,,,,,,"40.59842487071","-73.98638114804","POINT (-73.986381148036 40.598424870706)"
"59563181","2023 Nov 27 08:33:58 PM","2023 Nov 27 08:33:58 PM","DOHMH","Department of Health and Mental Hygiene","Rodent","Rat Sighting","1-2 Family Dwelling","11223","2018 WEST    9 STREET","WEST    9 STREET","AVENUE T","AVENUE U","AVENUE T","AVENUE U","ADDRESS","BROOKLYN","WEST    9 STREET",,"Closed",,"2023 Nov 27 08:33:58 PM","11 BROOKLYN","BROOKLYN","989,616","157,079","Unspecified","BROOKLYN",,,,,,,,"40.59782019768","-73.98067739341","POINT (-73.980677393406 40.597820197683)"
"59580870","2023 Nov 27 10:24:18 AM","2023 Nov 27 01:17:38 PM","DOHMH","Department of Health and Mental Hygiene","Rodent","Rat Sighting","Other (Explain Below)","11223","1983 STILLWELL AVENUE","STILLWELL AVENUE","84 STREET","AVENUE T","84 STREET","AVENUE T","ADDRESS","BROOKLYN","STILLWELL AVENUE",,"Closed",,"2023 Nov 27 10:24:18 AM","11 BROOKLYN","BROOKLYN","988,259","157,283","Unspecified","BROOKLYN",,,,,,,,"40.59838085417","-73.98556373835","POINT (-73.98556373835 40.598380854165)"
"59578313","2023 Nov 27 10:16:39 AM","2023 Nov 27 10:16:39 AM","DOHMH","Department of Health and Mental Hygiene","Rodent","Rat Sighting","Commercial Building","11223","1983 STILLWELL AVENUE","STILLWELL AVENUE","84 STREET","AVENUE T","84 STREET","AVENUE T","ADDRESS","BROOKLYN","STILLWELL AVENUE",,"Closed",,"2023 Nov 27 10:16:39 AM","11 BROOKLYN","BROOKLYN","988,259","157,283","Unspecified","BROOKLYN",,,,,,,,"40.59838085417","-73.98556373835","POINT (-73.98556373835 40.598380854165)"
"59551753","2023 Nov 26 10:48:19 AM","2023 Nov 29 03:01:38 PM","DOHMH","Department of Health and Mental Hygiene","Rodent","Rat Sighting","1-2 Family Dwelling","11214","2322 83 STREET","83 STREET","23 AVENUE","24 AVENUE","23 AVENUE","24 AVENUE","ADDRESS","BROOKLYN","83 STREET",,"Closed",,"2023 Nov 26 10:48:19 AM","11 BROOKLYN","BROOKLYN","987,266","158,561","Unspecified","BROOKLYN",,,,,,,,"40.60188909869","-73.98913892421","POINT (-73.98913892421 40.601889098692)"
"59528593","2023 Nov 23 09:07:19 AM","2023 Nov 24 02:51:54 PM","DOHMH","Department of Health and Mental Hygiene","Rodent","Rat Sighting","3+ Family Apt. Building","11230","264 AVENUE O","AVENUE O","DAHILL ROAD","MCDONALD AVENUE","DAHILL ROAD","MCDONALD AVENUE","ADDRESS","BROOKLYN","AVENUE O",,"Closed",,"2023 Nov 23 09:07:19 AM","11 BROOKLYN","BROOKLYN","991,369","161,978","Unspecified","BROOKLYN",,,,,,,,"40.61126571866","-73.97435979452","POINT (-73.974359794523 40.611265718656)"
"59510129","2023 Nov 21 06:36:30 AM","2023 Nov 24 02:51:54 PM","DOHMH","Department of Health and Mental Hygiene","Rodent","Rat Sighting","3+ Family Apt. Building","11230","264 AVENUE O","AVENUE O","DAHILL ROAD","MCDONALD AVENUE","DAHILL ROAD","MCDONALD AVENUE","ADDRESS","BROOKLYN","AVENUE O",,"Closed",,"2023 Nov 21 06:36:30 AM","11 BROOKLYN","BROOKLYN","991,369","161,978","Unspecified","BROOKLYN",,,,,,,,"40.61126571866","-73.97435979452","POINT (-73.974359794523 40.611265718656)"
"59451734","2023 Nov 15 08:28:16 PM","2023 Nov 17 01:11:24 PM","DOHMH","Department of Health and Mental Hygiene","Rodent","Rat Sighting","1-2 Family Dwelling","11223","1754 WEST    1 STREET","WEST    1 STREET","QUENTIN ROAD","KINGS HIGHWAY","QUENTIN ROAD","KINGS HIGHWAY","ADDRESS","BROOKLYN","WEST    1 STREET",,"Closed",,"2023 Nov 15 08:28:16 PM","11 BROOKLYN","BROOKLYN","991,377","159,717","Unspecified","BROOKLYN",,,,,,,,"40.60505973065","-73.97433336732","POINT (-73.974333367319 40.605059730652)"
"59350598","2023 Nov 06 08:37:46 PM","2023 Nov 06 08:37:46 PM","DOHMH","Department of Health and Mental Hygiene","Rodent","Rat Sighting","1-2 Family Dwelling","11204","2348 62 STREET","62 STREET","23 AVENUE","24 AVENUE","23 AVENUE","24 AVENUE","ADDRESS","BROOKLYN","62 STREET",,"Closed",,"2023 Nov 06 08:37:46 PM","11 BROOKLYN","BROOKLYN","990,821","162,812","Unspecified","BROOKLYN",,,,,,,,"40.61355530007","-73.9763326916","POINT (-73.976332691602 40.613555300075)"
"59340576","2023 Nov 05 12:47:23 PM","2023 Nov 05 12:47:23 PM","DOHMH","Department of Health and Mental Hygiene","Rodent","Rat Sighting","1-2 Family Dwelling","11223","1653 WEST   12 STREET","WEST   12 STREET","AVENUE P","KINGS HIGHWAY","AVENUE P","KINGS HIGHWAY","ADDRESS","BROOKLYN","WEST   12 STREET",,"Closed",,"2023 Nov 05 12:47:23 PM","11 BROOKLYN","BROOKLYN","988,384","160,187","Unspecified","BROOKLYN",,,,,,,,"40.60635168634","-73.98511184063","POINT (-73.985111840632 40.606351686344)"
"59334870","2023 Nov 04 04:52:39 PM","2023 Nov 09 02:34:40 PM","DOHMH","Department of Health and Mental Hygiene","Rodent","Rat Sighting","3+ Family Mixed Use Building","11214","33 BAY   31 STREET","BAY   31 STREET","86 STREET","BENSON AVENUE","86 STREET","BENSON AVENUE","ADDRESS","BROOKLYN","BAY   31 STREET",,"Closed",,"2023 Nov 04 04:52:39 PM","11 BROOKLYN","BROOKLYN","985,974","158,145","Unspecified","BROOKLYN",,,,,,,,"40.60074760865","-73.99379171933","POINT (-73.993791719328 40.600747608653)"
"59328184","2023 Nov 04 07:15:14 AM","2023 Nov 09 12:07:54 PM","DOHMH","Department of Health and Mental Hygiene","Rodent","Rat Sighting","3+ Family Apt. Building","11230","264 AVENUE O","AVENUE O","DAHILL ROAD","MCDONALD AVENUE","DAHILL ROAD","MCDONALD AVENUE","ADDRESS","BROOKLYN","AVENUE O",,"Closed",,"2023 Nov 04 07:15:14 AM","11 BROOKLYN","BROOKLYN","991,369","161,978","Unspecified","BROOKLYN",,,,,,,,"40.61126571866","-73.97435979452","POINT (-73.974359794523 40.611265718656)"
"59318833","2023 Nov 03 06:59:43 PM","2023 Nov 03 06:59:43 PM","DOHMH","Department of Health and Mental Hygiene","Rodent","Rat Sighting","1-2 Family Dwelling","11204","1520 WEST    6 STREET","WEST    6 STREET","AVENUE O","AVENUE P","AVENUE O","AVENUE P","ADDRESS","BROOKLYN","WEST    6 STREET",,"Closed",,"2023 Nov 03 06:59:43 PM","11 BROOKLYN","BROOKLYN","989,789","161,476","Unspecified","BROOKLYN",,,,,,,,"40.60988896039","-73.98005082618","POINT (-73.980050826178 40.609888960393)"
"59318829","2023 Nov 03 09:35:12 AM","2023 Nov 09 12:07:54 PM","DOHMH","Department of Health and Mental Hygiene","Rodent","Rat Sighting","3+ Family Apt. Building","11230","264 AVENUE O","AVENUE O","DAHILL ROAD","MCDONALD AVENUE","DAHILL ROAD","MCDONALD AVENUE","ADDRESS","BROOKLYN","AVENUE O",,"Closed",,"2023 Nov 03 09:35:12 AM","11 BROOKLYN","BROOKLYN","991,369","161,978","Unspecified","BROOKLYN",,,,,,,,"40.61126571866","-73.97435979452","POINT (-73.974359794523 40.611265718656)"
"59288866","2023 Oct 31 03:27:06 PM","2023 Oct 31 03:27:06 PM","DOHMH","Department of Health and Mental Hygiene","Rodent","Rat Sighting","Other (Explain Below)","11214","2449 HARWAY AVENUE","HARWAY AVENUE","BAY 38 STREET","25 AVENUE","BAY   38 STREET","25 AVENUE","ADDRESS","BROOKLYN","HARWAY AVENUE",,"Closed",,"2023 Oct 31 03:27:06 PM","11 BROOKLYN","BROOKLYN","986,139","155,379","Unspecified","BROOKLYN",,,,,,,,"40.59315546325","-73.99319831275","POINT (-73.99319831275 40.59315546325)"
"59275494","2023 Oct 30 10:36:11 AM","2023 Oct 30 10:36:11 AM","DOHMH","Department of Health and Mental Hygiene","Rodent","Rat Sighting","3+ Family Apt. Building","11230","264 AVENUE O","AVENUE O","DAHILL ROAD","MCDONALD AVENUE","DAHILL ROAD","MCDONALD AVENUE","ADDRESS","BROOKLYN","AVENUE O",,"Closed",,"2023 Oct 30 10:36:11 AM","11 BROOKLYN","BROOKLYN","991,369","161,978","Unspecified","BROOKLYN",,,,,,,,"40.61126571866","-73.97435979452","POINT (-73.974359794523 40.611265718656)"
"59245296","2023 Oct 27 03:28:30 PM","2023 Oct 27 03:28:30 PM","DOHMH","Department of Health and Mental Hygiene","Rodent","Rat Sighting","3+ Family Apt. Building","11223","1754 WEST    1 STREET","WEST    1 STREET","QUENTIN ROAD","KINGS HIGHWAY","QUENTIN ROAD","KINGS HIGHWAY","ADDRESS","BROOKLYN","WEST    1 STREET",,"Closed",,"2023 Oct 27 03:28:30 PM","11 BROOKLYN","BROOKLYN","991,377","159,717","Unspecified","BROOKLYN",,,,,,,,"40.60505973065","-73.97433336732","POINT (-73.974333367319 40.605059730652)"
"59225333","2023 Oct 25 11:13:33 PM","2023 Oct 25 11:13:33 PM","DOHMH","Department of Health and Mental Hygiene","Rodent","Rat Sighting","Catch Basin/Sewer","11228","1097 SHORE PARKWAY NORTH SERVICE ROAD","SHORE PARKWAY NORTH SERVICE ROAD","15 AVENUE","16 AVENUE","15 AVENUE","16 AVENUE","ADDRESS","BROOKLYN","SHORE PARKWAY",,"Closed",,"2023 Oct 25 11:13:33 PM","11 BROOKLYN","BROOKLYN","979,946","158,981","Unspecified","BROOKLYN",,,,,,,,"40.60304138136","-74.01549962769","POINT (-74.015499627686 40.603041381358)"
"59225335","2023 Oct 25 03:39:47 PM","2023 Oct 25 03:39:47 PM","DOHMH","Department of Health and Mental Hygiene","Rodent","Rat Sighting","Other (Explain Below)","11204","2360 62 STREET","62 STREET","23 AVENUE","24 AVENUE","23 AVENUE","24 AVENUE","ADDRESS","BROOKLYN","62 STREET",,"Closed",,"2023 Oct 25 03:39:47 PM","11 BROOKLYN","BROOKLYN","990,874","162,770","Unspecified","BROOKLYN",,,,,,,,"40.61343997928","-73.97614183838","POINT (-73.976141838376 40.613439979282)"
"59229187","2023 Oct 25 11:48:44 AM","2023 Oct 25 01:30:49 PM","DOHMH","Department of Health and Mental Hygiene","Rodent","Rat Sighting","1-2 Family Dwelling","11214","33 BAY   31 STREET","BAY   31 STREET","86 STREET","BENSON AVENUE","86 STREET","BENSON AVENUE","ADDRESS","BROOKLYN","BAY   31 STREET",,"Closed",,"2023 Oct 25 11:48:44 AM","11 BROOKLYN","BROOKLYN","985,974","158,145","Unspecified","BROOKLYN",,,,,,,,"40.60074760865","-73.99379171933","POINT (-73.993791719328 40.600747608653)"
"59166695","2023 Oct 19 10:34:02 AM","2023 Oct 26 11:35:53 AM","DOHMH","Department of Health and Mental Hygiene","Rodent","Rat Sighting","3+ Family Apt. Building","11214","195 BAY   29 STREET","BAY   29 STREET","BATH AVENUE","CROPSEY AVENUE","BATH AVENUE","CROPSEY AVENUE","ADDRESS","BROOKLYN","BAY   29 STREET",,"Closed",,"2023 Oct 19 10:34:02 AM","11 BROOKLYN","BROOKLYN","984,611","157,305","Unspecified","BROOKLYN",,,,,,,,"40.5984421391","-73.99870005108","POINT (-73.998700051081 40.598442139101)"
"59151511","2023 Oct 18 04:22:22 PM","2023 Oct 25 01:30:49 PM","DOHMH","Department of Health and Mental Hygiene","Rodent","Rat Sighting","Vacant Building","11214","33 BAY   31 STREET","BAY   31 STREET","86 STREET","BENSON AVENUE","86 STREET","BENSON AVENUE","ADDRESS","BROOKLYN","BAY   31 STREET",,"Closed",,"2023 Oct 18 04:22:22 PM","11 BROOKLYN","BROOKLYN","985,974","158,145","Unspecified","BROOKLYN",,,,,,,,"40.60074760865","-73.99379171933","POINT (-73.993791719328 40.600747608653)"
"59155723","2023 Oct 18 04:17:05 PM","2023 Oct 30 10:29:29 AM","DOHMH","Department of Health and Mental Hygiene","Rodent","Rat Sighting","3+ Family Apt. Building","11214","8001 NEW UTRECHT AVENUE","NEW UTRECHT AVENUE","NEW UTRECHT AVENUE","18 AVENUE","NEW UTRECHT AVENUE","18 AVENUE","ADDRESS","BROOKLYN","NEW UTRECHT AVENUE",,"Closed",,"2023 Oct 18 04:17:05 PM","11 BROOKLYN","BROOKLYN","984,022","162,089","Unspecified","BROOKLYN",,,,,,,,"40.61157324765","-74.00082118186","POINT (-74.000821181865 40.611573247647)"
"59142962","2023 Oct 17 07:51:16 PM","2023 Oct 17 07:51:16 PM","DOHMH","Department of Health and Mental Hygiene","Rodent","Rat Sighting","Vacant Building","11214","25 BAY   31 STREET","BAY   31 STREET","86 STREET","BENSON AVENUE","86 STREET","BENSON AVENUE","ADDRESS","BROOKLYN","BAY   31 STREET",,"Closed",,"2023 Oct 17 07:51:16 PM","11 BROOKLYN","BROOKLYN","986,008","158,188","Unspecified","BROOKLYN",,,,,,,,"40.60086562825","-73.99366927105","POINT (-73.993669271047 40.600865628251)"
"59142957","2023 Oct 17 07:51:19 AM","2023 Oct 17 07:51:19 AM","DOHMH","Department of Health and Mental Hygiene","Rodent","Rat Sighting","Commercial Building","11214","2275 86 STREET","86 STREET","BAY 32 STREET","23 AVENUE","BAY   32 STREET","23 AVENUE","ADDRESS","BROOKLYN","86 STREET",,"Closed",,"2023 Oct 17 07:51:19 AM","11 BROOKLYN","BROOKLYN","986,468","158,181","Unspecified","BROOKLYN",,,,,,,,"40.60084631148","-73.99201276862","POINT (-73.992012768622 40.600846311484)"
"59134559","2023 Oct 16 03:08:11 PM","2023 Oct 16 03:08:11 PM","DOHMH","Department of Health and Mental Hygiene","Rodent","Rat Sighting","Other (Explain Below)","11214","2562 86 STREET","86 STREET","86 STREET","BAY 41 STREET","86 STREET","BAY   41 STREET","ADDRESS","BROOKLYN",,,"Closed",,"2023 Oct 16 03:08:11 PM","11 BROOKLYN","BROOKLYN","988,236","156,769","Unspecified","BROOKLYN",,,,,,,,"40.59697003839","-73.98564686378","POINT (-73.985646863779 40.596970038387)"
"59121780","2023 Oct 15 10:20:30 AM","2023 Oct 16 11:45:27 AM","DOHMH","Department of Health and Mental Hygiene","Rodent","Rat Sighting","3+ Family Mixed Use Building","11214","195 BAY   29 STREET","BAY   29 STREET","BATH AVENUE","CROPSEY AVENUE","BATH AVENUE","CROPSEY AVENUE","ADDRESS","BROOKLYN","BAY   29 STREET",,"Closed",,"2023 Oct 15 10:20:30 AM","11 BROOKLYN","BROOKLYN","984,611","157,305","Unspecified","BROOKLYN",,,,,,,,"40.5984421391","-73.99870005108","POINT (-73.998700051081 40.598442139101)"
"59108656","2023 Oct 13 10:12:57 PM","2023 Oct 13 10:12:57 PM","DOHMH","Department of Health and Mental Hygiene","Rodent","Rat Sighting","Parking Lot/Garage","11204","6914 BAY PARKWAY","BAY PARKWAY","BAY RIDGE AVENUE","WEST 10 STREET","BAY RIDGE AVENUE","WEST   10 STREET","ADDRESS","BROOKLYN","BAY PARKWAY",,"Closed",,"2023 Oct 13 10:12:57 PM","11 BROOKLYN","BROOKLYN","988,675","162,000","Unspecified","BROOKLYN",,,,,,,,"40.611327859","-73.9840626473","POINT (-73.984062647302 40.611327859003)"
"59108650","2023 Oct 13 01:11:06 PM","2023 Oct 13 01:11:06 PM","DOHMH","Department of Health and Mental Hygiene","Rodent","Rat Sighting","3+ Family Apt. Building","11214","2526 85 STREET","85 STREET","25 AVENUE","STILLWELL AVENUE","25 AVENUE","STILLWELL AVENUE","ADDRESS","BROOKLYN","85 STREET",,"Closed",,"2023 Oct 13 01:11:06 PM","11 BROOKLYN","BROOKLYN","988,080","157,253","Unspecified","BROOKLYN",,,,,,,,"40.59829858939","-73.98620832777","POINT (-73.986208327769 40.598298589395)"
"59104566","2023 Oct 13 07:01:42 AM","2023 Oct 13 07:01:42 AM","DOHMH","Department of Health and Mental Hygiene","Rodent","Rat Sighting","Vacant Lot","11204","2176 66 STREET","66 STREET","21 AVENUE","SEA BEACH LINE","21 AVENUE","SEA BEACH LINE","ADDRESS","BROOKLYN","66 STREET",,"Closed",,"2023 Oct 13 07:01:42 AM","11 BROOKLYN","BROOKLYN","989,065","162,821","Unspecified","BROOKLYN",,,,,,,,"40.61358113146","-73.98265741388","POINT (-73.982657413881 40.61358113146)"
"59064197","2023 Oct 09 07:36:44 PM","2023 Oct 16 02:21:50 PM","DOHMH","Department of Health and Mental Hygiene","Rodent","Rat Sighting","3+ Family Apt. Building","11204","6814 21 AVENUE","21 AVENUE","68 STREET","BAY RIDGE AVENUE","68 STREET","BAY RIDGE AVENUE","ADDRESS","BROOKLYN","21 AVENUE",,"Closed",,"2023 Oct 09 07:36:44 PM","11 BROOKLYN","BROOKLYN","988,247","162,731","Unspecified","BROOKLYN",,,,,,,,"40.61333450679","-73.98560372576","POINT (-73.985603725756 40.613334506788)"
"59059719","2023 Oct 09 02:15:57 PM","2023 Oct 16 02:15:14 PM","DOHMH","Department of Health and Mental Hygiene","Rodent","Rat Sighting","Other (Explain Below)","11204","7402 NEW UTRECHT AVENUE","NEW UTRECHT AVENUE","74 STREET","BAY RIDGE PARKWAY","74 STREET","BAY RIDGE PARKWAY","ADDRESS","BROOKLYN","NEW UTRECHT AVENUE",,"Closed",,"2023 Oct 09 02:15:57 PM","11 BROOKLYN","BROOKLYN","984,317","163,878","Unspecified","BROOKLYN",,,,,,,,"40.61648368594","-73.99975867003","POINT (-73.999758670034 40.616483685938)"
"59057499","2023 Oct 08 10:00:17 PM","2023 Oct 08 10:00:17 PM","DOHMH","Department of Health and Mental Hygiene","Rodent","Rat Sighting","Other (Explain Below)","11204","7402 NEW UTRECHT AVENUE","NEW UTRECHT AVENUE","74 STREET","BAY RIDGE PARKWAY","74 STREET","BAY RIDGE PARKWAY","ADDRESS","BROOKLYN","NEW UTRECHT AVENUE",,"Closed",,"2023 Oct 08 10:00:17 PM","11 BROOKLYN","BROOKLYN","984,317","163,878","Unspecified","BROOKLYN",,,,,,,,"40.61648368594","-73.99975867003","POINT (-73.999758670034 40.616483685938)"
"59055635","2023 Oct 08 04:14:44 PM","2023 Oct 16 02:05:23 PM","DOHMH","Department of Health and Mental Hygiene","Rodent","Rat Sighting","1-2 Family Dwelling","11214","33 BAY   31 STREET","BAY   31 STREET","86 STREET","BENSON AVENUE","86 STREET","BENSON AVENUE","ADDRESS","BROOKLYN","BAY   31 STREET",,"Closed",,"2023 Oct 08 04:14:44 PM","11 BROOKLYN","BROOKLYN","985,974","158,145","Unspecified","BROOKLYN",,,,,,,,"40.60074760865","-73.99379171933","POINT (-73.993791719328 40.600747608653)"
"59037123","2023 Oct 06 08:39:26 PM","2023 Oct 16 01:18:26 PM","DOHMH","Department of Health and Mental Hygiene","Rodent","Rat Sighting","3+ Family Apt. Building","11204","105 AVENUE P","AVENUE P","WEST 11 STREET","WEST 10 STREET","WEST   11 STREET","WEST   10 STREET","ADDRESS","BROOKLYN","AVENUE P",,"Closed",,"2023 Oct 06 08:39:26 PM","11 BROOKLYN","BROOKLYN","988,619","160,636","Unspecified","BROOKLYN",,,,,,,,"40.60758398675","-73.98426522279","POINT (-73.984265222794 40.60758398675)"
"59030756","2023 Oct 05 10:19:28 PM","2023 Oct 16 01:21:42 PM","DOHMH","Department of Health and Mental Hygiene","Rodent","Rat Sighting","3+ Family Apt. Building","11204","1658 64 STREET","64 STREET","16 AVENUE","17 AVENUE","16 AVENUE","17 AVENUE","ADDRESS","BROOKLYN","64 STREET",,"Closed",,"2023 Oct 05 10:19:28 PM","11 BROOKLYN","BROOKLYN","986,217","165,797","Unspecified","BROOKLYN",,,,,,,,"40.62175072384","-73.99291442533","POINT (-73.992914425332 40.621750723841)"
"59029499","2023 Oct 05 08:33:40 AM","2023 Oct 05 08:33:40 AM","DOHMH","Department of Health and Mental Hygiene","Rodent","Rat Sighting","3+ Family Apt. Building","11204","6814 21 AVENUE","21 AVENUE","68 STREET","BAY RIDGE AVENUE","68 STREET","BAY RIDGE AVENUE","ADDRESS","BROOKLYN","21 AVENUE",,"Closed",,"2023 Oct 05 08:33:40 AM","11 BROOKLYN","BROOKLYN","988,247","162,731","Unspecified","BROOKLYN",,,,,,,,"40.61333450679","-73.98560372576","POINT (-73.985603725756 40.613334506788)"
"58997564","2023 Oct 02 03:10:00 PM","2023 Oct 02 03:10:00 PM","DOHMH","Department of Health and Mental Hygiene","Rodent","Rat Sighting","1-2 Family Dwelling","11204","1541 WEST    2 STREET","WEST    2 STREET","65 STREET","AVENUE P","65 STREET","AVENUE P","ADDRESS","BROOKLYN","WEST    2 STREET",,"Closed",,"2023 Oct 02 03:10:00 PM","11 BROOKLYN","BROOKLYN","990,870","161,440","Unspecified","BROOKLYN",,,,,,,,"40.60978940612","-73.97615754933","POINT (-73.976157549331 40.609789406125)"
"58981351","2023 Oct 01 06:10:32 PM","2023 Oct 01 06:10:32 PM","DOHMH","Department of Health and Mental Hygiene","Rodent","Rat Sighting","Other (Explain Below)","11228","6915 15 AVENUE","15 AVENUE","BAY RIDGE AVENUE","70 STREET","BAY RIDGE AVENUE","70 STREET","ADDRESS","BROOKLYN","15 AVENUE",,"Closed",,"2023 Oct 01 06:10:32 PM","11 BROOKLYN","BROOKLYN","984,333","165,460","Unspecified","BROOKLYN",,,,,,,,"40.62082594709","-73.99970101955","POINT (-73.999701019548 40.620825947087)"
"59006690","2023 Sep 27 10:59:28 AM","2023 Sep 27 10:59:28 AM","DOHMH","Department of Health and Mental Hygiene","Rodent","Rat Sighting","Other (Explain Below)","11204","137 AVENUE O","AVENUE O","WEST 6 STREET","WEST 5 STREET","WEST    6 STREET","WEST    5 STREET","ADDRESS","BROOKLYN","AVENUE O",,"Closed",,"2023 Sep 27 10:59:28 AM","11 BROOKLYN","BROOKLYN","989,865","161,766","Unspecified","BROOKLYN",,,,,,,,"40.61068490296","-73.97977686467","POINT (-73.979776864673 40.610684902963)"
"58935360","2023 Sep 26 08:29:22 PM","2023 Oct 04 12:28:32 PM","DOHMH","Department of Health and Mental Hygiene","Rodent","Rat Sighting","Parking Lot/Garage","11214","2535 86 STREET","86 STREET","BAY 40 STREET","BAY 41 STREET","BAY   40 STREET","BAY   41 STREET","ADDRESS","BROOKLYN","86 STREET",,"Closed",,"2023 Sep 26 08:29:22 PM","11 BROOKLYN","BROOKLYN","988,070","156,910","Unspecified","BROOKLYN",,,,,,,,"40.59735712802","-73.98624453131","POINT (-73.98624453131 40.597357128023)"
"58932800","2023 Sep 26 08:22:23 PM","2023 Oct 04 12:28:32 PM","DOHMH","Department of Health and Mental Hygiene","Rodent","Rat Sighting","Commercial Building","11214","2535 86 STREET","86 STREET","BAY 40 STREET","BAY 41 STREET","BAY   40 STREET","BAY   41 STREET","ADDRESS","BROOKLYN","86 STREET",,"Closed",,"2023 Sep 26 08:22:23 PM","11 BROOKLYN","BROOKLYN","988,070","156,910","Unspecified","BROOKLYN",,,,,,,,"40.59735712802","-73.98624453131","POINT (-73.98624453131 40.597357128023)"
"58930231","2023 Sep 26 06:54:57 PM","2023 Oct 04 11:52:48 AM","DOHMH","Department of Health and Mental Hygiene","Rodent","Rat Sighting","Other (Explain Below)","11204","6516 BAY PARKWAY","BAY PARKWAY","WEST 7 STREET","66 STREET","WEST    7 STREET","66 STREET","ADDRESS","BROOKLYN","BAY PARKWAY",,"Closed",,"2023 Sep 26 06:54:57 PM","11 BROOKLYN","BROOKLYN","989,299","162,792","Unspecified","BROOKLYN",,,,,,,,"40.6135014022","-73.98181461832","POINT (-73.981814618319 40.613501402196)"
"58930229","2023 Sep 26 09:48:59 AM","2023 Sep 26 02:24:08 PM","DOHMH","Department of Health and Mental Hygiene","Rodent","Rat Sighting","Commercial Building","11214","2519 86 STREET","86 STREET","25 AVENUE","BAY 40 STREET","25 AVENUE","BAY   40 STREET","ADDRESS","BROOKLYN","86 STREET",,"Closed",,"2023 Sep 26 09:48:59 AM","11 BROOKLYN","BROOKLYN","987,938","157,016","Unspecified","BROOKLYN",,,,,,,,"40.59764813252","-73.9867197933","POINT (-73.986719793295 40.597648132524)"
"58919598","2023 Sep 25 11:55:47 PM","2023 Sep 26 02:24:08 PM","DOHMH","Department of Health and Mental Hygiene","Rodent","Rat Sighting","Commercial Building","11214","2519 86 STREET","86 STREET","25 AVENUE","BAY 40 STREET","25 AVENUE","BAY   40 STREET","ADDRESS","BROOKLYN","86 STREET",,"Closed",,"2023 Sep 25 11:55:47 PM","11 BROOKLYN","BROOKLYN","987,938","157,016","Unspecified","BROOKLYN",,,,,,,,"40.59764813252","-73.9867197933","POINT (-73.986719793295 40.597648132524)"
"58920718","2023 Sep 25 11:38:32 PM","2023 Sep 25 11:38:32 PM","DOHMH","Department of Health and Mental Hygiene","Rodent","Rat Sighting","Commercial Building","11214","2501 86 STREET","86 STREET","25 AVENUE","BAY 40 STREET","25 AVENUE","BAY   40 STREET","ADDRESS","BROOKLYN","86 STREET",,"Closed",,"2023 Sep 25 11:38:32 PM","11 BROOKLYN","BROOKLYN","987,839","157,095","Unspecified","BROOKLYN",,,,,,,,"40.5978650122","-73.98707624277","POINT (-73.987076242769 40.597865012205)"
"58924169","2023 Sep 25 11:33:47 PM","2023 Oct 11 11:40:54 AM","DOHMH","Department of Health and Mental Hygiene","Rodent","Rat Sighting","Vacant Building","11214","2505 86 STREET","86 STREET","25 AVENUE","BAY 40 STREET","25 AVENUE","BAY   40 STREET","ADDRESS","BROOKLYN","86 STREET",,"Closed",,"2023 Sep 25 11:33:47 PM","11 BROOKLYN","BROOKLYN","987,861","157,077","Unspecified","BROOKLYN",,,,,,,,"40.59781559691","-73.98699703181","POINT (-73.986997031812 40.597815596906)"
"58924166","2023 Sep 25 11:25:49 PM","2023 Sep 25 11:25:49 PM","DOHMH","Department of Health and Mental Hygiene","Rodent","Rat Sighting","Commercial Building","11214","2519 86 STREET","86 STREET","25 AVENUE","BAY 40 STREET","25 AVENUE","BAY   40 STREET","ADDRESS","BROOKLYN","86 STREET",,"Closed",,"2023 Sep 25 11:25:49 PM","11 BROOKLYN","BROOKLYN","987,938","157,016","Unspecified","BROOKLYN",,,,,,,,"40.59764813252","-73.9867197933","POINT (-73.986719793295 40.597648132524)"
"58874234","2023 Sep 20 07:05:05 PM","2023 Sep 20 07:05:05 PM","DOHMH","Department of Health and Mental Hygiene","Rodent","Rat Sighting","Other (Explain Below)","11204","2375 65 STREET","65 STREET","WEST 3 STREET","24 AVENUE","WEST    3 STREET","24 AVENUE","ADDRESS","BROOKLYN","65 STREET",,"Closed",,"2023 Sep 20 07:05:05 PM","11 BROOKLYN","BROOKLYN","990,557","162,008","Unspecified","BROOKLYN",,,,,,,,"40.61134867765","-73.97728431291","POINT (-73.977284312908 40.611348677651)"
"58880845","2023 Sep 20 11:25:18 AM","2023 Sep 20 11:25:18 AM","DOHMH","Department of Health and Mental Hygiene","Rodent","Rat Sighting","Parking Lot/Garage","11214","247 BAY   40 STREET","BAY   40 STREET","BATH AVENUE","HARWAY AVENUE","BATH AVENUE","HARWAY AVENUE","ADDRESS","BROOKLYN","BAY   40 STREET",,"Closed",,"2023 Sep 20 11:25:18 AM","11 BROOKLYN","BROOKLYN","986,593","155,158","Unspecified","BROOKLYN",,,,,,,,"40.59254875423","-73.99156368002","POINT (-73.99156368002 40.592548754226)"
"58864332","2023 Sep 15 08:35:01 AM","2023 Sep 15 08:35:01 AM","DOHMH","Department of Health and Mental Hygiene","Rodent","Rat Sighting","1-2 Family Dwelling","11228","1436 BAY RIDGE PARKWAY","BAY RIDGE PARKWAY","14 AVENUE","15 AVENUE","14 AVENUE","15 AVENUE","ADDRESS","BROOKLYN","BAY RIDGE PARKWAY",,"Closed",,"2023 Sep 15 08:35:01 AM","11 BROOKLYN","BROOKLYN","983,046","164,585","Unspecified","BROOKLYN",,,,,,,,"40.61842417272","-74.00433686159","POINT (-74.004336861587 40.618424172721)"
"58858463","2023 Sep 15 01:37:45 AM","2023 Sep 15 01:37:45 AM","DOHMH","Department of Health and Mental Hygiene","Rodent","Rat Sighting","3+ Family Apt. Building","11228","1401 78 STREET","78 STREET","14 AVENUE","15 AVENUE","14 AVENUE","15 AVENUE","ADDRESS","BROOKLYN","78 STREET",,"Closed",,"2023 Sep 15 01:37:45 AM","11 BROOKLYN","BROOKLYN","982,396","164,089","Unspecified","BROOKLYN",,,,,,,,"40.61706264348","-74.00667805431","POINT (-74.006678054306 40.617062643485)"
"58819170","2023 Sep 14 08:13:16 AM","2023 Sep 14 09:00:38 AM","DOHMH","Department of Health and Mental Hygiene","Rodent","Rat Sighting","3+ Family Apt. Building","11228","1407 78 STREET","78 STREET","14 AVENUE","15 AVENUE","14 AVENUE","15 AVENUE","ADDRESS","BROOKLYN","78 STREET",,"Closed",,"2023 Sep 14 08:13:16 AM","11 BROOKLYN","BROOKLYN","982,422","164,068","Unspecified","BROOKLYN",,,,,,,,"40.61700500824","-74.00658439737","POINT (-74.006584397373 40.617005008241)"
"58804848","2023 Sep 13 08:29:59 PM","2023 Sep 13 08:29:59 PM","DOHMH","Department of Health and Mental Hygiene","Rodent","Rat Sighting","1-2 Family Dwelling","11228","7620 15 AVENUE","15 AVENUE","15 AVENUE","77 STREET","15 AVENUE","77 STREET","ADDRESS","BROOKLYN",,,"Closed",,"2023 Sep 13 08:29:59 PM","11 BROOKLYN","BROOKLYN","983,186","164,023","Unspecified","BROOKLYN",,,,,,,,"40.61688161726","-74.00383248679","POINT (-74.003832486789 40.616881617256)"
"58796729","2023 Sep 12 04:10:49 PM","2023 Sep 12 04:10:49 PM","DOHMH","Department of Health and Mental Hygiene","Rodent","Rat Sighting","3+ Family Apt. Building","11214","8786 BAY PARKWAY","BAY PARKWAY","BATH AVENUE","CROPSEY AVENUE","BATH AVENUE","CROPSEY AVENUE","ADDRESS","BROOKLYN","BAY PARKWAY",,"Closed",,"2023 Sep 12 04:10:49 PM","11 BROOKLYN","BROOKLYN","984,861","157,187","Unspecified","BROOKLYN",,,,,,,,"40.59811823925","-73.99779982012","POINT (-73.997799820121 40.598118239247)"
"58778314","2023 Sep 11 08:53:56 PM","2023 Sep 27 12:27:14 PM","DOHMH","Department of Health and Mental Hygiene","Rodent","Rat Sighting","1-2 Family Dwelling","11214","141 BAY   32 STREET","BAY   32 STREET","BENSON AVENUE","BATH AVENUE","BENSON AVENUE","BATH AVENUE","ADDRESS","BROOKLYN","BAY   32 STREET",,"Closed",,"2023 Sep 11 08:53:56 PM","11 BROOKLYN","BROOKLYN","985,582","157,241","Unspecified","BROOKLYN",,,,,,,,"40.5982663793","-73.9952035252","POINT (-73.9952035252 40.598266379297)"
"58786768","2023 Sep 11 08:46:12 PM","2023 Sep 11 08:46:12 PM","DOHMH","Department of Health and Mental Hygiene","Rodent","Rat Sighting","1-2 Family Dwelling","11214","143 BAY   32 STREET","BAY   32 STREET","BENSON AVENUE","BATH AVENUE","BENSON AVENUE","BATH AVENUE","ADDRESS","BROOKLYN","BAY   32 STREET",,"Closed",,"2023 Sep 11 08:46:12 PM","11 BROOKLYN","BROOKLYN","985,574","157,231","Unspecified","BROOKLYN",,,,,,,,"40.59823893252","-73.99523233482","POINT (-73.995232334816 40.598238932517)"
"58779629","2023 Sep 11 07:55:29 AM","2023 Sep 11 07:55:29 AM","DOHMH","Department of Health and Mental Hygiene","Rodent","Rat Sighting","3+ Family Apt. Building","11204","1647 64 STREET","64 STREET","16 AVENUE","17 AVENUE","16 AVENUE","17 AVENUE","ADDRESS","BROOKLYN","64 STREET",,"Closed",,"2023 Sep 11 07:55:29 AM","11 BROOKLYN","BROOKLYN","986,162","165,848","Unspecified","BROOKLYN",,,,,,,,"40.62189072024","-73.99311253321","POINT (-73.993112533208 40.621890720238)"
"58771286","2023 Sep 10 04:44:16 PM","2023 Sep 10 04:44:16 PM","DOHMH","Department of Health and Mental Hygiene","Rodent","Rat Sighting","Parking Lot/Garage","11228","1410 80 STREET","80 STREET","14 AVENUE","15 AVENUE","14 AVENUE","15 AVENUE","ADDRESS","BROOKLYN","80 STREET",,"Closed",,"2023 Sep 10 04:44:16 PM","11 BROOKLYN","BROOKLYN","982,131","163,627","Unspecified","BROOKLYN",,,,,,,,"40.61579448978","-74.00763243163","POINT (-74.007632431631 40.61579448978)"
"58771285","2023 Sep 10 01:17:08 PM","2023 Sep 10 01:17:08 PM","DOHMH","Department of Health and Mental Hygiene","Rodent","Rat Sighting","Parking Lot/Garage","11228","1413 80 STREET","80 STREET","14 AVENUE","15 AVENUE","14 AVENUE","15 AVENUE","ADDRESS","BROOKLYN","80 STREET",,"Closed",,"2023 Sep 10 01:17:08 PM","11 BROOKLYN","BROOKLYN","982,151","163,618","Unspecified","BROOKLYN",,,,,,,,"40.6157697914","-74.00756039078","POINT (-74.007560390781 40.615769791403)"
"58776206","2023 Sep 10 12:42:48 PM","2023 Sep 10 12:42:48 PM","DOHMH","Department of Health and Mental Hygiene","Rodent","Rat Sighting","1-2 Family Dwelling","11228","1414 80 STREET","80 STREET","14 AVENUE","15 AVENUE","14 AVENUE","15 AVENUE","ADDRESS","BROOKLYN","80 STREET",,"Closed",,"2023 Sep 10 12:42:48 PM","11 BROOKLYN","BROOKLYN","982,148","163,613","Unspecified","BROOKLYN",,,,,,,,"40.61575606673","-74.00757119493","POINT (-74.007571194928 40.615756066727)"
"58742364","2023 Sep 07 12:21:59 PM","2023 Sep 07 12:21:59 PM","DOHMH","Department of Health and Mental Hygiene","Rodent","Rat Sighting","3+ Family Apt. Building","11204","1544 WEST    1 STREET","WEST    1 STREET","65 STREET","AVENUE P","65 STREET","AVENUE P","ADDRESS","BROOKLYN","WEST    1 STREET",,"Closed",,"2023 Sep 07 12:21:59 PM","11 BROOKLYN","BROOKLYN","991,148","161,303","Unspecified","BROOKLYN",,,,,,,,"40.60941315721","-73.97515645046","POINT (-73.975156450457 40.609413157207)"
"58720967","2023 Sep 05 11:49:27 AM","2023 Sep 05 11:49:27 AM","DOHMH","Department of Health and Mental Hygiene","Rodent","Rat Sighting","Other (Explain Below)","11214","8712 BAY PARKWAY","BAY PARKWAY","BENSON AVENUE","BATH AVENUE","BENSON AVENUE","BATH AVENUE","ADDRESS","BROOKLYN","BAY PARKWAY",,"Closed",,"2023 Sep 05 11:49:27 AM","11 BROOKLYN","BROOKLYN","985,291","157,731","Unspecified","BROOKLYN",,,,,,,,"40.59961136911","-73.99625132819","POINT (-73.996251328193 40.599611369107)"
"58722312","2023 Sep 05 10:37:21 AM","2023 Sep 12 11:56:17 AM","DOHMH","Department of Health and Mental Hygiene","Rodent","Rat Sighting","1-2 Family Dwelling","11214","33 BAY   31 STREET","BAY   31 STREET","86 STREET","BENSON AVENUE","86 STREET","BENSON AVENUE","ADDRESS","BROOKLYN","BAY   31 STREET",,"Closed",,"2023 Sep 05 10:37:21 AM","11 BROOKLYN","BROOKLYN","985,974","158,145","Unspecified","BROOKLYN",,,,,,,,"40.60074760865","-73.99379171933","POINT (-73.993791719328 40.600747608653)"
"58719621","2023 Sep 05 08:19:02 AM","2023 Sep 05 08:19:02 AM","DOHMH","Department of Health and Mental Hygiene","Rodent","Rat Sighting","Other (Explain Below)","11214","226 BAY   35 STREET","BAY   35 STREET","BATH AVENUE","CROPSEY AVENUE","BATH AVENUE","CROPSEY AVENUE","ADDRESS","BROOKLYN","BAY   35 STREET",,"Closed",,"2023 Sep 05 08:19:02 AM","11 BROOKLYN","BROOKLYN","985,691","156,142","Unspecified","BROOKLYN",,,,,,,,"40.59524982898","-73.9948112553","POINT (-73.994811255298 40.595249828981)"
"58693961","2023 Sep 02 09:40:49 AM","2023 Sep 02 09:40:49 AM","DOHMH","Department of Health and Mental Hygiene","Rodent","Rat Sighting","Commercial Building","11219","1470 66 STREET","66 STREET","14 AVENUE","NEW UTRECHT AVENUE","14 AVENUE","NEW UTRECHT AVENUE","ADDRESS","BROOKLYN","66 STREET",,"Closed",,"2023 Sep 02 09:40:49 AM","11 BROOKLYN","BROOKLYN","984,625","166,344","Unspecified","BROOKLYN",,,,,,,,"40.623252335","-73.9986491356","POINT (-73.998649135599 40.623252335003)"
"58696547","2023 Sep 02 09:39:42 AM","2023 Sep 02 09:39:42 AM","DOHMH","Department of Health and Mental Hygiene","Rodent","Rat Sighting","Commercial Building","11219","6516 66 STREET","66 STREET","66 STREET","NEW UTRECHT AVENUE","66 STREET","NEW UTRECHT AVENUE","INTERSECTION","BROOKLYN",,,"Closed",,"2023 Sep 02 09:39:42 AM","11 BROOKLYN","BROOKLYN","984,822","166,191","Unspecified","BROOKLYN",,,,,,,,"40.62283237146","-73.99793949447","POINT (-73.997939494465 40.622832371457)"
"58683502","2023 Sep 01 10:07:23 PM","2023 Sep 12 11:56:17 AM","DOHMH","Department of Health and Mental Hygiene","Rodent","Rat Sighting","1-2 Family Dwelling","11214","33 BAY   31 STREET","BAY   31 STREET","86 STREET","BENSON AVENUE","86 STREET","BENSON AVENUE","ADDRESS","BROOKLYN","BAY   31 STREET",,"Closed",,"2023 Sep 01 10:07:23 PM","11 BROOKLYN","BROOKLYN","985,974","158,145","Unspecified","BROOKLYN",,,,,,,,"40.60074760865","-73.99379171933","POINT (-73.993791719328 40.600747608653)"
"58682375","2023 Sep 01 09:57:23 PM","2023 Sep 25 10:26:51 AM","DOHMH","Department of Health and Mental Hygiene","Rodent","Rat Sighting","1-2 Family Dwelling","11214","33 BAY   31 STREET","BAY   31 STREET","86 STREET","BENSON AVENUE","86 STREET","BENSON AVENUE","ADDRESS","BROOKLYN","BAY   31 STREET",,"Closed",,"2023 Sep 01 09:57:23 PM","11 BROOKLYN","BROOKLYN","985,974","158,145","Unspecified","BROOKLYN",,,,,,,,"40.60074760865","-73.99379171933","POINT (-73.993791719328 40.600747608653)"
"58688882","2023 Sep 01 08:03:54 AM","2023 Sep 25 10:22:42 AM","DOHMH","Department of Health and Mental Hygiene","Rodent","Rat Sighting","1-2 Family Dwelling","11214","33 BAY   31 STREET","BAY   31 STREET","86 STREET","BENSON AVENUE","86 STREET","BENSON AVENUE","ADDRESS","BROOKLYN","BAY   31 STREET",,"Closed",,"2023 Sep 01 08:03:54 AM","11 BROOKLYN","BROOKLYN","985,974","158,145","Unspecified","BROOKLYN",,,,,,,,"40.60074760865","-73.99379171933","POINT (-73.993791719328 40.600747608653)"
"58667597","2023 Aug 30 07:20:30 PM","2023 Aug 30 07:20:30 PM","DOHMH","Department of Health and Mental Hygiene","Rodent","Rat Sighting","Commercial Building","11223","2 AVENUE T","AVENUE T","STILLWELL AVENUE","WEST 13 STREET","STILLWELL AVENUE","WEST   13 STREET","ADDRESS","BROOKLYN","AVENUE T",,"Closed",,"2023 Aug 30 07:20:30 PM","11 BROOKLYN","BROOKLYN","988,321","157,122","Unspecified","BROOKLYN",,,,,,,,"40.59793891345","-73.98534057566","POINT (-73.985340575655 40.597938913452)"
"58653322","2023 Aug 29 10:24:12 PM","2023 Aug 29 10:24:12 PM","DOHMH","Department of Health and Mental Hygiene","Rodent","Rat Sighting","Other (Explain Below)","11204","1672 64 STREET","64 STREET","16 AVENUE","17 AVENUE","16 AVENUE","17 AVENUE","ADDRESS","BROOKLYN","64 STREET",,"Closed",,"2023 Aug 29 10:24:12 PM","11 BROOKLYN","BROOKLYN","986,285","165,743","Unspecified","BROOKLYN",,,,,,,,"40.62160248975","-73.99266949038","POINT (-73.992669490377 40.62160248975)"
"58661122","2023 Aug 29 09:31:08 AM","2023 Aug 29 09:31:08 AM","DOHMH","Department of Health and Mental Hygiene","Rodent","Rat Sighting","Other (Explain Below)","11204","1537 WEST   12 STREET","WEST   12 STREET","BAY PARKWAY","AVENUE P","BAY PARKWAY","AVENUE P","ADDRESS","BROOKLYN","WEST   12 STREET",,"Closed",,"2023 Aug 29 09:31:08 AM","11 BROOKLYN","BROOKLYN","988,255","161,071","Unspecified","BROOKLYN",,,,,,,,"40.60877814461","-73.98557589611","POINT (-73.985575896113 40.608778144613)"
"58644221","2023 Aug 28 07:49:26 PM","2023 Aug 28 07:49:26 PM","DOHMH","Department of Health and Mental Hygiene","Rodent","Rat Sighting","Vacant Lot","11204","6516 BAY PARKWAY","BAY PARKWAY","WEST 7 STREET","66 STREET","WEST    7 STREET","66 STREET","ADDRESS","BROOKLYN","BAY PARKWAY",,"Closed",,"2023 Aug 28 07:49:26 PM","11 BROOKLYN","BROOKLYN","989,299","162,792","Unspecified","BROOKLYN",,,,,,,,"40.6135014022","-73.98181461832","POINT (-73.981814618319 40.613501402196)"
"58640533","2023 Aug 27 04:08:34 PM","2023 Aug 27 04:08:34 PM","DOHMH","Department of Health and Mental Hygiene","Rodent","Rat Sighting","3+ Family Mixed Use Building","11214","1904 BATH AVENUE","BATH AVENUE","19 AVENUE","BAY 22 STREET","19 AVENUE","BAY   22 STREET","ADDRESS","BROOKLYN","BATH AVENUE",,"Closed",,"2023 Aug 27 04:08:34 PM","11 BROOKLYN","BROOKLYN","983,236","158,803","Unspecified","BROOKLYN",,,,,,,,"40.60255379471","-74.00365160493","POINT (-74.00365160493 40.602553794709)"
"58605000","2023 Aug 24 06:31:47 PM","2023 Aug 24 06:31:47 PM","DOHMH","Department of Health and Mental Hygiene","Rodent","Rat Sighting","1-2 Family Dwelling","11223","1773 WEST    8 STREET","WEST    8 STREET","KINGS HIGHWAY","HIGHLAWN AVENUE","KINGS HIGHWAY","HIGHLAWN AVENUE","ADDRESS","BROOKLYN","WEST    8 STREET",,"Closed",,"2023 Aug 24 06:31:47 PM","11 BROOKLYN","BROOKLYN","989,557","159,345","Unspecified","BROOKLYN",,,,,,,,"40.60403994334","-73.98088806816","POINT (-73.980888068164 40.604039943344)"
"58569338","2023 Aug 20 07:56:00 PM","2023 Aug 20 07:56:00 PM","DOHMH","Department of Health and Mental Hygiene","Rodent","Rat Sighting","1-2 Family Dwelling","11228","8001 14 AVENUE","14 AVENUE","80 STREET","81 STREET","80 STREET","81 STREET","ADDRESS","BROOKLYN","14 AVENUE",,"Closed",,"2023 Aug 20 07:56:00 PM","11 BROOKLYN","BROOKLYN","981,958","163,718","Unspecified","BROOKLYN",,,,,,,,"40.61604422288","-74.00825559167","POINT (-74.00825559167 40.616044222878)"
"58558732","2023 Aug 19 10:49:10 PM","2023 Aug 19 10:49:10 PM","DOHMH","Department of Health and Mental Hygiene","Rodent","Rat Sighting","3+ Family Apt. Building","11214","8699 BAY PARKWAY","BAY PARKWAY","BENSON AVENUE","BATH AVENUE","BENSON AVENUE","BATH AVENUE","ADDRESS","BROOKLYN","BAY PARKWAY",,"Closed",,"2023 Aug 19 10:49:10 PM","11 BROOKLYN","BROOKLYN","985,346","157,790","Unspecified","BROOKLYN",,,,,,,,"40.59977330553","-73.99605326199","POINT (-73.996053261993 40.599773305526)"
"58564895","2023 Aug 19 10:04:44 PM","2023 Sep 11 02:30:49 PM","DOHMH","Department of Health and Mental Hygiene","Rodent","Rat Sighting","3+ Family Apt. Building","11214","8699 BAY PARKWAY","BAY PARKWAY","BENSON AVENUE","BATH AVENUE","BENSON AVENUE","BATH AVENUE","ADDRESS","BROOKLYN","BAY PARKWAY",,"Closed",,"2023 Aug 19 10:04:44 PM","11 BROOKLYN","BROOKLYN","985,346","157,790","Unspecified","BROOKLYN",,,,,,,,"40.59977330553","-73.99605326199","POINT (-73.996053261993 40.599773305526)"
"58542495","2023 Aug 17 02:06:10 PM","2023 Aug 17 02:06:10 PM","DOHMH","Department of Health and Mental Hygiene","Rodent","Rat Sighting","3+ Family Apt. Building","11204","209 AVENUE P","AVENUE P","WEST 7 STREET","WEST 6 STREET","WEST    7 STREET","WEST    6 STREET","ADDRESS","BROOKLYN","AVENUE P",,"Closed",,"2023 Aug 17 02:06:10 PM","11 BROOKLYN","BROOKLYN","989,722","160,795","Unspecified","BROOKLYN",,,,,,,,"40.60801979672","-73.98029268409","POINT (-73.980292684093 40.608019796717)"
"58542493","2023 Aug 17 12:26:19 PM","2023 Aug 17 12:26:19 PM","DOHMH","Department of Health and Mental Hygiene","Rodent","Rat Sighting","Other (Explain Below)","11214","8972 BAY PARKWAY","BAY PARKWAY","SHORE PARKWAY","DEAD END","SHORE PARKWAY","DEAD END","ADDRESS","BROOKLYN","BAY PARKWAY",,"Closed",,"2023 Aug 17 12:26:19 PM","11 BROOKLYN","BROOKLYN","984,009","156,111","Unspecified","BROOKLYN",,,,,,,,"40.59516485409","-74.00086779034","POINT (-74.000867790341 40.595164854089)"
"58514288","2023 Aug 15 12:56:34 PM","2023 Aug 15 12:56:34 PM","DOHMH","Department of Health and Mental Hygiene","Rodent","Rat Sighting","3+ Family Apt. Building","11204","6423 19 AVENUE","19 AVENUE","64 STREET","65 STREET","64 STREET","65 STREET","ADDRESS","BROOKLYN","19 AVENUE",,"Closed",,"2023 Aug 15 12:56:34 PM","11 BROOKLYN","BROOKLYN","987,686","164,527","Unspecified","BROOKLYN",,,,,,,,"40.61826439032","-73.98762340466","POINT (-73.987623404662 40.618264390315)"
"58516875","2023 Aug 15 09:20:16 AM","2023 Aug 15 09:20:16 AM","DOHMH","Department of Health and Mental Hygiene","Rodent","Rat Sighting","Parking Lot/Garage","11204","1428 WEST   10 STREET","WEST   10 STREET","BAY PARKWAY","AVENUE O","BAY PARKWAY","AVENUE O","ADDRESS","BROOKLYN","WEST   10 STREET",,"Closed",,"2023 Aug 15 09:20:16 AM","11 BROOKLYN","BROOKLYN","988,664","161,832","Unspecified","BROOKLYN",,,,,,,,"40.61086673905","-73.98410237539","POINT (-73.984102375393 40.610866739048)"
"58513009","2023 Aug 14 09:07:12 AM","2023 Aug 22 01:03:41 PM","DOHMH","Department of Health and Mental Hygiene","Rodent","Rat Sighting","3+ Family Apt. Building","11204","105 AVENUE P","AVENUE P","WEST 11 STREET","WEST 10 STREET","WEST   11 STREET","WEST   10 STREET","ADDRESS","BROOKLYN","AVENUE P",,"Closed",,"2023 Aug 14 09:07:12 AM","11 BROOKLYN","BROOKLYN","988,619","160,636","Unspecified","BROOKLYN",,,,,,,,"40.60758398675","-73.98426522279","POINT (-73.984265222794 40.60758398675)"
"58498284","2023 Aug 13 04:44:58 PM","2023 Aug 22 03:17:31 PM","DOHMH","Department of Health and Mental Hygiene","Rodent","Rat Sighting","3+ Family Apt. Building","11228","7719 14 AVENUE","14 AVENUE","77 STREET","78 STREET","77 STREET","78 STREET","ADDRESS","BROOKLYN","14 AVENUE",,"Closed",,"2023 Aug 13 04:44:58 PM","11 BROOKLYN","BROOKLYN","982,421","164,304","Unspecified","BROOKLYN",,,,,,,,"40.61765277908","-74.00658806327","POINT (-74.006588063273 40.617652779085)"
"58489286","2023 Aug 12 10:57:38 AM","2023 Aug 24 02:19:59 PM","DOHMH","Department of Health and Mental Hygiene","Rodent","Rat Sighting","3+ Family Apt. Building","11228","1407 78 STREET","78 STREET","14 AVENUE","15 AVENUE","14 AVENUE","15 AVENUE","ADDRESS","BROOKLYN","78 STREET",,"Closed",,"2023 Aug 12 10:57:38 AM","11 BROOKLYN","BROOKLYN","982,422","164,068","Unspecified","BROOKLYN",,,,,,,,"40.61700500824","-74.00658439737","POINT (-74.006584397373 40.617005008241)"
"58489288","2023 Aug 12 08:51:27 AM","2023 Aug 12 08:51:27 AM","DOHMH","Department of Health and Mental Hygiene","Rodent","Rat Sighting","Other (Explain Below)","11214","257 BAY   40 STREET","BAY   40 STREET","BATH AVENUE","HARWAY AVENUE","BATH AVENUE","HARWAY AVENUE","ADDRESS","BROOKLYN","BAY   40 STREET",,"Closed",,"2023 Aug 12 08:51:27 AM","11 BROOKLYN","BROOKLYN","986,542","155,093","Unspecified","BROOKLYN",,,,,,,,"40.5923703556","-73.99174733515","POINT (-73.991747335154 40.592370355602)"
"58453482","2023 Aug 08 10:14:11 AM","2023 Aug 08 10:14:11 AM","DOHMH","Department of Health and Mental Hygiene","Rodent","Rat Sighting","3+ Family Apt. Building","11204","2219 64 STREET","64 STREET","BAY PARKWAY","23 AVENUE","BAY PARKWAY","23 AVENUE","ADDRESS","BROOKLYN","64 STREET",,"Closed",,"2023 Aug 08 10:14:11 AM","11 BROOKLYN","BROOKLYN","989,754","163,003","Unspecified","BROOKLYN",,,,,,,,"40.61408028268","-73.98017563698","POINT (-73.98017563698 40.614080282676)"
"58452214","2023 Aug 08 10:13:39 AM","2023 Aug 08 10:13:39 AM","DOHMH","Department of Health and Mental Hygiene","Rodent","Rat Sighting","3+ Family Apt. Building","11204","2201 64 STREET","64 STREET","BAY PARKWAY","23 AVENUE","BAY PARKWAY","23 AVENUE","ADDRESS","BROOKLYN","64 STREET",,"Closed",,"2023 Aug 08 10:13:39 AM","11 BROOKLYN","BROOKLYN","989,674","163,066","Unspecified","BROOKLYN",,,,,,,,"40.61425325399","-73.98046373117","POINT (-73.980463731175 40.614253253994)"
"58427347","2023 Aug 06 03:13:17 PM","2023 Aug 06 03:13:17 PM","DOHMH","Department of Health and Mental Hygiene","Rodent","Rat Sighting","3+ Family Apt. Building","11204","1725 73 STREET","73 STREET","17 AVENUE","18 AVENUE","17 AVENUE","18 AVENUE","ADDRESS","BROOKLYN","73 STREET",,"Closed",,"2023 Aug 06 03:13:17 PM","11 BROOKLYN","BROOKLYN","985,250","163,534","Unspecified","BROOKLYN",,,,,,,,"40.61553942098","-73.99639811116","POINT (-73.996398111157 40.61553942098)"
"58401299","2023 Aug 03 09:56:04 AM","2023 Aug 03 09:56:04 AM","DOHMH","Department of Health and Mental Hygiene","Rodent","Rat Sighting","3+ Family Apt. Building","11204","2202 64 STREET","64 STREET","BAY PARKWAY","23 AVENUE","BAY PARKWAY","23 AVENUE","ADDRESS","BROOKLYN","64 STREET",,"Closed",,"2023 Aug 03 09:56:04 AM","11 BROOKLYN","BROOKLYN","989,679","163,054","Unspecified","BROOKLYN",,,,,,,,"40.61422031341","-73.98044573173","POINT (-73.980445731726 40.614220313411)"
"58370870","2023 Jul 31 09:06:32 PM","2023 Jul 31 09:06:32 PM","DOHMH","Department of Health and Mental Hygiene","Rodent","Rat Sighting","3+ Family Apt. Building","11204","1773 63 STREET","63 STREET","17 AVENUE","18 AVENUE","17 AVENUE","18 AVENUE","ADDRESS","BROOKLYN","63 STREET",,"Closed",,"2023 Jul 31 09:06:32 PM","11 BROOKLYN","BROOKLYN","987,097","165,440","Unspecified","BROOKLYN",,,,,,,,"40.62077059421","-73.98974461877","POINT (-73.989744618766 40.62077059421)"
"58360854","2023 Jul 30 11:19:58 AM","2023 Aug 02 09:47:18 AM","DOHMH","Department of Health and Mental Hygiene","Rodent","Rat Sighting","1-2 Family Dwelling","11228","1111 SHORE PARKWAY","SHORE PARKWAY","15 AVENUE","16 AVENUE","15 AVENUE","16 AVENUE","ADDRESS","BROOKLYN","SHORE PARKWAY",,"Closed",,"2023 Jul 30 11:19:58 AM","11 BROOKLYN","BROOKLYN","980,122","158,929","Unspecified","BROOKLYN",,,,,,,,"40.60289873567","-74.01486578215","POINT (-74.014865782147 40.602898735668)"
"58324810","2023 Jul 26 11:43:21 AM","2023 Jul 26 11:43:21 AM","DOHMH","Department of Health and Mental Hygiene","Rodent","Rat Sighting","1-2 Family Dwelling","11223","1958 WEST    5 STREET","WEST    5 STREET","AVENUE S","AVENUE T","AVENUE S","AVENUE T","ADDRESS","BROOKLYN","WEST    5 STREET",,"Closed",,"2023 Jul 26 11:43:21 AM","11 BROOKLYN","BROOKLYN","990,597","157,841","Unspecified","BROOKLYN",,,,,,,,"40.59991108519","-73.97714416232","POINT (-73.977144162319 40.599911085194)"
"58320826","2023 Jul 26 08:50:19 AM","2023 Jul 26 08:50:19 AM","DOHMH","Department of Health and Mental Hygiene","Rodent","Rat Sighting","3+ Family Apt. Building","11204","1515 WEST    1 STREET","WEST    1 STREET","65 STREET","AVENUE P","65 STREET","AVENUE P","ADDRESS","BROOKLYN","WEST    1 STREET",,"Closed",,"2023 Jul 26 08:50:19 AM","11 BROOKLYN","BROOKLYN","991,137","161,424","Unspecified","BROOKLYN",,,,,,,,"40.60974528592","-73.9751959442","POINT (-73.975195944199 40.609745285917)"
"58281185","2023 Jul 22 11:36:00 PM","2023 Aug 24 02:19:59 PM","DOHMH","Department of Health and Mental Hygiene","Rodent","Rat Sighting","Commercial Building","11228","1407 78 STREET","78 STREET","14 AVENUE","15 AVENUE","14 AVENUE","15 AVENUE","ADDRESS","BROOKLYN","78 STREET",,"Closed",,"2023 Jul 22 11:36:00 PM","11 BROOKLYN","BROOKLYN","982,422","164,068","Unspecified","BROOKLYN",,,,,,,,"40.61700500824","-74.00658439737","POINT (-74.006584397373 40.617005008241)"
"58268650","2023 Jul 21 06:50:12 PM","2023 Jul 21 06:50:12 PM","DOHMH","Department of Health and Mental Hygiene","Rodent","Rat Sighting","1-2 Family Dwelling","11214","247 BAY   22 STREET","BAY   22 STREET","CROPSEY AVENUE","20 DRIVE","CROPSEY AVENUE","20 DRIVE","ADDRESS","BROOKLYN","BAY   22 STREET",,"Closed",,"2023 Jul 21 06:50:12 PM","11 BROOKLYN","BROOKLYN","982,945","158,121","Unspecified","BROOKLYN",,,,,,,,"40.60068180512","-74.00469941896","POINT (-74.004699418962 40.600681805125)"
"58254172","2023 Jul 20 10:00:58 PM","2023 Jul 20 10:00:58 PM","DOHMH","Department of Health and Mental Hygiene","Rodent","Rat Sighting","Commercial Building","11230","275 AVENUE O","AVENUE O","DAHILL ROAD","MCDONALD AVENUE","DAHILL ROAD","MCDONALD AVENUE","ADDRESS","BROOKLYN","AVENUE O",,"Closed",,"2023 Jul 20 10:00:58 PM","11 BROOKLYN","BROOKLYN","991,478","162,000","Unspecified","BROOKLYN",,,,,,,,"40.61132601588","-73.97396719024","POINT (-73.973967190242 40.611326015885)"
"58237907","2023 Jul 18 08:41:31 PM","2023 Jul 18 08:41:31 PM","DOHMH","Department of Health and Mental Hygiene","Rodent","Rat Sighting","Other (Explain Below)","11214","8310 21 AVENUE","21 AVENUE","83 STREET","84 STREET","83 STREET","84 STREET","ADDRESS","BROOKLYN","21 AVENUE",,"Closed",,"2023 Jul 18 08:41:31 PM","11 BROOKLYN","BROOKLYN","985,804","159,650","Unspecified","BROOKLYN",,,,,,,,"40.60487855899","-73.99440355852","POINT (-73.994403558523 40.604878558992)"
"58239250","2023 Jul 18 01:50:26 PM","2023 Jul 18 01:50:26 PM","DOHMH","Department of Health and Mental Hygiene","Rodent","Rat Sighting","Other (Explain Below)","11228","73 15 AVENUE","15 AVENUE","15 AVENUE","72 STREET","15 AVENUE","72 STREET","INTERSECTION","BROOKLYN",,,"Closed",,"2023 Jul 18 01:50:26 PM","11 BROOKLYN","BROOKLYN","983,907","164,928","Unspecified","BROOKLYN",,,,,,,,"40.6193657116","-74.00123551869","POINT (-74.001235518693 40.619365711596)"
"58215007","2023 Jul 16 01:17:23 PM",,"DOHMH","Department of Health and Mental Hygiene","Rodent","Rat Sighting","Other (Explain Below)","11214","19 AVENUE","19 AVENUE","19 AVENUE","SHORE PARKWAY","19 AVENUE","SHORE PARKWAY","INTERSECTION",,,,"In Progress",,,"11 BROOKLYN","BROOKLYN","982,252","157,673","Unspecified","BROOKLYN",,,,,,,,"40.59945200677","-74.00719483996","POINT (-74.007194839962 40.599452006771)"
"58175209","2023 Jul 12 05:30:27 PM","2023 Jul 12 05:30:27 PM","DOHMH","Department of Health and Mental Hygiene","Rodent","Rat Sighting","3+ Family Apt. Building","11219","1531 68 STREET","68 STREET","NEW UTRECHT AVENUE","16 AVENUE","NEW UTRECHT AVENUE","16 AVENUE","ADDRESS","BROOKLYN","68 STREET",,"Closed",,"2023 Jul 12 05:30:27 PM","11 BROOKLYN","BROOKLYN","984,825","165,524","Unspecified","BROOKLYN",,,,,,,,"40.62100159548","-73.99792874443","POINT (-73.997928744431 40.621001595477)"
"58179788","2023 Jul 12 09:13:21 AM","2023 Jul 12 09:13:21 AM","DOHMH","Department of Health and Mental Hygiene","Rodent","Rat Sighting","Other (Explain Below)","11228","1407 78 STREET","78 STREET","14 AVENUE","15 AVENUE","14 AVENUE","15 AVENUE","ADDRESS","BROOKLYN","78 STREET",,"Closed",,"2023 Jul 12 09:13:21 AM","11 BROOKLYN","BROOKLYN","982,422","164,068","Unspecified","BROOKLYN",,,,,,,,"40.61700500824","-74.00658439737","POINT (-74.006584397373 40.617005008241)"
"58171865","2023 Jul 11 05:47:11 PM","2023 Jul 11 05:47:11 PM","DOHMH","Department of Health and Mental Hygiene","Rodent","Rat Sighting","1-2 Family Dwelling","11204","1641 64 STREET","64 STREET","16 AVENUE","17 AVENUE","16 AVENUE","17 AVENUE","ADDRESS","BROOKLYN","64 STREET",,"Closed",,"2023 Jul 11 05:47:11 PM","11 BROOKLYN","BROOKLYN","986,133","165,872","Unspecified","BROOKLYN",,,,,,,,"40.62195660144","-73.99321699123","POINT (-73.993216991229 40.62195660144)"
"58145104","2023 Jul 09 01:55:12 PM",,"DOHMH","Department of Health and Mental Hygiene","Rodent","Rat Sighting","Other (Explain Below)","11214","84 STREET","84 STREET","84 STREET","NEW UTRECHT AVENUE","84 STREET","NEW UTRECHT AVENUE","INTERSECTION",,,,"In Progress",,,"11 BROOKLYN","BROOKLYN","983,740","161,199","Unspecified","BROOKLYN",,,,,,,,"40.60913036876","-74.00183678696","POINT (-74.001836786957 40.609130368756)"
"58145256","2023 Jul 09 09:23:21 AM","2023 Jul 09 09:23:21 AM","DOHMH","Department of Health and Mental Hygiene","Rodent","Rat Sighting","1-2 Family Dwelling","11228","1591 INDEPENDENCE AVENUE","INDEPENDENCE AVENUE","BAY 11 STREET","16 AVENUE","BAY   11 STREET","16 AVENUE","ADDRESS","BROOKLYN","INDEPENDENCE AVENUE",,"Closed",,"2023 Jul 09 09:23:21 AM","11 BROOKLYN","BROOKLYN","980,272","159,147","Unspecified","BROOKLYN",,,,,,,,"40.6034971699","-74.01432572951","POINT (-74.01432572951 40.603497169901)"
"58138846","2023 Jul 08 06:51:55 PM","2023 Jul 08 06:51:55 PM","DOHMH","Department of Health and Mental Hygiene","Rodent","Rat Sighting","Other (Explain Below)","11214","8715 18 AVENUE","18 AVENUE","18 AVENUE","BATH AVENUE","18 AVENUE","BATH AVENUE","ADDRESS","BROOKLYN",,,"Closed",,"2023 Jul 08 06:51:55 PM","11 BROOKLYN","BROOKLYN","982,822","159,643","Unspecified","BROOKLYN",,,,,,,,"40.60485936662","-74.00514267447","POINT (-74.005142674473 40.604859366619)"
"58138806","2023 Jul 08 09:54:30 AM","2023 Jul 10 10:06:45 AM","DOHMH","Department of Health and Mental Hygiene","Rodent","Rat Sighting","3+ Family Apt. Building","11204","1682 64 STREET","64 STREET","16 AVENUE","17 AVENUE","16 AVENUE","17 AVENUE","ADDRESS","BROOKLYN","64 STREET",,"Closed",,"2023 Jul 08 09:54:30 AM","11 BROOKLYN","BROOKLYN","986,333","165,705","Unspecified","BROOKLYN",,,,,,,,"40.62149817652","-73.99249659573","POINT (-73.992496595734 40.621498176523)"
"58127601","2023 Jul 07 01:49:50 PM","2023 Jul 07 03:15:31 PM","DOHMH","Department of Health and Mental Hygiene","Rodent","Rat Sighting","Other (Explain Below)","11204","1682 64 STREET","64 STREET","16 AVENUE","17 AVENUE","16 AVENUE","17 AVENUE","ADDRESS","BROOKLYN","64 STREET",,"Closed",,"2023 Jul 07 01:49:50 PM","11 BROOKLYN","BROOKLYN","986,333","165,705","Unspecified","BROOKLYN",,,,,,,,"40.62149817652","-73.99249659573","POINT (-73.992496595734 40.621498176523)"
"58113417","2023 Jul 06 08:08:03 AM","2023 Jul 06 08:08:03 AM","DOHMH","Department of Health and Mental Hygiene","Rodent","Rat Sighting","Other (Explain Below)","11214","2211 86 STREET","86 STREET","86 STREET","BAY PARKWAY","86 STREET","BAY PARKWAY","ADDRESS","BROOKLYN",,,"Closed",,"2023 Jul 06 08:08:03 AM","11 BROOKLYN","BROOKLYN","986,064","158,509","Unspecified","BROOKLYN",,,,,,,,"40.60174669681","-73.9934675234","POINT (-73.993467523398 40.601746696808)"
"58081909","2023 Jul 04 01:00:12 AM","2023 Jul 07 10:36:50 AM","DOHMH","Department of Health and Mental Hygiene","Rodent","Rat Sighting","1-2 Family Dwelling","11204","1682 64 STREET","64 STREET","16 AVENUE","17 AVENUE","16 AVENUE","17 AVENUE","ADDRESS","BROOKLYN","64 STREET",,"Closed",,"2023 Jul 04 01:00:12 AM","11 BROOKLYN","BROOKLYN","986,333","165,705","Unspecified","BROOKLYN",,,,,,,,"40.62149817652","-73.99249659573","POINT (-73.992496595734 40.621498176523)"
"58079221","2023 Jul 03 08:52:14 AM","2023 Jul 03 11:31:15 AM","DOHMH","Department of Health and Mental Hygiene","Rodent","Rat Sighting","3+ Family Apt. Building","11228","1407 78 STREET","78 STREET","14 AVENUE","15 AVENUE","14 AVENUE","15 AVENUE","ADDRESS","BROOKLYN","78 STREET",,"Closed",,"2023 Jul 03 08:52:14 AM","11 BROOKLYN","BROOKLYN","982,422","164,068","Unspecified","BROOKLYN",,,,,,,,"40.61700500824","-74.00658439737","POINT (-74.006584397373 40.617005008241)"
"58067472","2023 Jul 01 07:36:22 PM","2023 Jul 01 07:36:22 PM","DOHMH","Department of Health and Mental Hygiene","Rodent","Rat Sighting","Other (Explain Below)","11204","6204 17 AVENUE","17 AVENUE","17 AVENUE","64 STREET","17 AVENUE","64 STREET","ADDRESS","BROOKLYN",,,"Closed",,"2023 Jul 01 07:36:22 PM","11 BROOKLYN","BROOKLYN","986,808","165,938","Unspecified","BROOKLYN",,,,,,,,"40.62213758848","-73.99078545751","POINT (-73.990785457515 40.622137588483)"
"58067670","2023 Jul 01 07:31:59 AM","2023 Jul 01 07:31:59 AM","DOHMH","Department of Health and Mental Hygiene","Rodent","Rat Sighting","Other (Explain Below)","11204","1819 73 STREET","73 STREET","18 AVENUE","19 AVENUE","18 AVENUE","19 AVENUE","ADDRESS","BROOKLYN","73 STREET",,"Closed",,"2023 Jul 01 07:31:59 AM","11 BROOKLYN","BROOKLYN","985,853","163,056","Unspecified","BROOKLYN",,,,,,,,"40.61422732122","-73.99422628567","POINT (-73.99422628567 40.614227321219)"
"58032162","2023 Jun 28 03:41:05 PM","2023 Jul 11 12:21:31 PM","DOHMH","Department of Health and Mental Hygiene","Rodent","Rat Sighting","3+ Family Apt. Building","11228","1407 78 STREET","78 STREET","14 AVENUE","15 AVENUE","14 AVENUE","15 AVENUE","ADDRESS","BROOKLYN","78 STREET",,"Closed",,"2023 Jun 28 03:41:05 PM","11 BROOKLYN","BROOKLYN","982,422","164,068","Unspecified","BROOKLYN",,,,,,,,"40.61700500824","-74.00658439737","POINT (-74.006584397373 40.617005008241)"
"58035216","2023 Jun 28 03:16:38 PM","2023 Jun 28 03:16:38 PM","DOHMH","Department of Health and Mental Hygiene","Rodent","Rat Sighting","3+ Family Apt. Building","11204","1502 WEST    5 STREET","WEST    5 STREET","AVENUE O","AVENUE P","AVENUE O","AVENUE P","ADDRESS","BROOKLYN","WEST    5 STREET",,"Closed",,"2023 Jun 28 03:16:38 PM","11 BROOKLYN","BROOKLYN","990,049","161,633","Unspecified","BROOKLYN",,,,,,,,"40.6103197268","-73.97911427955","POINT (-73.979114279551 40.610319726797)"
"58029013","2023 Jun 27 11:21:58 AM","2023 Jun 27 11:21:58 AM","DOHMH","Department of Health and Mental Hygiene","Rodent","Rat Sighting","Other (Explain Below)","11204","2360 62 STREET","62 STREET","23 AVENUE","24 AVENUE","23 AVENUE","24 AVENUE","ADDRESS","BROOKLYN","62 STREET",,"Closed",,"2023 Jun 27 11:21:58 AM","11 BROOKLYN","BROOKLYN","990,874","162,770","Unspecified","BROOKLYN",,,,,,,,"40.61343997928","-73.97614183838","POINT (-73.976141838376 40.613439979282)"
"58022115","2023 Jun 27 10:35:13 AM","2023 Jun 27 10:35:13 AM","DOHMH","Department of Health and Mental Hygiene","Rodent","Rat Sighting","1-2 Family Dwelling","11204","2363 62 STREET","62 STREET","23 AVENUE","24 AVENUE","23 AVENUE","24 AVENUE","ADDRESS","BROOKLYN","62 STREET",,"Closed",,"2023 Jun 27 10:35:13 AM","11 BROOKLYN","BROOKLYN","990,886","162,768","Unspecified","BROOKLYN",,,,,,,,"40.61343448072","-73.97609861904","POINT (-73.976098619037 40.613434480716)"
"58011411","2023 Jun 26 09:48:54 PM","2023 Jun 26 09:48:54 PM","DOHMH","Department of Health and Mental Hygiene","Rodent","Rat Sighting","Other (Explain Below)","11214","1337 SHORE PARKWAY NORTH SERVICE ROAD","SHORE PARKWAY NORTH SERVICE ROAD","BAY 19 STREET","BAY 20 STREET","BAY   19 STREET","BAY   20 STREET","ADDRESS","BROOKLYN","SHORE PARKWAY",,"Closed",,"2023 Jun 26 09:48:54 PM","11 BROOKLYN","BROOKLYN","981,897","157,954","Unspecified","BROOKLYN",,,,,,,,"40.6002232077","-74.00847330029","POINT (-74.00847330029 40.6002232077)"
"58019761","2023 Jun 26 11:43:23 AM","2023 Jun 26 11:43:23 AM","DOHMH","Department of Health and Mental Hygiene","Rodent","Rat Sighting","Other (Explain Below)","11204","1684 64 STREET","64 STREET","16 AVENUE","17 AVENUE","16 AVENUE","17 AVENUE","ADDRESS","BROOKLYN","64 STREET",,"Closed",,"2023 Jun 26 11:43:23 AM","11 BROOKLYN","BROOKLYN","986,343","165,697","Unspecified","BROOKLYN",,,,,,,,"40.62147621583","-73.99246057611","POINT (-73.99246057611 40.621476215835)"
"58019278","2023 Jun 26 07:54:17 AM","2023 Jun 26 07:54:17 AM","DOHMH","Department of Health and Mental Hygiene","Rodent","Rat Sighting","Catch Basin/Sewer","11204","7116 17 AVENUE","17 AVENUE","17 AVENUE","70 STREET","17 AVENUE","70 STREET","ADDRESS","BROOKLYN",,,"Closed",,"2023 Jun 26 07:54:17 AM","11 BROOKLYN","BROOKLYN","985,315","164,055","Unspecified","BROOKLYN",,,,,,,,"40.6169694505","-73.9961639062","POINT (-73.996163906202 40.616969450503)"
"58003359","2023 Jun 25 10:26:06 PM","2023 Jun 25 10:26:06 PM","DOHMH","Department of Health and Mental Hygiene","Rodent","Rat Sighting","Other (Explain Below)","11228","1454 76 STREET","76 STREET","14 AVENUE","15 AVENUE","14 AVENUE","15 AVENUE","ADDRESS","BROOKLYN","76 STREET",,"Closed",,"2023 Jun 25 10:26:06 PM","11 BROOKLYN","BROOKLYN","982,951","164,303","Unspecified","BROOKLYN",,,,,,,,"40.61765012785","-74.00467900156","POINT (-74.004679001557 40.617650127849)"
"57989889","2023 Jun 24 12:14:52 AM","2023 Jun 24 12:14:52 AM","DOHMH","Department of Health and Mental Hygiene","Rodent","Rat Sighting","3+ Family Apt. Building","11214","1535 SHORE PARKWAY","SHORE PARKWAY","20 AVENUE","21 AVENUE","20 AVENUE","21 AVENUE","ADDRESS","BROOKLYN","SHORE PARKWAY",,"Closed",,"2023 Jun 24 12:14:52 AM","11 BROOKLYN","BROOKLYN","983,384","156,837","Unspecified","BROOKLYN",,,,,,,,"40.5971575387","-74.00311837702","POINT (-74.003118377024 40.597157538696)"
"57987438","2023 Jun 23 07:51:44 PM","2023 Jun 23 07:51:44 PM","DOHMH","Department of Health and Mental Hygiene","Rodent","Rat Sighting","3+ Family Apt. Building","11214","171 BAY   17 STREET","BAY   17 STREET","BATH AVENUE","CROPSEY AVENUE","BATH AVENUE","CROPSEY AVENUE","ADDRESS","BROOKLYN","BAY   17 STREET",,"Closed",,"2023 Jun 23 07:51:44 PM","11 BROOKLYN","BROOKLYN","982,278","159,381","Unspecified","BROOKLYN",,,,,,,,"40.60414012567","-74.00710171206","POINT (-74.007101712055 40.604140125669)"
"57976738","2023 Jun 22 10:31:39 AM","2023 Jun 22 10:31:39 AM","DOHMH","Department of Health and Mental Hygiene","Rodent","Rat Sighting","3+ Family Mixed Use Building","11204","6401 BAY PARKWAY","BAY PARKWAY","64 STREET","65 STREET","64 STREET","65 STREET","ADDRESS","BROOKLYN","BAY PARKWAY",,"Closed",,"2023 Jun 22 10:31:39 AM","11 BROOKLYN","BROOKLYN","989,555","163,102","Unspecified","BROOKLYN",,,,,,,,"40.6143521386","-73.98089231939","POINT (-73.980892319394 40.614352138603)"
"57968481","2023 Jun 21 09:28:46 AM","2023 Jun 21 12:29:44 PM","DOHMH","Department of Health and Mental Hygiene","Rodent","Rat Sighting","Other (Explain Below)","11204","1682 64 STREET","64 STREET","16 AVENUE","17 AVENUE","16 AVENUE","17 AVENUE","ADDRESS","BROOKLYN","64 STREET",,"Closed",,"2023 Jun 21 09:28:46 AM","11 BROOKLYN","BROOKLYN","986,333","165,705","Unspecified","BROOKLYN",,,,,,,,"40.62149817652","-73.99249659573","POINT (-73.992496595734 40.621498176523)"
"57967246","2023 Jun 21 09:09:53 AM","2023 Jun 21 09:09:53 AM","DOHMH","Department of Health and Mental Hygiene","Rodent","Rat Sighting","Other (Explain Below)","11204","1701 17 AVENUE","17 AVENUE","17 AVENUE","64 STREET","17 AVENUE","64 STREET","INTERSECTION","BROOKLYN",,,"Closed",,"2023 Jun 21 09:09:53 AM","11 BROOKLYN","BROOKLYN","986,515","165,564","Unspecified","BROOKLYN",,,,,,,,"40.62111111627","-73.99184104075","POINT (-73.991841040752 40.621111116268)"
"57947014","2023 Jun 19 02:45:27 PM","2023 Jul 05 09:59:15 AM","DOHMH","Department of Health and Mental Hygiene","Rodent","Rat Sighting","Other (Explain Below)","11204","1674 64 STREET","64 STREET","16 AVENUE","17 AVENUE","16 AVENUE","17 AVENUE","ADDRESS","BROOKLYN","64 STREET",,"Closed",,"2023 Jun 19 02:45:27 PM","11 BROOKLYN","BROOKLYN","986,294","165,735","Unspecified","BROOKLYN",,,,,,,,"40.62158052935","-73.99263707286","POINT (-73.992637072855 40.621580529348)"
"57925025","2023 Jun 17 11:13:21 PM","2023 Jun 17 11:13:21 PM","DOHMH","Department of Health and Mental Hygiene","Rodent","Rat Sighting","1-2 Family Dwelling","11223","1637 WEST    8 STREET","WEST    8 STREET","AVENUE P","QUENTIN ROAD","AVENUE P","QUENTIN ROAD","ADDRESS","BROOKLYN","WEST    8 STREET",,"Closed",,"2023 Jun 17 11:13:21 PM","11 BROOKLYN","BROOKLYN","989,401","160,421","Unspecified","BROOKLYN",,,,,,,,"40.60699343569","-73.98144904541","POINT (-73.981449045407 40.606993435693)"
"57926276","2023 Jun 17 11:17:50 AM","2023 Jun 21 02:13:10 PM","DOHMH","Department of Health and Mental Hygiene","Rodent","Rat Sighting","Commercial Building","11204","6628 18 AVENUE","18 AVENUE","66 STREET","67 STREET","66 STREET","67 STREET","ADDRESS","BROOKLYN","18 AVENUE",,"Closed",,"2023 Jun 17 11:17:50 AM","11 BROOKLYN","BROOKLYN","986,674","164,458","Unspecified","BROOKLYN",,,,,,,,"40.61807533431","-73.99126868973","POINT (-73.991268689733 40.618075334313)"
"57899413","2023 Jun 14 08:29:20 PM","2023 Jun 14 08:29:20 PM","DOHMH","Department of Health and Mental Hygiene","Rodent","Rat Sighting","3+ Family Mixed Use Building","11204","1674 64 STREET","64 STREET","16 AVENUE","17 AVENUE","16 AVENUE","17 AVENUE","ADDRESS","BROOKLYN","64 STREET",,"Closed",,"2023 Jun 14 08:29:20 PM","11 BROOKLYN","BROOKLYN","986,294","165,735","Unspecified","BROOKLYN",,,,,,,,"40.62158052935","-73.99263707286","POINT (-73.992637072855 40.621580529348)"
"57899445","2023 Jun 14 06:38:42 PM","2023 Jun 14 06:38:42 PM","DOHMH","Department of Health and Mental Hygiene","Rodent","Rat Sighting","Other (Explain Below)","11204","6521 18 AVENUE","18 AVENUE","66 STREET","67 STREET","66 STREET","67 STREET","ADDRESS","BROOKLYN",,,"Closed",,"2023 Jun 14 06:38:42 PM","11 BROOKLYN","BROOKLYN","986,929","164,776","Unspecified","BROOKLYN",,,,,,,,"40.61894810481","-73.990350047","POINT (-73.990350047004 40.61894810481)"
"57868101","2023 Jun 11 11:38:27 AM","2023 Jun 11 11:38:27 AM","DOHMH","Department of Health and Mental Hygiene","Rodent","Rat Sighting","Other (Explain Below)","11204","1435 WEST   10 STREET","WEST   10 STREET","BAY PARKWAY","AVENUE O","BAY PARKWAY","AVENUE O","ADDRESS","BROOKLYN","WEST   10 STREET",,"Closed",,"2023 Jun 11 11:38:27 AM","11 BROOKLYN","BROOKLYN","988,672","161,818","Unspecified","BROOKLYN",,,,,,,,"40.61082830794","-73.98407357147","POINT (-73.984073571467 40.610828307938)"
"57852372","2023 Jun 09 10:45:15 AM","2023 Jun 12 10:39:13 AM","DOHMH","Department of Health and Mental Hygiene","Rodent","Rat Sighting","1-2 Family Dwelling","11204","1682 64 STREET","64 STREET","16 AVENUE","17 AVENUE","16 AVENUE","17 AVENUE","ADDRESS","BROOKLYN","64 STREET",,"Closed",,"2023 Jun 09 10:45:15 AM","11 BROOKLYN","BROOKLYN","986,333","165,705","Unspecified","BROOKLYN",,,,,,,,"40.62149817652","-73.99249659573","POINT (-73.992496595734 40.621498176523)"
"57822994","2023 Jun 06 04:07:45 PM","2023 Jun 06 04:07:45 PM","DOHMH","Department of Health and Mental Hygiene","Rodent","Rat Sighting","Commercial Building","11214","8514 18 AVENUE","18 AVENUE","85 STREET","86 STREET","85 STREET","86 STREET","ADDRESS","BROOKLYN","18 AVENUE",,"Closed",,"2023 Jun 06 04:07:45 PM","11 BROOKLYN","BROOKLYN","983,659","160,672","Unspecified","BROOKLYN",,,,,,,,"40.60768385671","-74.00212846583","POINT (-74.002128465825 40.607683856714)"
"57816124","2023 Jun 06 01:58:58 PM","2023 Jun 06 01:58:58 PM","DOHMH","Department of Health and Mental Hygiene","Rodent","Rat Sighting","Parking Lot/Garage","11204","6817 BAY PARKWAY","BAY PARKWAY","BAY RIDGE AVENUE","WEST 10 STREET","BAY RIDGE AVENUE","WEST   10 STREET","ADDRESS","BROOKLYN","BAY PARKWAY",,"Closed",,"2023 Jun 06 01:58:58 PM","11 BROOKLYN","BROOKLYN","988,717","162,045","Unspecified","BROOKLYN",,,,,,,,"40.61145135367","-73.98391134775","POINT (-73.98391134775 40.611451353669)"
"57773698","2023 Jun 02 01:44:41 AM","2023 Jun 02 01:44:41 AM","DOHMH","Department of Health and Mental Hygiene","Rodent","Rat Sighting","3+ Family Apt. Building","11228","7719 14 AVENUE","14 AVENUE","77 STREET","78 STREET","77 STREET","78 STREET","ADDRESS","BROOKLYN","14 AVENUE",,"Closed",,"2023 Jun 02 01:44:41 AM","11 BROOKLYN","BROOKLYN","982,421","164,304","Unspecified","BROOKLYN",,,,,,,,"40.61765277908","-74.00658806327","POINT (-74.006588063273 40.617652779085)"
"57755604","2023 May 30 06:08:56 PM","2023 Jun 12 03:53:43 PM","DOHMH","Department of Health and Mental Hygiene","Rodent","Rat Sighting","Parking Lot/Garage","11204","6817 BAY PARKWAY","BAY PARKWAY","BAY RIDGE AVENUE","WEST 10 STREET","BAY RIDGE AVENUE","WEST   10 STREET","ADDRESS","BROOKLYN","BAY PARKWAY",,"Closed",,"2023 May 30 06:08:56 PM","11 BROOKLYN","BROOKLYN","988,717","162,045","Unspecified","BROOKLYN",,,,,,,,"40.61145135367","-73.98391134775","POINT (-73.98391134775 40.611451353669)"
"57748145","2023 May 29 09:19:31 PM","2023 May 29 09:19:31 PM","DOHMH","Department of Health and Mental Hygiene","Rodent","Rat Sighting","1-2 Family Dwelling","11228","1065 SHORE PARKWAY","SHORE PARKWAY","15 AVENUE","16 AVENUE","15 AVENUE","16 AVENUE","ADDRESS","BROOKLYN","SHORE PARKWAY",,"Closed",,"2023 May 29 09:19:31 PM","11 BROOKLYN","BROOKLYN","979,703","159,067","Unspecified","BROOKLYN",,,,,,,,"40.60327731251","-74.01637478071","POINT (-74.016374780711 40.603277312505)"
"57739809","2023 May 28 04:33:29 AM","2023 May 28 04:33:29 AM","DOHMH","Department of Health and Mental Hygiene","Rodent","Rat Sighting","Commercial Building","11204","6805 18 AVENUE","18 AVENUE","68 STREET","BAY RIDGE AVENUE","68 STREET","BAY RIDGE AVENUE","ADDRESS","BROOKLYN","18 AVENUE",,"Closed",,"2023 May 28 04:33:29 AM","11 BROOKLYN","BROOKLYN","986,463","164,170","Unspecified","BROOKLYN",,,,,,,,"40.61728488929","-73.99202881155","POINT (-73.992028811549 40.617284889293)"
"57722070","2023 May 26 05:44:55 PM","2023 Jun 12 10:39:13 AM","DOHMH","Department of Health and Mental Hygiene","Rodent","Rat Sighting","3+ Family Apt. Building","11204","1682 64 STREET","64 STREET","16 AVENUE","17 AVENUE","16 AVENUE","17 AVENUE","ADDRESS","BROOKLYN","64 STREET",,"Closed",,"2023 May 26 05:44:55 PM","11 BROOKLYN","BROOKLYN","986,333","165,705","Unspecified","BROOKLYN",,,,,,,,"40.62149817652","-73.99249659573","POINT (-73.992496595734 40.621498176523)"
"57717557","2023 May 26 01:06:15 PM","2023 Jun 12 10:39:13 AM","DOHMH","Department of Health and Mental Hygiene","Rodent","Rat Sighting","3+ Family Apt. Building","11204","1682 64 STREET","64 STREET","16 AVENUE","17 AVENUE","16 AVENUE","17 AVENUE","ADDRESS","BROOKLYN","64 STREET",,"Closed",,"2023 May 26 01:06:15 PM","11 BROOKLYN","BROOKLYN","986,333","165,705","Unspecified","BROOKLYN",,,,,,,,"40.62149817652","-73.99249659573","POINT (-73.992496595734 40.621498176523)"
"57669601","2023 May 21 10:37:24 AM","2023 May 21 10:37:24 AM","DOHMH","Department of Health and Mental Hygiene","Rodent","Rat Sighting","3+ Family Apt. Building","11214","8645 BAY PARKWAY","BAY PARKWAY","86 STREET","BENSON AVENUE","86 STREET","BENSON AVENUE","ADDRESS","BROOKLYN","BAY PARKWAY",,"Closed",,"2023 May 21 10:37:24 AM","11 BROOKLYN","BROOKLYN","985,711","158,252","Unspecified","BROOKLYN",,,,,,,,"40.60104134921","-73.99473878308","POINT (-73.994738783083 40.601041349206)"
"57656441","2023 May 19 01:25:54 PM","2023 May 19 01:25:54 PM","DOHMH","Department of Health and Mental Hygiene","Rodent","Rat Sighting","1-2 Family Dwelling","11204","1513 DAHILL ROAD","DAHILL ROAD","AVENUE O","64 STREET","AVENUE O","64 STREET","ADDRESS","BROOKLYN","DAHILL ROAD",,"Closed",,"2023 May 19 01:25:54 PM","11 BROOKLYN","BROOKLYN","991,348","161,835","Unspecified","BROOKLYN",,,,,,,,"40.61087322993","-73.97443557965","POINT (-73.974435579652 40.610873229928)"
"57644877","2023 May 18 09:33:08 AM","2023 May 18 09:33:08 AM","DOHMH","Department of Health and Mental Hygiene","Rodent","Rat Sighting","3+ Family Apt. Building","11214","2312 80 STREET","80 STREET","23 AVENUE","STILLWELL AVENUE","23 AVENUE","STILLWELL AVENUE","ADDRESS","BROOKLYN","80 STREET",,"Closed",,"2023 May 18 09:33:08 AM","11 BROOKLYN","BROOKLYN","987,668","159,238","Unspecified","BROOKLYN",,,,,,,,"40.60374718005","-73.98769091836","POINT (-73.98769091836 40.603747180054)"
"57634349","2023 May 17 10:06:39 PM","2023 May 17 10:06:39 PM","DOHMH","Department of Health and Mental Hygiene","Rodent","Rat Sighting","Other (Explain Below)","11214","1830 BATH AVENUE","BATH AVENUE","BAY 19 STREET","BAY 20 STREET","BAY   19 STREET","BAY   20 STREET","ADDRESS","BROOKLYN","BATH AVENUE",,"Closed",,"2023 May 17 10:06:39 PM","11 BROOKLYN","BROOKLYN","982,811","159,094","Unspecified","BROOKLYN",,,,,,,,"40.60335247169","-74.00518217195","POINT (-74.005182171947 40.603352471693)"
"57633029","2023 May 17 09:31:15 AM","2023 May 17 09:31:15 AM","DOHMH","Department of Health and Mental Hygiene","Rodent","Rat Sighting","3+ Family Apt. Building","11214","204 BAY   20 STREET","BAY   20 STREET","BATH AVENUE","CROPSEY AVENUE","BATH AVENUE","CROPSEY AVENUE","ADDRESS","BROOKLYN","BAY   20 STREET",,"Closed",,"2023 May 17 09:31:15 AM","11 BROOKLYN","BROOKLYN","982,760","158,743","Unspecified","BROOKLYN",,,,,,,,"40.60238903966","-74.00536575732","POINT (-74.005365757319 40.602389039659)"
"57622652","2023 May 16 12:39:35 PM","2023 May 16 02:03:40 PM","DOHMH","Department of Health and Mental Hygiene","Rodent","Rat Sighting","Commercial Building","11228","7115 15 AVENUE","15 AVENUE","71 STREET","72 STREET","71 STREET","72 STREET","ADDRESS","BROOKLYN","15 AVENUE",,"Closed",,"2023 May 16 12:39:35 PM","11 BROOKLYN","BROOKLYN","984,030","165,079","Unspecified","BROOKLYN",,,,,,,,"40.61978017909","-74.00079246589","POINT (-74.00079246589 40.619780179089)"
"57592149","2023 May 13 04:09:10 PM","2023 May 18 11:11:12 AM","DOHMH","Department of Health and Mental Hygiene","Rodent","Rat Sighting","3+ Family Apt. Building","11230","264 AVENUE O","AVENUE O","DAHILL ROAD","MCDONALD AVENUE","DAHILL ROAD","MCDONALD AVENUE","ADDRESS","BROOKLYN","AVENUE O",,"Closed",,"2023 May 13 04:09:10 PM","11 BROOKLYN","BROOKLYN","991,369","161,978","Unspecified","BROOKLYN",,,,,,,,"40.61126571866","-73.97435979452","POINT (-73.974359794523 40.611265718656)"
"57597282","2023 May 13 09:40:55 AM","2023 May 15 02:38:04 PM","DOHMH","Department of Health and Mental Hygiene","Rodent","Rat Sighting","3+ Family Mixed Use Building","11214","2322 83 STREET","83 STREET","23 AVENUE","24 AVENUE","23 AVENUE","24 AVENUE","ADDRESS","BROOKLYN","83 STREET",,"Closed",,"2023 May 13 09:40:55 AM","11 BROOKLYN","BROOKLYN","987,266","158,561","Unspecified","BROOKLYN",,,,,,,,"40.60188909869","-73.98913892421","POINT (-73.98913892421 40.601889098692)"
"57575987","2023 May 11 01:13:14 PM","2023 May 15 02:38:04 PM","DOHMH","Department of Health and Mental Hygiene","Rodent","Rat Sighting","1-2 Family Dwelling","11214","2322 83 STREET","83 STREET","23 AVENUE","24 AVENUE","23 AVENUE","24 AVENUE","ADDRESS","BROOKLYN","83 STREET",,"Closed",,"2023 May 11 01:13:14 PM","11 BROOKLYN","BROOKLYN","987,266","158,561","Unspecified","BROOKLYN",,,,,,,,"40.60188909869","-73.98913892421","POINT (-73.98913892421 40.601889098692)"
"57570025","2023 May 11 11:32:45 AM","2023 May 11 02:27:36 PM","DOHMH","Department of Health and Mental Hygiene","Rodent","Rat Sighting","3+ Family Apt. Building","11204","1682 64 STREET","64 STREET","16 AVENUE","17 AVENUE","16 AVENUE","17 AVENUE","ADDRESS","BROOKLYN","64 STREET",,"Closed",,"2023 May 11 11:32:45 AM","11 BROOKLYN","BROOKLYN","986,333","165,705","Unspecified","BROOKLYN",,,,,,,,"40.62149817652","-73.99249659573","POINT (-73.992496595734 40.621498176523)"
"57564694","2023 May 10 10:09:28 AM","2023 May 11 03:57:30 PM","DOHMH","Department of Health and Mental Hygiene","Rodent","Rat Sighting","3+ Family Apt. Building","11230","264 AVENUE O","AVENUE O","DAHILL ROAD","MCDONALD AVENUE","DAHILL ROAD","MCDONALD AVENUE","ADDRESS","BROOKLYN","AVENUE O",,"Closed",,"2023 May 10 10:09:28 AM","11 BROOKLYN","BROOKLYN","991,369","161,978","Unspecified","BROOKLYN",,,,,,,,"40.61126571866","-73.97435979452","POINT (-73.974359794523 40.611265718656)"
"57551470","2023 May 09 10:40:07 AM","2023 May 09 10:40:07 AM","DOHMH","Department of Health and Mental Hygiene","Rodent","Rat Sighting","3+ Family Apt. Building","11204","1686 64 STREET","64 STREET","16 AVENUE","17 AVENUE","16 AVENUE","17 AVENUE","ADDRESS","BROOKLYN","64 STREET",,"Closed",,"2023 May 09 10:40:07 AM","11 BROOKLYN","BROOKLYN","986,353","165,689","Unspecified","BROOKLYN",,,,,,,,"40.62145425514","-73.99242455651","POINT (-73.99242455651 40.621454255135)"
"57536181","2023 May 07 04:39:44 PM","2023 May 07 04:39:44 PM","DOHMH","Department of Health and Mental Hygiene","Rodent","Rat Sighting","Commercial Building","11214","8024 NEW UTRECHT AVENUE","NEW UTRECHT AVENUE","80 STREET","81 STREET","80 STREET","81 STREET","ADDRESS","BROOKLYN","NEW UTRECHT AVENUE",,"Closed",,"2023 May 07 04:39:44 PM","11 BROOKLYN","BROOKLYN","983,929","162,094","Unspecified","BROOKLYN",,,,,,,,"40.61158696874","-74.00115613786","POINT (-74.001156137863 40.611586968737)"
"57534279","2023 May 07 09:23:55 AM","2023 May 07 09:23:55 AM","DOHMH","Department of Health and Mental Hygiene","Rodent","Rat Sighting","1-2 Family Dwelling","11204","1682 64 STREET","64 STREET","16 AVENUE","17 AVENUE","16 AVENUE","17 AVENUE","ADDRESS","BROOKLYN","64 STREET",,"Closed",,"2023 May 07 09:23:55 AM","11 BROOKLYN","BROOKLYN","986,333","165,705","Unspecified","BROOKLYN",,,,,,,,"40.62149817652","-73.99249659573","POINT (-73.992496595734 40.621498176523)"
"57504614","2023 May 04 01:51:50 PM","2023 May 04 01:51:50 PM","DOHMH","Department of Health and Mental Hygiene","Rodent","Rat Sighting","3+ Family Apt. Building","11230","267 AVENUE O","AVENUE O","DAHILL ROAD","MCDONALD AVENUE","DAHILL ROAD","MCDONALD AVENUE","ADDRESS","BROOKLYN","AVENUE O",,"Closed",,"2023 May 04 01:51:50 PM","11 BROOKLYN","BROOKLYN","991,405","161,989","Unspecified","BROOKLYN",,,,,,,,"40.6112958824","-73.97423012318","POINT (-73.974230123176 40.611295882396)"
"57506613","2023 May 04 12:17:05 PM","2023 May 04 12:17:05 PM","DOHMH","Department of Health and Mental Hygiene","Rodent","Rat Sighting","Other (Explain Below)","11228","1111 SHORE PARKWAY","SHORE PARKWAY","15 AVENUE","16 AVENUE","15 AVENUE","16 AVENUE","ADDRESS","BROOKLYN","SHORE PARKWAY",,"Closed",,"2023 May 04 12:17:05 PM","11 BROOKLYN","BROOKLYN","980,122","158,929","Unspecified","BROOKLYN",,,,,,,,"40.60289873567","-74.01486578215","POINT (-74.014865782147 40.602898735668)"
"57497239","2023 May 03 01:48:44 PM","2023 May 03 01:48:44 PM","DOHMH","Department of Health and Mental Hygiene","Rodent","Rat Sighting","3+ Family Apt. Building","11230","264 AVENUE O","AVENUE O","DAHILL ROAD","MCDONALD AVENUE","DAHILL ROAD","MCDONALD AVENUE","ADDRESS","BROOKLYN","AVENUE O",,"Closed",,"2023 May 03 01:48:44 PM","11 BROOKLYN","BROOKLYN","991,369","161,978","Unspecified","BROOKLYN",,,,,,,,"40.61126571866","-73.97435979452","POINT (-73.974359794523 40.611265718656)"
"57473804","2023 May 01 04:50:57 PM","2023 May 01 04:50:57 PM","DOHMH","Department of Health and Mental Hygiene","Rodent","Rat Sighting","3+ Family Apt. Building","11214","2402 82 STREET","82 STREET","82 STREET","83 STREET","82 STREET","83 STREET","ADDRESS","BROOKLYN","82 STREET",,"Closed",,"2023 May 01 04:50:57 PM","11 BROOKLYN","BROOKLYN","987,844","158,347","Unspecified","BROOKLYN",,,,,,,,"40.6013014966","-73.98705757198","POINT (-73.987057571984 40.601301496595)"
"57466365","2023 Apr 30 11:33:57 PM","2023 Apr 30 11:33:57 PM","DOHMH","Department of Health and Mental Hygiene","Rodent","Rat Sighting","Parking Lot/Garage","11204","6817 BAY PARKWAY","BAY PARKWAY","BAY RIDGE AVENUE","WEST 10 STREET","BAY RIDGE AVENUE","WEST   10 STREET","ADDRESS","BROOKLYN","BAY PARKWAY",,"Closed",,"2023 Apr 30 11:33:57 PM","11 BROOKLYN","BROOKLYN","988,717","162,045","Unspecified","BROOKLYN",,,,,,,,"40.61145135367","-73.98391134775","POINT (-73.98391134775 40.611451353669)"
"57442430","2023 Apr 28 12:15:33 PM","2023 Apr 28 12:15:33 PM","DOHMH","Department of Health and Mental Hygiene","Rodent","Rat Sighting","1-2 Family Dwelling","11228","1584 82 STREET","82 STREET","15 AVENUE","16 AVENUE","15 AVENUE","16 AVENUE","ADDRESS","BROOKLYN","82 STREET",,"Closed",,"2023 Apr 28 12:15:33 PM","11 BROOKLYN","BROOKLYN","982,724","162,492","Unspecified","BROOKLYN",,,,,,,,"40.61267927118","-74.00549624688","POINT (-74.00549624688 40.61267927118)"
"57432068","2023 Apr 26 03:15:39 PM","2023 Apr 26 03:15:39 PM","DOHMH","Department of Health and Mental Hygiene","Rodent","Rat Sighting","3+ Family Apt. Building","11204","2413 64 STREET","64 STREET","24 AVENUE","DAHILL ROAD","24 AVENUE","DAHILL ROAD","ADDRESS","BROOKLYN","64 STREET",,"Closed",,"2023 Apr 26 03:15:39 PM","11 BROOKLYN","BROOKLYN","990,942","162,061","Unspecified","BROOKLYN",,,,,,,,"40.61149386934","-73.97589762029","POINT (-73.975897620286 40.611493869342)"
"57413912","2023 Apr 25 06:51:32 PM","2023 Apr 25 06:51:32 PM","DOHMH","Department of Health and Mental Hygiene","Rodent","Rat Sighting","Other (Explain Below)","11214","2164 86 STREET","86 STREET","BAY 29 STREET","BAY PARKWAY","BAY   29 STREET","BAY PARKWAY","ADDRESS","BROOKLYN","86 STREET",,"Closed",,"2023 Apr 25 06:51:32 PM","11 BROOKLYN","BROOKLYN","985,793","158,720","Unspecified","BROOKLYN",,,,,,,,"40.60232590027","-73.99444338543","POINT (-73.994443385427 40.602325900265)"
"57386980","2023 Apr 21 02:25:42 PM","2023 Apr 21 02:25:42 PM","DOHMH","Department of Health and Mental Hygiene","Rodent","Rat Sighting","Other (Explain Below)","11214","1815 86 STREET","86 STREET","BATTERY AVENUE","7 AVENUE","BATTERY AVENUE","7 AVENUE","ADDRESS","BROOKLYN","86 STREET",,"Closed",,"2023 Apr 21 02:25:42 PM","11 BROOKLYN","BROOKLYN","983,608","160,447","Unspecified","BROOKLYN",,,,,,,,"40.60706627421","-74.00231211915","POINT (-74.002312119153 40.607066274208)"
"57298872","2023 Apr 12 10:47:43 PM","2023 Apr 12 10:47:43 PM","DOHMH","Department of Health and Mental Hygiene","Rodent","Rat Sighting","Vacant Building","11214","8712 BAY PARKWAY","BAY PARKWAY","BENSON AVENUE","BATH AVENUE","BENSON AVENUE","BATH AVENUE","ADDRESS","BROOKLYN","BAY PARKWAY",,"Closed",,"2023 Apr 12 10:47:43 PM","11 BROOKLYN","BROOKLYN","985,291","157,731","Unspecified","BROOKLYN",,,,,,,,"40.59961136911","-73.99625132819","POINT (-73.996251328193 40.599611369107)"
"57298197","2023 Apr 12 08:13:46 PM","2023 Apr 12 08:13:46 PM","DOHMH","Department of Health and Mental Hygiene","Rodent","Rat Sighting","Catch Basin/Sewer","11223","58 KINGS PLACE","KINGS PLACE","KINGS HIGHWAY","DEAD END","KINGS HIGHWAY","DEAD END","ADDRESS","BROOKLYN","KINGS PLACE",,"Closed",,"2023 Apr 12 08:13:46 PM","11 BROOKLYN","BROOKLYN","991,170","159,062","Unspecified","BROOKLYN",,,,,,,,"40.60326205324","-73.97507951232","POINT (-73.975079512318 40.603262053242)"
"57290968","2023 Apr 12 02:49:40 PM","2023 Apr 12 02:49:40 PM","DOHMH","Department of Health and Mental Hygiene","Rodent","Rat Sighting","Commercial Building","11214","2535 86 STREET","86 STREET","BAY 40 STREET","BAY 41 STREET","BAY   40 STREET","BAY   41 STREET","ADDRESS","BROOKLYN","86 STREET",,"Closed",,"2023 Apr 12 02:49:40 PM","11 BROOKLYN","BROOKLYN","988,070","156,910","Unspecified","BROOKLYN",,,,,,,,"40.59735712802","-73.98624453131","POINT (-73.98624453131 40.597357128023)"
"57289323","2023 Apr 11 06:40:33 PM","2023 Apr 26 12:01:34 PM","DOHMH","Department of Health and Mental Hygiene","Rodent","Rat Sighting","3+ Family Apt. Building","11230","264 AVENUE O","AVENUE O","DAHILL ROAD","MCDONALD AVENUE","DAHILL ROAD","MCDONALD AVENUE","ADDRESS","BROOKLYN","AVENUE O",,"Closed",,"2023 Apr 11 06:40:33 PM","11 BROOKLYN","BROOKLYN","991,369","161,978","Unspecified","BROOKLYN",,,,,,,,"40.61126571866","-73.97435979452","POINT (-73.974359794523 40.611265718656)"
"57277282","2023 Apr 10 08:40:35 PM","2023 Apr 26 12:04:49 PM","DOHMH","Department of Health and Mental Hygiene","Rodent","Rat Sighting","3+ Family Apt. Building","11228","7719 14 AVENUE","14 AVENUE","77 STREET","78 STREET","77 STREET","78 STREET","ADDRESS","BROOKLYN","14 AVENUE",,"Closed",,"2023 Apr 10 08:40:35 PM","11 BROOKLYN","BROOKLYN","982,421","164,304","Unspecified","BROOKLYN",,,,,,,,"40.61765277908","-74.00658806327","POINT (-74.006588063273 40.617652779085)"
"57263050","2023 Apr 08 09:48:30 PM","2023 Apr 08 09:48:30 PM","DOHMH","Department of Health and Mental Hygiene","Rodent","Rat Sighting","3+ Family Apt. Building","11219","1522 61 STREET","61 STREET","15 AVENUE","16 AVENUE","15 AVENUE","16 AVENUE","ADDRESS","BROOKLYN","61 STREET",,"Closed",,"2023 Apr 08 09:48:30 PM","11 BROOKLYN","BROOKLYN","985,877","167,062","Unspecified","BROOKLYN",,,,,,,,"40.6252229532","-73.9941388766","POINT (-73.994138876602 40.625222953199)"
"57260839","2023 Apr 08 04:06:17 PM","2023 Apr 08 04:06:17 PM","DOHMH","Department of Health and Mental Hygiene","Rodent","Rat Sighting","Construction Site","11204","2247 65 STREET","65 STREET","WEST 6 STREET","WEST 5 STREET","WEST    6 STREET","WEST    5 STREET","ADDRESS","BROOKLYN","65 STREET",,"Closed",,"2023 Apr 08 04:06:17 PM","11 BROOKLYN","BROOKLYN","989,775","162,627","Unspecified","BROOKLYN",,,,,,,,"40.61304822722","-73.98010030663","POINT (-73.980100306625 40.613048227219)"
"57261995","2023 Apr 08 02:15:22 PM","2023 Apr 26 11:32:35 AM","DOHMH","Department of Health and Mental Hygiene","Rodent","Rat Sighting","3+ Family Apt. Building","11204","1479 DAHILL ROAD","DAHILL ROAD","62 STREET","63 STREET","62 STREET","63 STREET","ADDRESS","BROOKLYN","DAHILL ROAD",,"Closed",,"2023 Apr 08 02:15:22 PM","11 BROOKLYN","BROOKLYN","991,292","162,230","Unspecified","BROOKLYN",,,,,,,,"40.61195746829","-73.9746368594","POINT (-73.974636859403 40.611957468294)"
"57233529","2023 Apr 05 11:54:19 PM","2023 Apr 26 12:04:49 PM","DOHMH","Department of Health and Mental Hygiene","Rodent","Rat Sighting","Commercial Building","11228","7719 14 AVENUE","14 AVENUE","77 STREET","78 STREET","77 STREET","78 STREET","ADDRESS","BROOKLYN","14 AVENUE",,"Closed",,"2023 Apr 05 11:54:19 PM","11 BROOKLYN","BROOKLYN","982,421","164,304","Unspecified","BROOKLYN",,,,,,,,"40.61765277908","-74.00658806327","POINT (-74.006588063273 40.617652779085)"
"57240226","2023 Apr 05 08:44:12 PM","2023 Apr 26 12:01:34 PM","DOHMH","Department of Health and Mental Hygiene","Rodent","Rat Sighting","3+ Family Apt. Building","11230","264 AVENUE O","AVENUE O","DAHILL ROAD","MCDONALD AVENUE","DAHILL ROAD","MCDONALD AVENUE","ADDRESS","BROOKLYN","AVENUE O",,"Closed",,"2023 Apr 05 08:44:12 PM","11 BROOKLYN","BROOKLYN","991,369","161,978","Unspecified","BROOKLYN",,,,,,,,"40.61126571866","-73.97435979452","POINT (-73.974359794523 40.611265718656)"
"57239439","2023 Apr 05 12:27:02 PM","2023 Apr 05 12:27:02 PM","DOHMH","Department of Health and Mental Hygiene","Rodent","Rat Sighting","1-2 Family Dwelling","11230","264 AVENUE O","AVENUE O","DAHILL ROAD","MCDONALD AVENUE","DAHILL ROAD","MCDONALD AVENUE","ADDRESS","BROOKLYN","AVENUE O",,"Closed",,"2023 Apr 05 12:27:02 PM","11 BROOKLYN","BROOKLYN","991,369","161,978","Unspecified","BROOKLYN",,,,,,,,"40.61126571866","-73.97435979452","POINT (-73.974359794523 40.611265718656)"
"57221341","2023 Apr 04 12:47:58 AM","2023 Apr 04 01:51:39 PM","DOHMH","Department of Health and Mental Hygiene","Rodent","Rat Sighting","3+ Family Apt. Building","11228","7719 14 AVENUE","14 AVENUE","77 STREET","78 STREET","77 STREET","78 STREET","ADDRESS","BROOKLYN","14 AVENUE",,"Closed",,"2023 Apr 04 12:47:58 AM","11 BROOKLYN","BROOKLYN","982,421","164,304","Unspecified","BROOKLYN",,,,,,,,"40.61765277908","-74.00658806327","POINT (-74.006588063273 40.617652779085)"
"57344877","2023 Apr 03 09:08:45 PM","2023 Apr 03 09:08:45 PM","DOHMH","Department of Health and Mental Hygiene","Rodent","Rat Sighting","Commercial Building","11204","7023 BAY PARKWAY","BAY PARKWAY","70 STREET","71 STREET","70 STREET","71 STREET","ADDRESS","BROOKLYN","BAY PARKWAY",,"Closed",,"2023 Apr 03 09:08:45 PM","11 BROOKLYN","BROOKLYN","988,516","161,790","Unspecified","BROOKLYN",,,,,,,,"40.61075153017","-73.98463544415","POINT (-73.984635444153 40.610751530173)"
"57200809","2023 Apr 01 02:34:38 PM","2023 Apr 04 01:58:09 PM","DOHMH","Department of Health and Mental Hygiene","Rodent","Rat Sighting","3+ Family Apt. Building","11228","1407 78 STREET","78 STREET","14 AVENUE","15 AVENUE","14 AVENUE","15 AVENUE","ADDRESS","BROOKLYN","78 STREET",,"Closed",,"2023 Apr 01 02:34:38 PM","11 BROOKLYN","BROOKLYN","982,422","164,068","Unspecified","BROOKLYN",,,,,,,,"40.61700500824","-74.00658439737","POINT (-74.006584397373 40.617005008241)"
"57190926","2023 Mar 31 03:34:57 PM","2023 Mar 31 03:34:57 PM","DOHMH","Department of Health and Mental Hygiene","Rodent","Rat Sighting","3+ Family Apt. Building","11204","30 AVENUE O","AVENUE O","WEST 11 STREET","WEST 10 STREET","WEST   11 STREET","WEST   10 STREET","ADDRESS","BROOKLYN","AVENUE O",,"Closed",,"2023 Mar 31 03:34:57 PM","11 BROOKLYN","BROOKLYN","988,648","161,585","Unspecified","BROOKLYN",,,,,,,,"40.61018878277","-73.98416016244","POINT (-73.984160162443 40.610188782773)"
"57199841","2023 Mar 31 03:28:20 PM","2023 Apr 04 01:58:09 PM","DOHMH","Department of Health and Mental Hygiene","Rodent","Rat Sighting","3+ Family Apt. Building","11228","1407 78 STREET","78 STREET","14 AVENUE","15 AVENUE","14 AVENUE","15 AVENUE","ADDRESS","BROOKLYN","78 STREET",,"Closed",,"2023 Mar 31 03:28:20 PM","11 BROOKLYN","BROOKLYN","982,422","164,068","Unspecified","BROOKLYN",,,,,,,,"40.61700500824","-74.00658439737","POINT (-74.006584397373 40.617005008241)"
"57181790","2023 Mar 30 03:28:19 PM","2023 Mar 30 03:28:19 PM","DOHMH","Department of Health and Mental Hygiene","Rodent","Rat Sighting","Other (Explain Below)","11204","7217 AVENUE P","AVENUE P","AVENUE P","WEST   13 STREET","AVENUE P","WEST 13 STREET","INTERSECTION","BROOKLYN",,,"Closed",,"2023 Mar 30 03:28:19 PM","11 BROOKLYN","BROOKLYN","988,066","160,553","Unspecified","BROOKLYN",,,,,,,,"40.60735642413","-73.98625687684","POINT (-73.986256876842 40.607356424134)"
"57186728","2023 Mar 30 09:49:27 AM","2023 Mar 30 09:49:27 AM","DOHMH","Department of Health and Mental Hygiene","Rodent","Rat Sighting","1-2 Family Dwelling","11204","1516 WEST    4 STREET","WEST    4 STREET","AVENUE O","AVENUE P","AVENUE O","AVENUE P","ADDRESS","BROOKLYN","WEST    4 STREET",,"Closed",,"2023 Mar 30 09:49:27 AM","11 BROOKLYN","BROOKLYN","990,318","161,580","Unspecified","BROOKLYN",,,,,,,,"40.61017407256","-73.97814549486","POINT (-73.978145494863 40.610174072562)"
"57176129","2023 Mar 29 08:04:25 AM","2023 Mar 29 08:04:25 AM","DOHMH","Department of Health and Mental Hygiene","Rodent","Rat Sighting","3+ Family Apt. Building","11228","7719 14 AVENUE","14 AVENUE","77 STREET","78 STREET","77 STREET","78 STREET","ADDRESS","BROOKLYN","14 AVENUE",,"Closed",,"2023 Mar 29 08:04:25 AM","11 BROOKLYN","BROOKLYN","982,421","164,304","Unspecified","BROOKLYN",,,,,,,,"40.61765277908","-74.00658806327","POINT (-74.006588063273 40.617652779085)"
"57163465","2023 Mar 29 12:13:39 AM","2023 Apr 04 01:58:09 PM","DOHMH","Department of Health and Mental Hygiene","Rodent","Rat Sighting","3+ Family Apt. Building","11228","1407 78 STREET","78 STREET","14 AVENUE","15 AVENUE","14 AVENUE","15 AVENUE","ADDRESS","BROOKLYN","78 STREET",,"Closed",,"2023 Mar 29 12:13:39 AM","11 BROOKLYN","BROOKLYN","982,422","164,068","Unspecified","BROOKLYN",,,,,,,,"40.61700500824","-74.00658439737","POINT (-74.006584397373 40.617005008241)"
"57165037","2023 Mar 29 12:12:02 AM","2023 Apr 04 01:58:09 PM","DOHMH","Department of Health and Mental Hygiene","Rodent","Rat Sighting","3+ Family Apt. Building","11228","1407 78 STREET","78 STREET","14 AVENUE","15 AVENUE","14 AVENUE","15 AVENUE","ADDRESS","BROOKLYN","78 STREET",,"Closed",,"2023 Mar 29 12:12:02 AM","11 BROOKLYN","BROOKLYN","982,422","164,068","Unspecified","BROOKLYN",,,,,,,,"40.61700500824","-74.00658439737","POINT (-74.006584397373 40.617005008241)"
"57162717","2023 Mar 28 09:33:43 PM","2023 Apr 04 01:58:09 PM","DOHMH","Department of Health and Mental Hygiene","Rodent","Rat Sighting","3+ Family Apt. Building","11228","1407 78 STREET","78 STREET","14 AVENUE","15 AVENUE","14 AVENUE","15 AVENUE","ADDRESS","BROOKLYN","78 STREET",,"Closed",,"2023 Mar 28 09:33:43 PM","11 BROOKLYN","BROOKLYN","982,422","164,068","Unspecified","BROOKLYN",,,,,,,,"40.61700500824","-74.00658439737","POINT (-74.006584397373 40.617005008241)"
"57166361","2023 Mar 28 09:33:38 PM","2023 Apr 04 01:58:09 PM","DOHMH","Department of Health and Mental Hygiene","Rodent","Rat Sighting","3+ Family Apt. Building","11228","1407 78 STREET","78 STREET","14 AVENUE","15 AVENUE","14 AVENUE","15 AVENUE","ADDRESS","BROOKLYN","78 STREET",,"Closed",,"2023 Mar 28 09:33:38 PM","11 BROOKLYN","BROOKLYN","982,422","164,068","Unspecified","BROOKLYN",,,,,,,,"40.61700500824","-74.00658439737","POINT (-74.006584397373 40.617005008241)"
"57167552","2023 Mar 28 09:33:35 PM","2023 Apr 04 01:58:10 PM","DOHMH","Department of Health and Mental Hygiene","Rodent","Rat Sighting","3+ Family Apt. Building","11228","1407 78 STREET","78 STREET","14 AVENUE","15 AVENUE","14 AVENUE","15 AVENUE","ADDRESS","BROOKLYN","78 STREET",,"Closed",,"2023 Mar 28 09:33:35 PM","11 BROOKLYN","BROOKLYN","982,422","164,068","Unspecified","BROOKLYN",,,,,,,,"40.61700500824","-74.00658439737","POINT (-74.006584397373 40.617005008241)"
"57168797","2023 Mar 28 09:31:30 PM","2023 Apr 04 01:58:10 PM","DOHMH","Department of Health and Mental Hygiene","Rodent","Rat Sighting","3+ Family Apt. Building","11228","1407 78 STREET","78 STREET","14 AVENUE","15 AVENUE","14 AVENUE","15 AVENUE","ADDRESS","BROOKLYN","78 STREET",,"Closed",,"2023 Mar 28 09:31:30 PM","11 BROOKLYN","BROOKLYN","982,422","164,068","Unspecified","BROOKLYN",,,,,,,,"40.61700500824","-74.00658439737","POINT (-74.006584397373 40.617005008241)"
"57168369","2023 Mar 28 01:08:44 PM","2023 Mar 28 01:08:44 PM","DOHMH","Department of Health and Mental Hygiene","Rodent","Rat Sighting","3+ Family Apt. Building","11214","8790 24 AVENUE","24 AVENUE","BATH AVENUE","CROPSEY AVENUE","BATH AVENUE","CROPSEY AVENUE","ADDRESS","BROOKLYN","24 AVENUE",,"Closed",,"2023 Mar 28 01:08:44 PM","11 BROOKLYN","BROOKLYN","986,053","156,166","Unspecified","BROOKLYN",,,,,,,,"40.5953156379","-73.99350776133","POINT (-73.993507761332 40.595315637899)"
"57150360","2023 Mar 26 09:01:27 PM","2023 Mar 26 09:01:27 PM","DOHMH","Department of Health and Mental Hygiene","Rodent","Rat Sighting","1-2 Family Dwelling","11228","1456 INDEPENDENCE AVENUE","INDEPENDENCE AVENUE","BAY 8 STREET","15 AVENUE","BAY    8 STREET","15 AVENUE","ADDRESS","BROOKLYN","INDEPENDENCE AVENUE",,"Closed",,"2023 Mar 26 09:01:27 PM","11 BROOKLYN","BROOKLYN","979,500","159,702","Unspecified","BROOKLYN",,,,,,,,"40.60502015161","-74.01710627641","POINT (-74.017106276412 40.60502015161)"
"57130466","2023 Mar 24 11:01:42 PM","2023 Mar 24 11:01:42 PM","DOHMH","Department of Health and Mental Hygiene","Rodent","Rat Sighting","School/Pre-School","11204","99 AVENUE P","AVENUE P","WEST 12 STREET","WEST 11 STREET","WEST   12 STREET","WEST   11 STREET","ADDRESS","BROOKLYN","AVENUE P",,"Closed",,"2023 Mar 24 11:01:42 PM","11 BROOKLYN","BROOKLYN","988,509","160,620","Unspecified","BROOKLYN",,,,,,,,"40.60754012358","-73.98466139344","POINT (-73.984661393437 40.607540123577)"
"57119888","2023 Mar 23 02:13:29 PM","2023 Mar 23 02:57:00 PM","DOHMH","Department of Health and Mental Hygiene","Rodent","Rat Sighting","1-2 Family Dwelling","11214","8801 19 AVENUE","19 AVENUE","BATH AVENUE","CROPSEY AVENUE","BATH AVENUE","CROPSEY AVENUE","ADDRESS","BROOKLYN","19 AVENUE",,"Closed",,"2023 Mar 23 02:13:29 PM","11 BROOKLYN","BROOKLYN","982,974","158,580","Unspecified","BROOKLYN",,,,,,,,"40.60194167118","-74.00459507414","POINT (-74.004595074135 40.601941671179)"
"57105405","2023 Mar 21 08:24:38 AM","2023 Mar 21 08:24:38 AM","DOHMH","Department of Health and Mental Hygiene","Rodent","Rat Sighting","Other (Explain Below)","11214","247 BAY   40 STREET","BAY   40 STREET","BATH AVENUE","HARWAY AVENUE","BATH AVENUE","HARWAY AVENUE","ADDRESS","BROOKLYN","BAY   40 STREET",,"Closed",,"2023 Mar 21 08:24:38 AM","11 BROOKLYN","BROOKLYN","986,593","155,158","Unspecified","BROOKLYN",,,,,,,,"40.59254875423","-73.99156368002","POINT (-73.99156368002 40.592548754226)"
"57080064","2023 Mar 18 07:52:42 PM","2023 Mar 18 07:52:42 PM","DOHMH","Department of Health and Mental Hygiene","Rodent","Rat Sighting","Other (Explain Below)","11214","8935 16 AVENUE","16 AVENUE","INDEPENDENCE AVENUE","SHORE PARKWAY","INDEPENDENCE AVENUE","SHORE PARKWAY","ADDRESS","BROOKLYN","16 AVENUE",,"Closed",,"2023 Mar 18 07:52:42 PM","11 BROOKLYN","BROOKLYN","980,350","159,090","Unspecified","BROOKLYN",,,,,,,,"40.60334075118","-74.01404479995","POINT (-74.014044799946 40.603340751176)"
"57066596","2023 Mar 17 09:40:22 AM","2023 Mar 17 09:40:22 AM","DOHMH","Department of Health and Mental Hygiene","Rodent","Rat Sighting","3+ Family Apt. Building","11219","1442 OVINGTON AVENUE","OVINGTON AVENUE","14 AVENUE","15 AVENUE","14 AVENUE","15 AVENUE","ADDRESS","BROOKLYN","OVINGTON AVENUE",,"Closed",,"2023 Mar 17 09:40:22 AM","11 BROOKLYN","BROOKLYN","984,195","165,983","Unspecified","BROOKLYN",,,,,,,,"40.6222614732","-74.00019812384","POINT (-74.000198123838 40.622261473202)"
"57055567","2023 Mar 16 09:04:46 AM","2023 Mar 16 09:04:46 AM","DOHMH","Department of Health and Mental Hygiene","Rodent","Rat Sighting","Other (Explain Below)","11223","1778 WEST    4 STREET","WEST    4 STREET","KINGS HIGHWAY","HIGHLAWN AVENUE","KINGS HIGHWAY","HIGHLAWN AVENUE","ADDRESS","BROOKLYN","WEST    4 STREET",,"Closed",,"2023 Mar 16 09:04:46 AM","11 BROOKLYN","BROOKLYN","990,631","159,429","Unspecified","BROOKLYN",,,,,,,,"40.60426979797","-73.97702022662","POINT (-73.977020226618 40.604269797966)"
"57051753","2023 Mar 15 09:17:22 AM","2023 Mar 15 09:17:22 AM","DOHMH","Department of Health and Mental Hygiene","Rodent","Rat Sighting","Other (Explain Below)","11214","189 BAY   20 STREET","BAY   20 STREET","BATH AVENUE","CROPSEY AVENUE","BATH AVENUE","CROPSEY AVENUE","ADDRESS","BROOKLYN","BAY   20 STREET",,"Closed",,"2023 Mar 15 09:17:22 AM","11 BROOKLYN","BROOKLYN","982,825","158,816","Unspecified","BROOKLYN",,,,,,,,"40.60258942051","-74.00513169606","POINT (-74.005131696059 40.602589420509)"
"57040342","2023 Mar 14 10:55:05 AM","2023 Mar 14 10:55:05 AM","DOHMH","Department of Health and Mental Hygiene","Rodent","Rat Sighting","1-2 Family Dwelling","11214","55 BAY   37 STREET","BAY   37 STREET","86 STREET","BENSON AVENUE","86 STREET","BENSON AVENUE","ADDRESS","BROOKLYN","BAY   37 STREET",,"Closed",,"2023 Mar 14 10:55:05 AM","11 BROOKLYN","BROOKLYN","987,103","157,056","Unspecified","BROOKLYN",,,,,,,,"40.59775823257","-73.98972654768","POINT (-73.989726547683 40.597758232573)"
"57038561","2023 Mar 14 03:37:20 AM","2023 Mar 27 01:40:13 PM","DOHMH","Department of Health and Mental Hygiene","Rodent","Rat Sighting","3+ Family Apt. Building","11228","1407 78 STREET","78 STREET","14 AVENUE","15 AVENUE","14 AVENUE","15 AVENUE","ADDRESS","BROOKLYN","78 STREET",,"Closed",,"2023 Mar 14 03:37:20 AM","11 BROOKLYN","BROOKLYN","982,422","164,068","Unspecified","BROOKLYN",,,,,,,,"40.61700500824","-74.00658439737","POINT (-74.006584397373 40.617005008241)"
"56987785","2023 Mar 08 10:39:01 PM","2023 Mar 08 10:39:01 PM","DOHMH","Department of Health and Mental Hygiene","Rodent","Rat Sighting","Commercial Building","11204","6308 18 AVENUE","18 AVENUE","63 STREET","SEA BEACH LINE","63 STREET","SEA BEACH LINE","ADDRESS","BROOKLYN","18 AVENUE",,"Closed",,"2023 Mar 08 10:39:01 PM","11 BROOKLYN","BROOKLYN","987,268","165,226","Unspecified","BROOKLYN",,,,,,,,"40.62018315219","-73.98912874318","POINT (-73.989128743175 40.620183152191)"
"56990270","2023 Mar 08 04:17:13 AM","2023 Mar 08 04:17:13 AM","DOHMH","Department of Health and Mental Hygiene","Rodent","Rat Sighting","3+ Family Apt. Building","11228","1405 70 STREET","70 STREET","14 AVENUE","15 AVENUE","14 AVENUE","15 AVENUE","ADDRESS","BROOKLYN","70 STREET",,"Closed",,"2023 Mar 08 04:17:13 AM","11 BROOKLYN","BROOKLYN","983,729","165,736","Unspecified","BROOKLYN",,,,,,,,"40.62158349461","-74.00187675402","POINT (-74.001876754016 40.621583494607)"
"56914099","2023 Feb 27 11:37:43 AM","2023 Feb 27 11:37:43 AM","DOHMH","Department of Health and Mental Hygiene","Rodent","Rat Sighting","Construction Site","11204","2411 64 STREET","64 STREET","24 AVENUE","DAHILL ROAD","24 AVENUE","DAHILL ROAD","ADDRESS","BROOKLYN","64 STREET",,"Closed",,"2023 Feb 27 11:37:43 AM","11 BROOKLYN","BROOKLYN","990,934","162,067","Unspecified","BROOKLYN",,,,,,,,"40.61151034414","-73.97592642771","POINT (-73.975926427711 40.611510344145)"
"56876670","2023 Feb 23 07:24:13 PM","2023 Mar 27 02:39:06 PM","DOHMH","Department of Health and Mental Hygiene","Rodent","Rat Sighting","3+ Family Apt. Building","11204","80 AVENUE P","AVENUE P","WEST 13 STREET","WEST 12 STREET","WEST   13 STREET","WEST   12 STREET","ADDRESS","BROOKLYN","AVENUE P",,"Closed",,"2023 Feb 23 07:24:13 PM","11 BROOKLYN","BROOKLYN","988,285","160,582","Unspecified","BROOKLYN",,,,,,,,"40.60743592618","-73.98546814256","POINT (-73.985468142556 40.607435926184)"
"56845872","2023 Feb 19 02:41:54 PM","2023 Feb 19 02:41:54 PM","DOHMH","Department of Health and Mental Hygiene","Rodent","Rat Sighting","3+ Family Apt. Building","11214","1491 SHORE PARKWAY","SHORE PARKWAY","20 AVENUE","21 AVENUE","20 AVENUE","21 AVENUE","ADDRESS","BROOKLYN","SHORE PARKWAY",,"Closed",,"2023 Feb 19 02:41:54 PM","11 BROOKLYN","BROOKLYN","983,041","157,053","Unspecified","BROOKLYN",,,,,,,,"40.59775037492","-74.00435352344","POINT (-74.004353523437 40.597750374923)"
"56820604","2023 Feb 17 12:44:57 AM","2023 Mar 27 04:21:56 PM","DOHMH","Department of Health and Mental Hygiene","Rodent","Rat Sighting","3+ Family Apt. Building","11204","1479 DAHILL ROAD","DAHILL ROAD","62 STREET","63 STREET","62 STREET","63 STREET","ADDRESS","BROOKLYN","DAHILL ROAD",,"Closed",,"2023 Feb 17 12:44:57 AM","11 BROOKLYN","BROOKLYN","991,292","162,230","Unspecified","BROOKLYN",,,,,,,,"40.61195746829","-73.9746368594","POINT (-73.974636859403 40.611957468294)"
"56800747","2023 Feb 14 09:18:22 AM","2023 Feb 14 09:18:22 AM","DOHMH","Department of Health and Mental Hygiene","Rodent","Rat Sighting","3+ Family Apt. Building","11214","8699 BAY PARKWAY","BAY PARKWAY","BENSON AVENUE","BATH AVENUE","BENSON AVENUE","BATH AVENUE","ADDRESS","BROOKLYN","BAY PARKWAY",,"Closed",,"2023 Feb 14 09:18:22 AM","11 BROOKLYN","BROOKLYN","985,346","157,790","Unspecified","BROOKLYN",,,,,,,,"40.59977330553","-73.99605326199","POINT (-73.996053261993 40.599773305526)"
"56780539","2023 Feb 11 07:46:30 PM","2023 Feb 11 07:46:30 PM","DOHMH","Department of Health and Mental Hygiene","Rodent","Rat Sighting","Other (Explain Below)","11223","288 AVENUE S","AVENUE S","WEST 3 STREET","VAN SICKLEN STREET","WEST    3 STREET","VAN SICKLEN STREET","ADDRESS","BROOKLYN","AVENUE S",,"Closed",,"2023 Feb 11 07:46:30 PM","11 BROOKLYN","BROOKLYN","991,206","158,428","Unspecified","BROOKLYN",,,,,,,,"40.601521824","-73.97495052107","POINT (-73.974950521072 40.601521824002)"
"56775306","2023 Feb 10 12:33:43 PM","2023 Feb 10 12:33:43 PM","DOHMH","Department of Health and Mental Hygiene","Rodent","Rat Sighting","3+ Family Apt. Building","11228","1407 78 STREET","78 STREET","14 AVENUE","15 AVENUE","14 AVENUE","15 AVENUE","ADDRESS","BROOKLYN","78 STREET",,"Closed",,"2023 Feb 10 12:33:43 PM","11 BROOKLYN","BROOKLYN","982,422","164,068","Unspecified","BROOKLYN",,,,,,,,"40.61700500824","-74.00658439737","POINT (-74.006584397373 40.617005008241)"
"56763373","2023 Feb 09 10:53:29 AM","2023 Feb 09 10:53:29 AM","DOHMH","Department of Health and Mental Hygiene","Rodent","Rat Sighting","3+ Family Apt. Building","11214","2322 83 STREET","83 STREET","23 AVENUE","24 AVENUE","23 AVENUE","24 AVENUE","ADDRESS","BROOKLYN","83 STREET",,"Closed",,"2023 Feb 09 10:53:29 AM","11 BROOKLYN","BROOKLYN","987,266","158,561","Unspecified","BROOKLYN",,,,,,,,"40.60188909869","-73.98913892421","POINT (-73.98913892421 40.601889098692)"
"56755464","2023 Feb 08 12:44:49 PM","2023 Feb 08 12:44:49 PM","DOHMH","Department of Health and Mental Hygiene","Rodent","Rat Sighting","3+ Family Apt. Building","11228","1407 78 STREET","78 STREET","14 AVENUE","15 AVENUE","14 AVENUE","15 AVENUE","ADDRESS","BROOKLYN",,,"Closed",,"2023 Feb 08 12:44:49 PM","11 BROOKLYN","BROOKLYN","982,422","164,068","Unspecified","BROOKLYN",,,,,,,,"40.61700500824","-74.00658439737","POINT (-74.006584397373 40.617005008241)"
"56743309","2023 Feb 07 11:19:31 AM","2023 Mar 27 01:40:13 PM","DOHMH","Department of Health and Mental Hygiene","Rodent","Rat Sighting","3+ Family Mixed Use Building","11228","1407 78 STREET","78 STREET","14 AVENUE","15 AVENUE","14 AVENUE","15 AVENUE","ADDRESS","BROOKLYN","78 STREET",,"Closed",,"2023 Feb 07 11:19:31 AM","11 BROOKLYN","BROOKLYN","982,422","164,068","Unspecified","BROOKLYN",,,,,,,,"40.61700500824","-74.00658439737","POINT (-74.006584397373 40.617005008241)"
"56739409","2023 Feb 07 10:20:07 AM","2023 Mar 28 12:33:38 PM","DOHMH","Department of Health and Mental Hygiene","Rodent","Rat Sighting","3+ Family Apt. Building","11214","8699 BAY PARKWAY","BAY PARKWAY","BENSON AVENUE","BATH AVENUE","BENSON AVENUE","BATH AVENUE","ADDRESS","BROOKLYN","BAY PARKWAY",,"Closed",,"2023 Feb 07 10:20:07 AM","11 BROOKLYN","BROOKLYN","985,346","157,790","Unspecified","BROOKLYN",,,,,,,,"40.59977330553","-73.99605326199","POINT (-73.996053261993 40.599773305526)"
"56720397","2023 Feb 04 12:00:58 PM","2023 Mar 27 04:21:56 PM","DOHMH","Department of Health and Mental Hygiene","Rodent","Rat Sighting","3+ Family Apt. Building","11204","1479 DAHILL ROAD","DAHILL ROAD","62 STREET","63 STREET","62 STREET","63 STREET","ADDRESS","BROOKLYN","DAHILL ROAD",,"Closed",,"2023 Feb 04 12:00:58 PM","11 BROOKLYN","BROOKLYN","991,292","162,230","Unspecified","BROOKLYN",,,,,,,,"40.61195746829","-73.9746368594","POINT (-73.974636859403 40.611957468294)"
"56682105","2023 Feb 01 10:59:48 PM","2023 Mar 28 01:27:55 PM","DOHMH","Department of Health and Mental Hygiene","Rodent","Rat Sighting","3+ Family Apt. Building","11204","1751 67 STREET","67 STREET","17 AVENUE","18 AVENUE","17 AVENUE","18 AVENUE","ADDRESS","BROOKLYN","67 STREET",,"Closed",,"2023 Feb 01 10:59:48 PM","11 BROOKLYN","BROOKLYN","986,284","164,607","Unspecified","BROOKLYN",,,,,,,,"40.61848440648","-73.99267343485","POINT (-73.992673434855 40.618484406483)"
"56680277","2023 Feb 01 12:44:42 PM","2023 Feb 01 12:44:42 PM","DOHMH","Department of Health and Mental Hygiene","Rodent","Rat Sighting","3+ Family Apt. Building","11214","1846 BATH AVENUE","BATH AVENUE","BAY 19 STREET","BAY 20 STREET","BAY   19 STREET","BAY   20 STREET","ADDRESS","BROOKLYN","BATH AVENUE",,"Closed",,"2023 Feb 01 12:44:42 PM","11 BROOKLYN","BROOKLYN","982,910","159,027","Unspecified","BROOKLYN",,,,,,,,"40.60316858585","-74.00482563675","POINT (-74.00482563675 40.60316858585)"
"56668869","2023 Jan 30 10:04:11 AM","2023 Feb 03 01:27:00 PM","DOHMH","Department of Health and Mental Hygiene","Rodent","Rat Sighting","3+ Family Mixed Use Building","11214","8699 BAY PARKWAY","BAY PARKWAY","BENSON AVENUE","BATH AVENUE","BENSON AVENUE","BATH AVENUE","ADDRESS","BROOKLYN","BAY PARKWAY",,"Closed",,"2023 Jan 30 10:04:11 AM","11 BROOKLYN","BROOKLYN","985,346","157,790","Unspecified","BROOKLYN",,,,,,,,"40.59977330553","-73.99605326199","POINT (-73.996053261993 40.599773305526)"
"56665557","2023 Jan 30 08:47:17 AM","2023 Jan 30 08:47:17 AM","DOHMH","Department of Health and Mental Hygiene","Rodent","Rat Sighting","3+ Family Apt. Building","11214","8699 BAY PARKWAY","BAY PARKWAY","BENSON AVENUE","BATH AVENUE","BENSON AVENUE","BATH AVENUE","ADDRESS","BROOKLYN","BAY PARKWAY",,"Closed",,"2023 Jan 30 08:47:17 AM","11 BROOKLYN","BROOKLYN","985,346","157,790","Unspecified","BROOKLYN",,,,,,,,"40.59977330553","-73.99605326199","POINT (-73.996053261993 40.599773305526)"
"56646229","2023 Jan 28 03:55:13 PM","2023 Jan 28 03:55:13 PM","DOHMH","Department of Health and Mental Hygiene","Rodent","Rat Sighting","Other (Explain Below)","11214","204 BAY   20 STREET","BAY   20 STREET","BATH AVENUE","CROPSEY AVENUE","BATH AVENUE","CROPSEY AVENUE","ADDRESS","BROOKLYN","BAY   20 STREET",,"Closed",,"2023 Jan 28 03:55:13 PM","11 BROOKLYN","BROOKLYN","982,760","158,743","Unspecified","BROOKLYN",,,,,,,,"40.60238903966","-74.00536575732","POINT (-74.005365757319 40.602389039659)"
"56616977","2023 Jan 25 12:24:10 AM","2023 Jan 25 12:24:10 AM","DOHMH","Department of Health and Mental Hygiene","Rodent","Rat Sighting","3+ Family Apt. Building","11228","1569 70 STREET","70 STREET","NEW UTRECHT AVENUE","16 AVENUE","NEW UTRECHT AVENUE","16 AVENUE","ADDRESS","BROOKLYN","70 STREET",,"Closed",,"2023 Jan 25 12:24:10 AM","11 BROOKLYN","BROOKLYN","984,710","164,959","Unspecified","BROOKLYN",,,,,,,,"40.61945079485","-73.99834303404","POINT (-73.998343034043 40.619450794846)"
"56608299","2023 Jan 24 11:18:37 AM","2023 Jan 24 11:18:37 AM","DOHMH","Department of Health and Mental Hygiene","Rodent","Rat Sighting","1-2 Family Dwelling","11223","1649 WEST   12 STREET","WEST   12 STREET","AVENUE P","KINGS HIGHWAY","AVENUE P","KINGS HIGHWAY","ADDRESS","BROOKLYN","WEST   12 STREET",,"Closed",,"2023 Jan 24 11:18:37 AM","11 BROOKLYN","BROOKLYN","988,380","160,211","Unspecified","BROOKLYN",,,,,,,,"40.6064175633","-73.98512623153","POINT (-73.985126231528 40.606417563304)"
"56572477","2023 Jan 19 02:56:37 PM","2023 Jan 19 02:56:37 PM","DOHMH","Department of Health and Mental Hygiene","Rodent","Rat Sighting","Other (Explain Below)","11204","1454 DAHILL ROAD","DAHILL ROAD","62 STREET","63 STREET","62 STREET","63 STREET","ADDRESS","BROOKLYN","DAHILL ROAD",,"Closed",,"2023 Jan 19 02:56:37 PM","11 BROOKLYN","BROOKLYN","991,267","162,360","Unspecified","BROOKLYN",,,,,,,,"40.61231431134","-73.9747267667","POINT (-73.974726766699 40.612314311339)"
"56552540","2023 Jan 17 06:17:32 PM","2023 Jan 17 06:17:32 PM","DOHMH","Department of Health and Mental Hygiene","Rodent","Rat Sighting","Construction Site","11219","6223 14 AVENUE","14 AVENUE","14 AVENUE","63 STREET","14 AVENUE","63 STREET","ADDRESS","BROOKLYN",,,"Closed",,"2023 Jan 17 06:17:32 PM","11 BROOKLYN","BROOKLYN","984,887","167,417","Unspecified","BROOKLYN",,,,,,,,"40.62619748022","-73.99770523041","POINT (-73.997705230414 40.626197480216)"
"56500861","2023 Jan 11 08:30:50 PM","2023 Jan 11 08:30:50 PM","DOHMH","Department of Health and Mental Hygiene","Rodent","Rat Sighting","Other (Explain Below)","11204","1475 DAHILL ROAD","DAHILL ROAD","62 STREET","63 STREET","62 STREET","63 STREET","ADDRESS","BROOKLYN","DAHILL ROAD",,"Closed",,"2023 Jan 11 08:30:50 PM","11 BROOKLYN","BROOKLYN","991,288","162,258","Unspecified","BROOKLYN",,,,,,,,"40.6120343257","-73.974651237","POINT (-73.974651237001 40.612034325703)"
"56487893","2023 Jan 10 12:38:58 PM","2023 Jan 10 12:38:58 PM","DOHMH","Department of Health and Mental Hygiene","Rodent","Rat Sighting","Other (Explain Below)","11228","8224 15 AVENUE","15 AVENUE","82 STREET","83 STREET","82 STREET","83 STREET","ADDRESS","BROOKLYN","15 AVENUE",,"Closed",,"2023 Jan 10 12:38:58 PM","11 BROOKLYN","BROOKLYN","982,165","162,735","Unspecified","BROOKLYN",,,,,,,,"40.61334614217","-74.0075096915","POINT (-74.007509691502 40.613346142168)"
"56437562","2023 Jan 04 11:50:09 AM","2023 Jan 04 11:50:09 AM","DOHMH","Department of Health and Mental Hygiene","Rodent","Rat Sighting","Commercial Building","11228","7115 15 AVENUE","15 AVENUE","71 STREET","72 STREET","71 STREET","72 STREET","ADDRESS","BROOKLYN","15 AVENUE",,"Closed",,"2023 Jan 04 11:50:09 AM","11 BROOKLYN","BROOKLYN","984,030","165,079","Unspecified","BROOKLYN",,,,,,,,"40.61978017909","-74.00079246589","POINT (-74.00079246589 40.619780179089)"
"56419506","2023 Jan 01 04:09:34 PM","2023 Jan 18 12:30:42 PM","DOHMH","Department of Health and Mental Hygiene","Rodent","Rat Sighting","3+ Family Apt. Building","11204","1479 DAHILL ROAD","DAHILL ROAD","62 STREET","63 STREET","62 STREET","63 STREET","ADDRESS","BROOKLYN","DAHILL ROAD",,"Closed",,"2023 Jan 01 04:09:34 PM","11 BROOKLYN","BROOKLYN","991,292","162,230","Unspecified","BROOKLYN",,,,,,,,"40.61195746829","-73.9746368594","POINT (-73.974636859403 40.611957468294)"
"56354646","2022 Dec 25 04:04:15 PM","2022 Dec 25 04:04:15 PM","DOHMH","Department of Health and Mental Hygiene","Rodent","Rat Sighting","3+ Family Apt. Building","11214","2369 85 STREET","85 STREET","23 AVENUE","24 AVENUE","23 AVENUE","24 AVENUE","ADDRESS","BROOKLYN","85 STREET",,"Closed",,"2022 Dec 25 04:04:15 PM","11 BROOKLYN","BROOKLYN","987,148","157,999","Unspecified","BROOKLYN",,,,,,,,"40.60034656212","-73.98956410131","POINT (-73.989564101306 40.600346562119)"
"56289549","2022 Dec 19 01:29:24 AM","2022 Dec 19 01:29:24 AM","DOHMH","Department of Health and Mental Hygiene","Rodent","Rat Sighting","Commercial Building","11219","6317 14 AVENUE","14 AVENUE","63 STREET","64 STREET","63 STREET","64 STREET","ADDRESS","BROOKLYN","14 AVENUE",,"Closed",,"2022 Dec 19 01:29:24 AM","11 BROOKLYN","BROOKLYN","984,733","167,222","Unspecified","BROOKLYN",,,,,,,,"40.62566225588","-73.99826002383","POINT (-73.998260023828 40.625662255877)"
"56261079","2022 Dec 15 09:10:15 AM","2022 Dec 15 09:10:15 AM","DOHMH","Department of Health and Mental Hygiene","Rodent","Rat Sighting","Commercial Building","11228","1554 72 STREET","72 STREET","15 AVENUE","NEW UTRECHT AVENUE","15 AVENUE","NEW UTRECHT AVENUE","ADDRESS","BROOKLYN","72 STREET",,"Closed",,"2022 Dec 15 09:10:15 AM","11 BROOKLYN","BROOKLYN","984,197","164,694","Unspecified","BROOKLYN",,,,,,,,"40.61872343672","-74.00019090921","POINT (-74.000190909215 40.618723436724)"
"56257301","2022 Dec 14 08:58:22 AM","2022 Dec 14 08:58:22 AM","DOHMH","Department of Health and Mental Hygiene","Rodent","Rat Sighting","Other (Explain Below)","11223","226 VAN SICKLEN STREET","VAN SICKLEN STREET","AVENUE T","AVENUE U","AVENUE T","AVENUE U","ADDRESS","BROOKLYN","VAN SICKLEN STREET",,"Closed",,"2022 Dec 14 08:58:22 AM","11 BROOKLYN","BROOKLYN","991,246","157,332","Unspecified","BROOKLYN",,,,,,,,"40.59851349472","-73.97480761086","POINT (-73.974807610858 40.598513494721)"
"56241483","2022 Dec 13 12:54:03 PM","2022 Dec 13 12:54:03 PM","DOHMH","Department of Health and Mental Hygiene","Rodent","Rat Sighting","1-2 Family Dwelling","11228","1422 76 STREET","76 STREET","14 AVENUE","15 AVENUE","14 AVENUE","15 AVENUE","ADDRESS","BROOKLYN","76 STREET",,"Closed",,"2022 Dec 13 12:54:03 PM","11 BROOKLYN","BROOKLYN","982,811","164,414","Unspecified","BROOKLYN",,,,,,,,"40.61795477818","-74.0051833056","POINT (-74.005183305598 40.617954778179)"
"56257357","2022 Dec 06 04:56:58 PM",,"DOHMH","Department of Health and Mental Hygiene","Rodent","Rat Sighting","Other (Explain Below)","11204","17 AVENUE","17 AVENUE","17 AVENUE","64 STREET","17 AVENUE","64 STREET","INTERSECTION",,,,"In Progress",,,"11 BROOKLYN","BROOKLYN","986,515","165,564","Unspecified","BROOKLYN",,,,,,,,"40.62111111627","-73.99184104075","POINT (-73.991841040752 40.621111116268)"
"56255614","2022 Dec 06 03:15:06 PM","2022 Dec 06 03:15:06 PM","DOHMH","Department of Health and Mental Hygiene","Rodent","Rat Sighting","3+ Family Apt. Building","11204","2416 64 STREET","64 STREET","24 AVENUE","DAHILL ROAD","24 AVENUE","DAHILL ROAD","ADDRESS","BROOKLYN","64 STREET",,"Closed",,"2022 Dec 06 03:15:06 PM","11 BROOKLYN","BROOKLYN","990,954","162,044","Unspecified","BROOKLYN",,,,,,,,"40.61144719877","-73.97585441712","POINT (-73.975854417119 40.611447198771)"
"56166342","2022 Dec 04 01:31:54 PM","2022 Dec 04 01:31:54 PM","DOHMH","Department of Health and Mental Hygiene","Rodent","Rat Sighting","Other (Explain Below)","11214","2134 CROPSEY AVENUE","CROPSEY AVENUE","BAY 28 STREET","CROPSEY AVENUE","BAY   28 STREET","CROPSEY AVENUE","ADDRESS","BROOKLYN",,,"Closed",,"2022 Dec 04 01:31:54 PM","11 BROOKLYN","BROOKLYN","984,308","157,181","Unspecified","BROOKLYN",,,,,,,,"40.59810179133","-73.99979114501","POINT (-73.999791145006 40.598101791331)"
"56164696","2022 Dec 04 10:39:45 AM","2022 Dec 04 10:39:45 AM","DOHMH","Department of Health and Mental Hygiene","Rodent","Rat Sighting","1-2 Family Dwelling","11214","1870 83 STREET","83 STREET","18 AVENUE","19 AVENUE","18 AVENUE","19 AVENUE","ADDRESS","BROOKLYN","83 STREET",,"Closed",,"2022 Dec 04 10:39:45 AM","11 BROOKLYN","BROOKLYN","984,425","160,813","Unspecified","BROOKLYN",,,,,,,,"40.60807089082","-73.99936973997","POINT (-73.999369739968 40.608070890822)"
"56139750","2022 Dec 01 05:29:14 PM","2022 Dec 01 05:29:14 PM","DOHMH","Department of Health and Mental Hygiene","Rodent","Rat Sighting","1-2 Family Dwelling","11204","1431 DAHILL ROAD","DAHILL ROAD","24 AVENUE","62 STREET","24 AVENUE","62 STREET","ADDRESS","BROOKLYN","DAHILL ROAD",,"Closed",,"2022 Dec 01 05:29:14 PM","11 BROOKLYN","BROOKLYN","991,237","162,599","Unspecified","BROOKLYN",,,,,,,,"40.61297034076","-73.97483457084","POINT (-73.974834570841 40.612970340763)"
"56124360","2022 Nov 30 09:17:42 PM","2022 Nov 30 09:17:42 PM","DOHMH","Department of Health and Mental Hygiene","Rodent","Rat Sighting","1-2 Family Dwelling","11214","177 BAY   20 STREET","BAY   20 STREET","BATH AVENUE","CROPSEY AVENUE","BATH AVENUE","CROPSEY AVENUE","ADDRESS","BROOKLYN","BAY   20 STREET",,"Closed",,"2022 Nov 30 09:17:42 PM","11 BROOKLYN","BROOKLYN","982,877","158,881","Unspecified","BROOKLYN",,,,,,,,"40.6027678405","-74.00494444738","POINT (-74.00494444738 40.6027678405)"
"56121089","2022 Nov 29 09:53:52 PM","2022 Nov 29 09:53:52 PM","DOHMH","Department of Health and Mental Hygiene","Rodent","Rat Sighting","Commercial Building","11228","1566 72 STREET","72 STREET","15 AVENUE","NEW UTRECHT AVENUE","15 AVENUE","NEW UTRECHT AVENUE","ADDRESS","BROOKLYN","72 STREET",,"Closed",,"2022 Nov 29 09:53:52 PM","11 BROOKLYN","BROOKLYN","984,244","164,657","Unspecified","BROOKLYN",,,,,,,,"40.61862187957","-74.00002161233","POINT (-74.000021612331 40.618621879569)"
"56114365","2022 Nov 29 10:13:39 AM","2022 Nov 29 10:13:39 AM","DOHMH","Department of Health and Mental Hygiene","Rodent","Rat Sighting","1-2 Family Dwelling","11204","1641 64 STREET","64 STREET","16 AVENUE","17 AVENUE","16 AVENUE","17 AVENUE","ADDRESS","BROOKLYN","64 STREET",,"Closed",,"2022 Nov 29 10:13:39 AM","11 BROOKLYN","BROOKLYN","986,133","165,872","Unspecified","BROOKLYN",,,,,,,,"40.62195660144","-73.99321699123","POINT (-73.993216991229 40.62195660144)"
"56066606","2022 Nov 22 08:19:34 AM","2022 Nov 22 08:19:34 AM","DOHMH","Department of Health and Mental Hygiene","Rodent","Rat Sighting","School/Pre-School","11204","6101 BAY PARKWAY","BAY PARKWAY","61 STREET","62 STREET","61 STREET","62 STREET","ADDRESS","BROOKLYN","BAY PARKWAY",,"Closed",,"2022 Nov 22 08:19:34 AM","11 BROOKLYN","BROOKLYN","990,042","163,716","Unspecified","BROOKLYN",,,,,,,,"40.61603713661","-73.97913770408","POINT (-73.979137704077 40.616037136614)"
"56042448","2022 Nov 19 01:46:31 PM","2022 Nov 19 01:46:31 PM","DOHMH","Department of Health and Mental Hygiene","Rodent","Rat Sighting","1-2 Family Dwelling","11204","2365 65 STREET","65 STREET","WEST 4 STREET","WEST 3 STREET","WEST    4 STREET","WEST    3 STREET","ADDRESS","BROOKLYN","65 STREET",,"Closed",,"2022 Nov 19 01:46:31 PM","11 BROOKLYN","BROOKLYN","990,471","162,075","Unspecified","BROOKLYN",,,,,,,,"40.61153263966","-73.97759399417","POINT (-73.977593994169 40.611532639655)"
"56047290","2022 Nov 19 01:38:12 PM","2022 Nov 19 01:38:12 PM","DOHMH","Department of Health and Mental Hygiene","Rodent","Rat Sighting","1-2 Family Dwelling","11204","2361 65 STREET","65 STREET","WEST 4 STREET","WEST 3 STREET","WEST    4 STREET","WEST    3 STREET","ADDRESS","BROOKLYN","65 STREET",,"Closed",,"2022 Nov 19 01:38:12 PM","11 BROOKLYN","BROOKLYN","990,450","162,092","Unspecified","BROOKLYN",,,,,,,,"40.61157931587","-73.97766961368","POINT (-73.977669613684 40.611579315874)"
"56035076","2022 Nov 18 10:19:50 AM","2022 Nov 18 10:19:50 AM","DOHMH","Department of Health and Mental Hygiene","Rodent","Rat Sighting","Construction Site","11204","142 AVENUE O","AVENUE O","WEST 6 STREET","WEST 5 STREET","WEST    6 STREET","WEST    5 STREET","ADDRESS","BROOKLYN",,,"Closed",,"2022 Nov 18 10:19:50 AM","11 BROOKLYN","BROOKLYN","989,901","161,765","Unspecified","BROOKLYN",,,,,,,,"40.61068213528","-73.97964720694","POINT (-73.979647206945 40.610682135283)"
"56011596","2022 Nov 16 05:40:01 PM","2022 Nov 16 05:40:01 PM","DOHMH","Department of Health and Mental Hygiene","Rodent","Rat Sighting","Other (Explain Below)","11214","317 BAY   20 STREET","BAY   20 STREET","BAY 20 STREET","SHORE PARKWAY","BAY   20 STREET","SHORE PARKWAY","ADDRESS","BROOKLYN",,,"Closed",,"2022 Nov 16 05:40:01 PM","11 BROOKLYN","BROOKLYN","982,235","158,071","Unspecified","BROOKLYN",,,,,,,,"40.60054443227","-74.00725617604","POINT (-74.007256176039 40.600544432275)"
"55990287","2022 Nov 14 09:41:59 PM","2022 Nov 14 09:41:59 PM","DOHMH","Department of Health and Mental Hygiene","Rodent","Rat Sighting","Commercial Building","11228","1572 72 STREET","72 STREET","15 AVENUE","NEW UTRECHT AVENUE","15 AVENUE","NEW UTRECHT AVENUE","ADDRESS","BROOKLYN","72 STREET",,"Closed",,"2022 Nov 14 09:41:59 PM","11 BROOKLYN","BROOKLYN","984,267","164,638","Unspecified","BROOKLYN",,,,,,,,"40.6185697285","-73.99993876511","POINT (-73.99993876511 40.618569728502)"
"55913204","2022 Nov 06 08:17:52 PM","2022 Nov 06 08:17:52 PM","DOHMH","Department of Health and Mental Hygiene","Rodent","Rat Sighting","1-2 Family Dwelling","11204","1526 WEST    5 STREET","WEST    5 STREET","AVENUE O","AVENUE P","AVENUE O","AVENUE P","ADDRESS","BROOKLYN","WEST    5 STREET",,"Closed",,"2022 Nov 06 08:17:52 PM","11 BROOKLYN","BROOKLYN","990,071","161,477","Unspecified","BROOKLYN",,,,,,,,"40.60989152442","-73.97903517866","POINT (-73.979035178663 40.609891524424)"
"55914120","2022 Nov 06 08:13:19 PM","2022 Nov 06 08:13:19 PM","DOHMH","Department of Health and Mental Hygiene","Rodent","Rat Sighting","1-2 Family Dwelling","11204","1524 WEST    5 STREET","WEST    5 STREET","AVENUE O","AVENUE P","AVENUE O","AVENUE P","ADDRESS","BROOKLYN","WEST    5 STREET",,"Closed",,"2022 Nov 06 08:13:19 PM","11 BROOKLYN","BROOKLYN","990,070","161,490","Unspecified","BROOKLYN",,,,,,,,"40.60992720741","-73.97903876904","POINT (-73.979038769043 40.609927207411)"
"55885322","2022 Nov 03 03:13:37 PM","2022 Nov 03 03:13:37 PM","DOHMH","Department of Health and Mental Hygiene","Rodent","Rat Sighting","1-2 Family Dwelling","11223","1649 WEST   12 STREET","WEST   12 STREET","AVENUE P","KINGS HIGHWAY","AVENUE P","KINGS HIGHWAY","ADDRESS","BROOKLYN","WEST   12 STREET",,"Closed",,"2022 Nov 03 03:13:37 PM","11 BROOKLYN","BROOKLYN","988,380","160,211","Unspecified","BROOKLYN",,,,,,,,"40.6064175633","-73.98512623153","POINT (-73.985126231528 40.606417563304)"
"55865998","2022 Nov 01 09:22:30 AM","2022 Nov 01 09:22:30 AM","DOHMH","Department of Health and Mental Hygiene","Rodent","Rat Sighting","1-2 Family Dwelling","11223","1649 WEST   12 STREET","WEST   12 STREET","AVENUE P","KINGS HIGHWAY","AVENUE P","KINGS HIGHWAY","ADDRESS","BROOKLYN","WEST   12 STREET",,"Closed",,"2022 Nov 01 09:22:30 AM","11 BROOKLYN","BROOKLYN","988,380","160,211","Unspecified","BROOKLYN",,,,,,,,"40.6064175633","-73.98512623153","POINT (-73.985126231528 40.606417563304)"
"55805573","2022 Oct 25 03:52:23 PM","2022 Oct 25 03:52:23 PM","DOHMH","Department of Health and Mental Hygiene","Rodent","Rat Sighting","3+ Family Apt. Building","11204","1682 64 STREET","64 STREET","16 AVENUE","17 AVENUE","16 AVENUE","17 AVENUE","ADDRESS","BROOKLYN","64 STREET",,"Closed",,"2022 Oct 25 03:52:23 PM","11 BROOKLYN","BROOKLYN","986,333","165,705","Unspecified","BROOKLYN",,,,,,,,"40.62149817652","-73.99249659573","POINT (-73.992496595734 40.621498176523)"
"55796238","2022 Oct 24 10:54:07 AM","2022 Oct 24 10:54:07 AM","DOHMH","Department of Health and Mental Hygiene","Rodent","Rat Sighting","3+ Family Apt. Building","11223","1710 WEST    4 STREET","WEST    4 STREET","QUENTIN ROAD","KINGS HIGHWAY","QUENTIN ROAD","KINGS HIGHWAY","ADDRESS","BROOKLYN","WEST    4 STREET",,"Closed",,"2022 Oct 24 10:54:07 AM","11 BROOKLYN","BROOKLYN","990,552","159,977","Unspecified","BROOKLYN",,,,,,,,"40.60577400266","-73.97730421648","POINT (-73.977304216477 40.605774002664)"
"55782132","2022 Oct 23 10:40:33 AM","2022 Oct 23 10:40:33 AM","DOHMH","Department of Health and Mental Hygiene","Rodent","Rat Sighting","Other (Explain Below)","11214","2122 BAY PARKWAY","BAY PARKWAY","BAY PARKWAY","CROPSEY AVENUE","BAY PARKWAY","CROPSEY AVENUE","INTERSECTION","BROOKLYN",,,"Closed",,"2022 Oct 23 10:40:33 AM","11 BROOKLYN","BROOKLYN","984,623","156,877","Unspecified","BROOKLYN",,,,,,,,"40.59726736508","-73.99865686311","POINT (-73.998656863114 40.597267365081)"
"55779454","2022 Oct 22 01:23:28 PM","2022 Oct 22 01:23:28 PM","DOHMH","Department of Health and Mental Hygiene","Rodent","Rat Sighting","1-2 Family Dwelling","11223","2073 WEST   11 STREET","WEST   11 STREET","AVENUE T","AVENUE U","AVENUE T","AVENUE U","ADDRESS","BROOKLYN","WEST   11 STREET",,"Closed",,"2022 Oct 22 01:23:28 PM","11 BROOKLYN","BROOKLYN","989,153","156,688","Unspecified","BROOKLYN",,,,,,,,"40.59674724988","-73.98234490912","POINT (-73.982344909121 40.59674724988)"
"55764491","2022 Oct 21 11:32:06 AM","2022 Oct 21 11:32:06 AM","DOHMH","Department of Health and Mental Hygiene","Rodent","Rat Sighting","Vacant Lot","11223","137 KINGS HIGHWAY","KINGS HIGHWAY","STILLWELL AVENUE","WEST 13 STREET","STILLWELL AVENUE","WEST   13 STREET","ADDRESS","BROOKLYN","KINGS HIGHWAY",,"Closed",,"2022 Oct 21 11:32:06 AM","11 BROOKLYN","BROOKLYN","987,999","160,045","Unspecified","BROOKLYN",,,,,,,,"40.6059620966","-73.9864984558","POINT (-73.986498455802 40.605962096602)"
"55749839","2022 Oct 19 04:26:40 PM","2022 Oct 19 04:26:40 PM","DOHMH","Department of Health and Mental Hygiene","Rodent","Rat Sighting","3+ Family Apt. Building","11214","2312 80 STREET","80 STREET","23 AVENUE","STILLWELL AVENUE","23 AVENUE","STILLWELL AVENUE","ADDRESS","BROOKLYN","80 STREET",,"Closed",,"2022 Oct 19 04:26:40 PM","11 BROOKLYN","BROOKLYN","987,668","159,238","Unspecified","BROOKLYN",,,,,,,,"40.60374718005","-73.98769091836","POINT (-73.98769091836 40.603747180054)"
"55744394","2022 Oct 19 10:10:15 AM","2022 Oct 19 10:10:15 AM","DOHMH","Department of Health and Mental Hygiene","Rodent","Rat Sighting","Other (Explain Below)","11214","2051 86 STREET","86 STREET","20 AVENUE","21 AVENUE","20 AVENUE","21 AVENUE","ADDRESS","BROOKLYN",,,"Closed",,"2022 Oct 19 10:10:15 AM","11 BROOKLYN","BROOKLYN","985,084","159,279","Unspecified","BROOKLYN",,,,,,,,"40.60386033661","-73.99699655019","POINT (-73.996996550189 40.603860336615)"
"55736385","2022 Oct 18 09:47:52 PM","2022 Oct 18 09:47:52 PM","DOHMH","Department of Health and Mental Hygiene","Rodent","Rat Sighting","1-2 Family Dwelling","11214","197 BAY   20 STREET","BAY   20 STREET","RACHEL PALISENO WAY","CROPSEY AVENUE","RACHEL PALISENO WAY","CROPSEY AVENUE","ADDRESS","BROOKLYN","BAY   20 STREET",,"Closed",,"2022 Oct 18 09:47:52 PM","11 BROOKLYN","BROOKLYN","982,791","158,772","Unspecified","BROOKLYN",,,,,,,,"40.60246864392","-74.00525412702","POINT (-74.005254127022 40.602468643922)"
"55735085","2022 Oct 18 11:54:31 AM","2022 Oct 18 11:54:31 AM","DOHMH","Department of Health and Mental Hygiene","Rodent","Rat Sighting","1-2 Family Dwelling","11223","1857 WEST    5 STREET","WEST    5 STREET","HIGHLAWN AVENUE","AVENUE S","HIGHLAWN AVENUE","AVENUE S","ADDRESS","BROOKLYN","WEST    5 STREET",,"Closed",,"2022 Oct 18 11:54:31 AM","11 BROOKLYN","BROOKLYN","990,476","158,726","Unspecified","BROOKLYN",,,,,,,,"40.60234031635","-73.97757907313","POINT (-73.977579073133 40.602340316355)"
"55737649","2022 Oct 18 11:44:59 AM","2022 Oct 20 03:36:25 PM","DOHMH","Department of Health and Mental Hygiene","Rodent","Rat Sighting","Other (Explain Below)","11228","8669 14 AVENUE","14 AVENUE","ANTHONY M SCARPACI SR WAY","BENSON AVENUE","ANTHONY M SCARPACI SR WAY","BENSON AVENUE","ADDRESS","BROOKLYN","14 AVENUE",,"Closed",,"2022 Oct 18 11:44:59 AM","11 BROOKLYN","BROOKLYN","980,641","162,058","Unspecified","BROOKLYN",,,,,,,,"40.61148742699","-74.01299842786","POINT (-74.012998427856 40.611487426994)"
"55725450","2022 Oct 17 09:01:25 PM","2022 Oct 20 03:36:25 PM","DOHMH","Department of Health and Mental Hygiene","Rodent","Rat Sighting","Other (Explain Below)","11228","8669 14 AVENUE","14 AVENUE","ANTHONY M SCARPACI SR WAY","BENSON AVENUE","ANTHONY M SCARPACI SR WAY","BENSON AVENUE","ADDRESS","BROOKLYN","14 AVENUE",,"Closed",,"2022 Oct 17 09:01:25 PM","11 BROOKLYN","BROOKLYN","980,641","162,058","Unspecified","BROOKLYN",,,,,,,,"40.61148742699","-74.01299842786","POINT (-74.012998427856 40.611487426994)"
"55728872","2022 Oct 17 12:05:08 PM","2022 Oct 17 12:05:08 PM","DOHMH","Department of Health and Mental Hygiene","Rodent","Rat Sighting","Other (Explain Below)","11228","8669 14 AVENUE","14 AVENUE","ANTHONY M SCARPACI SR WAY","BENSON AVENUE","ANTHONY M SCARPACI SR WAY","BENSON AVENUE","ADDRESS","BROOKLYN","14 AVENUE",,"Closed",,"2022 Oct 17 12:05:08 PM","11 BROOKLYN","BROOKLYN","980,641","162,058","Unspecified","BROOKLYN",,,,,,,,"40.61148742699","-74.01299842786","POINT (-74.012998427856 40.611487426994)"
"55724317","2022 Oct 17 11:23:27 AM","2022 Oct 17 11:23:27 AM","DOHMH","Department of Health and Mental Hygiene","Rodent","Rat Sighting","3+ Family Apt. Building","11204","1672 64 STREET","64 STREET","16 AVENUE","17 AVENUE","16 AVENUE","17 AVENUE","ADDRESS","BROOKLYN","64 STREET",,"Closed",,"2022 Oct 17 11:23:27 AM","11 BROOKLYN","BROOKLYN","986,285","165,743","Unspecified","BROOKLYN",,,,,,,,"40.62160248975","-73.99266949038","POINT (-73.992669490377 40.62160248975)"
"55691504","2022 Oct 13 02:20:06 PM","2022 Oct 13 02:20:06 PM","DOHMH","Department of Health and Mental Hygiene","Rodent","Rat Sighting","Other (Explain Below)","11204","50 AVENUE P","AVENUE P","AVENUE P","STILLWELL AVENUE","AVENUE P","STILLWELL AVENUE","ADDRESS","BROOKLYN",,,"Closed",,"2022 Oct 13 02:20:06 PM","11 BROOKLYN","BROOKLYN","987,972","160,536","Unspecified","BROOKLYN",,,,,,,,"40.60730980259","-73.98659542226","POINT (-73.986595422259 40.607309802594)"
"55684729","2022 Oct 12 07:45:00 PM","2022 Oct 12 07:45:00 PM","DOHMH","Department of Health and Mental Hygiene","Rodent","Rat Sighting","3+ Family Apt. Building","11214","197 BAY   20 STREET","BAY   20 STREET","RACHEL PALISENO WAY","CROPSEY AVENUE","RACHEL PALISENO WAY","CROPSEY AVENUE","ADDRESS","BROOKLYN","BAY   20 STREET",,"Closed",,"2022 Oct 12 07:45:00 PM","11 BROOKLYN","BROOKLYN","982,791","158,772","Unspecified","BROOKLYN",,,,,,,,"40.60246864392","-74.00525412702","POINT (-74.005254127022 40.602468643922)"
"55662927","2022 Oct 10 06:11:09 PM","2022 Oct 10 06:11:09 PM","DOHMH","Department of Health and Mental Hygiene","Rodent","Rat Sighting","1-2 Family Dwelling","11223","1601 WEST    8 STREET","WEST    8 STREET","AVENUE P","QUENTIN ROAD","AVENUE P","QUENTIN ROAD","ADDRESS","BROOKLYN","WEST    8 STREET",,"Closed",,"2022 Oct 10 06:11:09 PM","11 BROOKLYN","BROOKLYN","989,372","160,622","Unspecified","BROOKLYN",,,,,,,,"40.60754515637","-73.98155333437","POINT (-73.98155333437 40.607545156366)"
"55633593","2022 Oct 07 06:01:50 PM","2022 Oct 07 06:01:50 PM","DOHMH","Department of Health and Mental Hygiene","Rodent","Rat Sighting","3+ Family Apt. Building","11223","1710 WEST    4 STREET","WEST    4 STREET","QUENTIN ROAD","KINGS HIGHWAY","QUENTIN ROAD","KINGS HIGHWAY","ADDRESS","BROOKLYN","WEST    4 STREET",,"Closed",,"2022 Oct 07 06:01:50 PM","11 BROOKLYN","BROOKLYN","990,552","159,977","Unspecified","BROOKLYN",,,,,,,,"40.60577400266","-73.97730421648","POINT (-73.977304216477 40.605774002664)"
"55637420","2022 Oct 07 02:56:14 PM","2022 Oct 07 02:56:14 PM","DOHMH","Department of Health and Mental Hygiene","Rodent","Rat Sighting","Commercial Building","11214","2535 86 STREET","86 STREET","BAY 40 STREET","BAY 41 STREET","BAY   40 STREET","BAY   41 STREET","ADDRESS","BROOKLYN","86 STREET",,"Closed",,"2022 Oct 07 02:56:14 PM","11 BROOKLYN","BROOKLYN","988,070","156,910","Unspecified","BROOKLYN",,,,,,,,"40.59735712802","-73.98624453131","POINT (-73.98624453131 40.597357128023)"
"55583582","2022 Oct 02 12:34:17 PM","2022 Oct 02 12:34:17 PM","DOHMH","Department of Health and Mental Hygiene","Rodent","Rat Sighting","3+ Family Apt. Building","11214","8201 19 AVENUE","19 AVENUE","82 STREET","83 STREET","82 STREET","83 STREET","ADDRESS","BROOKLYN","19 AVENUE",,"Closed",,"2022 Oct 02 12:34:17 PM","11 BROOKLYN","BROOKLYN","984,771","160,848","Unspecified","BROOKLYN",,,,,,,,"40.60816694506","-73.99812362315","POINT (-73.998123623148 40.608166945064)"
"55580747","2022 Oct 02 03:31:37 AM","2022 Oct 25 02:53:01 PM","DOHMH","Department of Health and Mental Hygiene","Rodent","Rat Sighting","3+ Family Apt. Building","11214","186 BAY   26 STREET","BAY   26 STREET","BATH AVENUE","CROPSEY AVENUE","BATH AVENUE","CROPSEY AVENUE","ADDRESS","BROOKLYN","BAY   26 STREET",,"Closed",,"2022 Oct 02 03:31:37 AM","11 BROOKLYN","BROOKLYN","984,044","157,850","Unspecified","BROOKLYN",,,,,,,,"40.59993805875","-74.00074181573","POINT (-74.000741815726 40.599938058747)"
"55579821","2022 Oct 01 01:52:34 PM","2022 Oct 01 01:52:34 PM","DOHMH","Department of Health and Mental Hygiene","Rodent","Rat Sighting","3+ Family Apt. Building","11214","186 BAY   26 STREET","BAY   26 STREET","BATH AVENUE","CROPSEY AVENUE","BATH AVENUE","CROPSEY AVENUE","ADDRESS","BROOKLYN","BAY   26 STREET",,"Closed",,"2022 Oct 01 01:52:34 PM","11 BROOKLYN","BROOKLYN","984,044","157,850","Unspecified","BROOKLYN",,,,,,,,"40.59993805875","-74.00074181573","POINT (-74.000741815726 40.599938058747)"
"55558008","2022 Sep 29 09:32:40 AM","2022 Sep 29 09:32:40 AM","DOHMH","Department of Health and Mental Hygiene","Rodent","Rat Sighting","Construction Site","11204","2241 65 STREET","65 STREET","WEST 6 STREET","WEST 5 STREET","WEST    6 STREET","WEST    5 STREET","ADDRESS","BROOKLYN","65 STREET",,"Closed",,"2022 Sep 29 09:32:40 AM","11 BROOKLYN","BROOKLYN","989,743","162,653","Unspecified","BROOKLYN",,,,,,,,"40.61311961175","-73.98021554161","POINT (-73.980215541613 40.613119611751)"
"55551992","2022 Sep 28 05:36:30 PM","2022 Oct 25 12:27:41 PM","DOHMH","Department of Health and Mental Hygiene","Rodent","Rat Sighting","Commercial Building","11228","1566 72 STREET","72 STREET","15 AVENUE","NEW UTRECHT AVENUE","15 AVENUE","NEW UTRECHT AVENUE","ADDRESS","BROOKLYN","72 STREET",,"Closed",,"2022 Sep 28 05:36:30 PM","11 BROOKLYN","BROOKLYN","984,244","164,657","Unspecified","BROOKLYN",,,,,,,,"40.61862187957","-74.00002161233","POINT (-74.000021612331 40.618621879569)"
"55537690","2022 Sep 27 02:57:07 PM","2022 Sep 27 02:57:07 PM","DOHMH","Department of Health and Mental Hygiene","Rodent","Rat Sighting","Other (Explain Below)","11214","2358 80 STREET","80 STREET","80 STREET","STILLWELL AVENUE","80 STREET","STILLWELL AVENUE","ADDRESS","BROOKLYN",,,"Closed",,"2022 Sep 27 02:57:07 PM","11 BROOKLYN","BROOKLYN","987,815","159,122","Unspecified","BROOKLYN",,,,,,,,"40.60342872576","-73.98716159545","POINT (-73.98716159545 40.603428725758)"
"55493457","2022 Sep 22 01:10:08 PM","2022 Sep 22 02:48:45 PM","DOHMH","Department of Health and Mental Hygiene","Rodent","Rat Sighting","Vacant Lot","11223","137 KINGS HIGHWAY","KINGS HIGHWAY","STILLWELL AVENUE","WEST 13 STREET","STILLWELL AVENUE","WEST   13 STREET","ADDRESS","BROOKLYN","KINGS HIGHWAY",,"Closed",,"2022 Sep 22 01:10:08 PM","11 BROOKLYN","BROOKLYN","987,999","160,045","Unspecified","BROOKLYN",,,,,,,,"40.6059620966","-73.9864984558","POINT (-73.986498455802 40.605962096602)"
"55495675","2022 Sep 22 09:08:50 AM","2022 Sep 22 09:08:50 AM","DOHMH","Department of Health and Mental Hygiene","Rodent","Rat Sighting","1-2 Family Dwelling","11214","1660 80 STREET","80 STREET","16 AVENUE","17 AVENUE","16 AVENUE","17 AVENUE","ADDRESS","BROOKLYN","80 STREET",,"Closed",,"2022 Sep 22 09:08:50 AM","11 BROOKLYN","BROOKLYN","983,594","162,468","Unspecified","BROOKLYN",,,,,,,,"40.61261350325","-74.00236273552","POINT (-74.002362735517 40.612613503247)"
"55486319","2022 Sep 21 08:52:20 PM",,"DOHMH","Department of Health and Mental Hygiene","Rodent","Rat Sighting","Other (Explain Below)","11204","65 STREET","65 STREET","24 AVENUE","65 STREET","24 AVENUE","65 STREET","INTERSECTION",,,,"In Progress",,,"11 BROOKLYN","BROOKLYN","990,633","161,944","Unspecified","BROOKLYN",,,,,,,,"40.6111729564","-73.97701064704","POINT (-73.977010647045 40.611172956401)"
"55486325","2022 Sep 21 12:34:55 PM","2022 Sep 21 12:34:55 PM","DOHMH","Department of Health and Mental Hygiene","Rodent","Rat Sighting","Parking Lot/Garage","11223","166 KINGS HIGHWAY","KINGS HIGHWAY","WEST 13 STREET","WEST 12 STREET","WEST   13 STREET","WEST   12 STREET","ADDRESS","BROOKLYN","KINGS HIGHWAY",,"Closed",,"2022 Sep 21 12:34:55 PM","11 BROOKLYN","BROOKLYN","988,304","159,979","Unspecified","BROOKLYN",,,,,,,,"40.6057808058","-73.98540007693","POINT (-73.985400076932 40.6057808058)"
"55480104","2022 Sep 21 07:00:00 AM","2022 Sep 21 07:00:00 AM","DOHMH","Department of Health and Mental Hygiene","Rodent","Rat Sighting","Construction Site","11204","2052 71 STREET","71 STREET","20 AVENUE","21 AVENUE","20 AVENUE","21 AVENUE","ADDRESS","BROOKLYN","71 STREET",,"Closed",,"2022 Sep 21 07:00:00 AM","11 BROOKLYN","BROOKLYN","987,511","162,399","Unspecified","BROOKLYN",,,,,,,,"40.61242353668","-73.98825478869","POINT (-73.988254788692 40.61242353668)"
"55472349","2022 Sep 20 11:51:01 PM","2022 Sep 22 11:38:52 AM","DOHMH","Department of Health and Mental Hygiene","Rodent","Rat Sighting","1-2 Family Dwelling","11219","1516 61 STREET","61 STREET","15 AVENUE","16 AVENUE","15 AVENUE","16 AVENUE","ADDRESS","BROOKLYN","61 STREET",,"Closed",,"2022 Sep 20 11:51:01 PM","11 BROOKLYN","BROOKLYN","985,837","167,093","Unspecified","BROOKLYN",,,,,,,,"40.62530804895","-73.99428296577","POINT (-73.99428296577 40.625308048954)"
"55474909","2022 Sep 20 08:42:22 PM","2022 Sep 22 03:29:12 PM","DOHMH","Department of Health and Mental Hygiene","Rodent","Rat Sighting","3+ Family Apt. Building","11214","1656 80 STREET","80 STREET","16 AVENUE","17 AVENUE","16 AVENUE","17 AVENUE","ADDRESS","BROOKLYN","80 STREET",,"Closed",,"2022 Sep 20 08:42:22 PM","11 BROOKLYN","BROOKLYN","983,575","162,483","Unspecified","BROOKLYN",,,,,,,,"40.61265467373","-74.00243116991","POINT (-74.002431169905 40.612654673729)"
"55476238","2022 Sep 20 08:41:53 PM","2022 Sep 20 08:41:53 PM","DOHMH","Department of Health and Mental Hygiene","Rodent","Rat Sighting","Vacant Lot","11223","174 WEST 13 STREET","WEST 13 STREET","KINGS HIGHWAY","WEST   13 STREET","KINGS HIGHWAY","WEST 13 STREET","INTERSECTION","BROOKLYN",,,"Closed",,"2022 Sep 20 08:41:53 PM","11 BROOKLYN","BROOKLYN","988,145","160,014","Unspecified","BROOKLYN",,,,,,,,"40.60587694496","-73.98597267335","POINT (-73.985972673355 40.605876944964)"
"55465867","2022 Sep 19 10:21:54 AM","2022 Sep 19 10:55:09 AM","DOHMH","Department of Health and Mental Hygiene","Rodent","Rat Sighting","Vacant Lot","11223","137 KINGS HIGHWAY","KINGS HIGHWAY","STILLWELL AVENUE","WEST 13 STREET","STILLWELL AVENUE","WEST   13 STREET","ADDRESS","BROOKLYN","KINGS HIGHWAY",,"Closed",,"2022 Sep 19 10:21:54 AM","11 BROOKLYN","BROOKLYN","987,999","160,045","Unspecified","BROOKLYN",,,,,,,,"40.6059620966","-73.9864984558","POINT (-73.986498455802 40.605962096602)"
"55451279","2022 Sep 18 05:18:40 PM","2022 Sep 18 05:18:40 PM","DOHMH","Department of Health and Mental Hygiene","Rodent","Rat Sighting","1-2 Family Dwelling","11223","137 KINGS HIGHWAY","KINGS HIGHWAY","STILLWELL AVENUE","WEST 13 STREET","STILLWELL AVENUE","WEST   13 STREET","ADDRESS","BROOKLYN","KINGS HIGHWAY",,"Closed",,"2022 Sep 18 05:18:40 PM","11 BROOKLYN","BROOKLYN","987,999","160,045","Unspecified","BROOKLYN",,,,,,,,"40.6059620966","-73.9864984558","POINT (-73.986498455802 40.605962096602)"
"55431469","2022 Sep 16 03:58:09 PM","2022 Sep 16 03:58:09 PM","DOHMH","Department of Health and Mental Hygiene","Rodent","Rat Sighting","1-2 Family Dwelling","11214","45 BAY   41 STREET","BAY   41 STREET","86 STREET","BENSON AVENUE","86 STREET","BENSON AVENUE","ADDRESS","BROOKLYN","BAY   41 STREET",,"Closed",,"2022 Sep 16 03:58:09 PM","11 BROOKLYN","BROOKLYN","987,954","156,468","Unspecified","BROOKLYN",,,,,,,,"40.59614397645","-73.98666247897","POINT (-73.986662478972 40.596143976451)"
"55437809","2022 Sep 16 11:20:14 AM","2022 Sep 27 07:43:22 AM","DOHMH","Department of Health and Mental Hygiene","Rodent","Rat Sighting","3+ Family Apt. Building","11204","6402 24 AVENUE","24 AVENUE","64 STREET","65 STREET","64 STREET","65 STREET","ADDRESS","BROOKLYN","24 AVENUE",,"Closed",,"2022 Sep 16 11:20:14 AM","11 BROOKLYN","BROOKLYN","990,778","162,127","Unspecified","BROOKLYN",,,,,,,,"40.61167514809","-73.97648823043","POINT (-73.976488230434 40.611675148093)"
"55428360","2022 Sep 16 11:20:07 AM","2022 Sep 16 11:20:07 AM","DOHMH","Department of Health and Mental Hygiene","Rodent","Rat Sighting","3+ Family Apt. Building","11204","6402 24 AVENUE","24 AVENUE","64 STREET","65 STREET","64 STREET","65 STREET","ADDRESS","BROOKLYN","24 AVENUE",,"Closed",,"2022 Sep 16 11:20:07 AM","11 BROOKLYN","BROOKLYN","990,778","162,127","Unspecified","BROOKLYN",,,,,,,,"40.61167514809","-73.97648823043","POINT (-73.976488230434 40.611675148093)"
"55420472","2022 Sep 15 05:14:30 PM","2022 Sep 19 09:52:07 AM","DOHMH","Department of Health and Mental Hygiene","Rodent","Rat Sighting","3+ Family Apt. Building","11230","264 AVENUE O","AVENUE O","DAHILL ROAD","MCDONALD AVENUE","DAHILL ROAD","MCDONALD AVENUE","ADDRESS","BROOKLYN","AVENUE O",,"Closed",,"2022 Sep 15 05:14:30 PM","11 BROOKLYN","BROOKLYN","991,369","161,978","Unspecified","BROOKLYN",,,,,,,,"40.61126571866","-73.97435979452","POINT (-73.974359794523 40.611265718656)"
"55425296","2022 Sep 15 01:50:43 PM","2022 Sep 15 01:50:43 PM","DOHMH","Department of Health and Mental Hygiene","Rodent","Rat Sighting","Vacant Lot","11228","7908 15 AVENUE","15 AVENUE","79 STREET","80 STREET","79 STREET","80 STREET","ADDRESS","BROOKLYN","15 AVENUE",,"Closed",,"2022 Sep 15 01:50:43 PM","11 BROOKLYN","BROOKLYN","982,716","163,430","Unspecified","BROOKLYN",,,,,,,,"40.61525388613","-74.00552527385","POINT (-74.005525273853 40.615253886134)"
"55394932","2022 Sep 13 04:00:04 PM","2022 Sep 13 04:00:04 PM","DOHMH","Department of Health and Mental Hygiene","Rodent","Rat Sighting","1-2 Family Dwelling","11214","238 BAY   20 STREET","BAY   20 STREET","CROPSEY AVENUE","SHORE PARKWAY","CROPSEY AVENUE","SHORE PARKWAY","ADDRESS","BROOKLYN","BAY   20 STREET",,"Closed",,"2022 Sep 13 04:00:04 PM","11 BROOKLYN","BROOKLYN","982,492","158,405","Unspecified","BROOKLYN",,,,,,,,"40.60146124921","-74.00633078543","POINT (-74.006330785429 40.601461249213)"
"55384563","2022 Sep 12 06:41:15 AM","2022 Sep 12 06:41:15 AM","DOHMH","Department of Health and Mental Hygiene","Rodent","Rat Sighting","Other (Explain Below)","11230","264 AVENUE O","AVENUE O","AVENUE O","DAHILL ROAD","AVENUE O","DAHILL ROAD","ADDRESS","BROOKLYN",,,"Closed",,"2022 Sep 12 06:41:15 AM","11 BROOKLYN","BROOKLYN","991,369","161,978","Unspecified","BROOKLYN",,,,,,,,"40.61126571866","-73.97435979452","POINT (-73.974359794523 40.611265718656)"
"55348029","2022 Sep 09 08:23:56 AM","2022 Sep 09 10:28:57 AM","DOHMH","Department of Health and Mental Hygiene","Rodent","Rat Sighting","3+ Family Apt. Building","11214","8855 BAY PARKWAY","BAY PARKWAY","CROPSEY AVENUE","BELT PARKWAY WB BAY PARKWAY EN","CROPSEY AVENUE","BELT PARKWAY WB BAY PARKWAY EN","ADDRESS","BROOKLYN","BAY PARKWAY",,"Closed",,"2022 Sep 09 08:23:56 AM","11 BROOKLYN","BROOKLYN","984,493","156,711","Unspecified","BROOKLYN",,,,,,,,"40.5968117331","-73.9991249865","POINT (-73.999124986498 40.596811733103)"
"55319935","2022 Sep 07 12:54:43 AM","2022 Sep 07 02:51:53 PM","DOHMH","Department of Health and Mental Hygiene","Rodent","Rat Sighting","3+ Family Apt. Building","11219","1516 61 STREET","61 STREET","15 AVENUE","16 AVENUE","15 AVENUE","16 AVENUE","ADDRESS","BROOKLYN","61 STREET",,"Closed",,"2022 Sep 07 12:54:43 AM","11 BROOKLYN","BROOKLYN","985,837","167,093","Unspecified","BROOKLYN",,,,,,,,"40.62530804895","-73.99428296577","POINT (-73.99428296577 40.625308048954)"
"55272219","2022 Aug 31 09:20:05 AM","2022 Aug 31 09:20:05 AM","DOHMH","Department of Health and Mental Hygiene","Rodent","Rat Sighting","Other (Explain Below)","11214","2532 86 STREET","86 STREET","86 STREET","BAY 41 STREET","86 STREET","BAY   41 STREET","ADDRESS","BROOKLYN",,,"Closed",,"2022 Aug 31 09:20:05 AM","11 BROOKLYN","BROOKLYN","988,049","156,919","Unspecified","BROOKLYN",,,,,,,,"40.59738184023","-73.98632014532","POINT (-73.986320145316 40.597381840232)"
"55257810","2022 Aug 30 04:55:53 PM","2022 Aug 30 04:55:53 PM","DOHMH","Department of Health and Mental Hygiene","Rodent","Rat Sighting","Other (Explain Below)","11214","1858 BATH AVENUE","BATH AVENUE","BATH AVENUE","BAY 20 STREET","BATH AVENUE","BAY   20 STREET","ADDRESS","BROOKLYN",,,"Closed",,"2022 Aug 30 04:55:53 PM","11 BROOKLYN","BROOKLYN","983,019","158,952","Unspecified","BROOKLYN",,,,,,,,"40.60296274192","-74.00443308994","POINT (-74.004433089943 40.602962741921)"
"55255051","2022 Aug 30 02:56:13 PM","2022 Sep 09 12:47:58 PM","DOHMH","Department of Health and Mental Hygiene","Rodent","Rat Sighting","1-2 Family Dwelling","11223","1752 WEST   13 STREET","WEST   13 STREET","QUENTIN ROAD","HIGHLAWN AVENUE","QUENTIN ROAD","HIGHLAWN AVENUE","ADDRESS","BROOKLYN","WEST   13 STREET",,"Closed",,"2022 Aug 30 02:56:13 PM","11 BROOKLYN","BROOKLYN","988,243","159,303","Unspecified","BROOKLYN",,,,,,,,"40.60392535138","-73.98562015968","POINT (-73.98562015968 40.603925351384)"
"55221312","2022 Aug 26 04:04:31 PM","2022 Aug 26 04:04:31 PM","DOHMH","Department of Health and Mental Hygiene","Rodent","Rat Sighting","Other (Explain Below)","11204","7001 18 AVENUE","18 AVENUE","18 AVENUE","70 STREET","18 AVENUE","70 STREET","ADDRESS","BROOKLYN",,,"Closed",,"2022 Aug 26 04:04:31 PM","11 BROOKLYN","BROOKLYN","986,150","163,764","Unspecified","BROOKLYN",,,,,,,,"40.61617057608","-73.99315634649","POINT (-73.993156346485 40.616170576084)"
"55186195","2022 Aug 23 09:13:57 AM","2022 Aug 25 11:49:53 AM","DOHMH","Department of Health and Mental Hygiene","Rodent","Rat Sighting","3+ Family Mixed Use Building","11204","1515 WEST    1 STREET","WEST    1 STREET","65 STREET","AVENUE P","65 STREET","AVENUE P","ADDRESS","BROOKLYN","WEST    1 STREET",,"Closed",,"2022 Aug 23 09:13:57 AM","11 BROOKLYN","BROOKLYN","991,137","161,424","Unspecified","BROOKLYN",,,,,,,,"40.60974528592","-73.9751959442","POINT (-73.975195944199 40.609745285917)"
"55186190","2022 Aug 23 07:52:57 AM","2022 Aug 23 07:52:57 AM","DOHMH","Department of Health and Mental Hygiene","Rodent","Rat Sighting","3+ Family Apt. Building","11204","1515 WEST    1 STREET","WEST    1 STREET","65 STREET","AVENUE P","65 STREET","AVENUE P","ADDRESS","BROOKLYN","WEST    1 STREET",,"Closed",,"2022 Aug 23 07:52:57 AM","11 BROOKLYN","BROOKLYN","991,137","161,424","Unspecified","BROOKLYN",,,,,,,,"40.60974528592","-73.9751959442","POINT (-73.975195944199 40.609745285917)"
"55176778","2022 Aug 22 07:10:09 PM","2022 Aug 22 07:10:09 PM","DOHMH","Department of Health and Mental Hygiene","Rodent","Rat Sighting","1-2 Family Mixed Use Building","11228","1117 16 AVENUE","16 AVENUE","16 AVENUE","SHORE PARKWAY","16 AVENUE","SHORE PARKWAY","INTERSECTION","BROOKLYN",,,"Closed",,"2022 Aug 22 07:10:09 PM","11 BROOKLYN","BROOKLYN","980,218","158,898","Unspecified","BROOKLYN",,,,,,,,"40.60281369117","-74.01452004778","POINT (-74.014520047785 40.602813691172)"
"55166906","2022 Aug 21 11:41:18 PM","2022 Aug 21 11:41:18 PM","DOHMH","Department of Health and Mental Hygiene","Rodent","Rat Sighting","1-2 Family Dwelling","11228","1547 INDEPENDENCE AVENUE","INDEPENDENCE AVENUE","BAY 10 STREET","BAY 11 STREET","BAY   10 STREET","BAY   11 STREET","ADDRESS","BROOKLYN","INDEPENDENCE AVENUE",,"Closed",,"2022 Aug 21 11:41:18 PM","11 BROOKLYN","BROOKLYN","979,947","159,247","Unspecified","BROOKLYN",,,,,,,,"40.60377149769","-74.01549619593","POINT (-74.015496195931 40.603771497689)"
"55154205","2022 Aug 20 08:05:05 PM","2022 Sep 19 09:52:08 AM","DOHMH","Department of Health and Mental Hygiene","Rodent","Rat Sighting","3+ Family Apt. Building","11230","264 AVENUE O","AVENUE O","DAHILL ROAD","MCDONALD AVENUE","DAHILL ROAD","MCDONALD AVENUE","ADDRESS","BROOKLYN","AVENUE O",,"Closed",,"2022 Aug 20 08:05:05 PM","11 BROOKLYN","BROOKLYN","991,369","161,978","Unspecified","BROOKLYN",,,,,,,,"40.61126571866","-73.97435979452","POINT (-73.974359794523 40.611265718656)"
"55157602","2022 Aug 20 09:59:27 AM","2022 Aug 25 11:52:34 AM","DOHMH","Department of Health and Mental Hygiene","Rodent","Rat Sighting","Commercial Building","11228","1566 72 STREET","72 STREET","15 AVENUE","NEW UTRECHT AVENUE","15 AVENUE","NEW UTRECHT AVENUE","ADDRESS","BROOKLYN","72 STREET",,"Closed",,"2022 Aug 20 09:59:27 AM","11 BROOKLYN","BROOKLYN","984,244","164,657","Unspecified","BROOKLYN",,,,,,,,"40.61862187957","-74.00002161233","POINT (-74.000021612331 40.618621879569)"
"55150682","2022 Aug 19 07:29:38 PM","2022 Sep 14 10:11:20 AM","DOHMH","Department of Health and Mental Hygiene","Rodent","Rat Sighting","1-2 Family Dwelling","11214","2322 83 STREET","83 STREET","23 AVENUE","24 AVENUE","23 AVENUE","24 AVENUE","ADDRESS","BROOKLYN","83 STREET",,"Closed",,"2022 Aug 19 07:29:38 PM","11 BROOKLYN","BROOKLYN","987,266","158,561","Unspecified","BROOKLYN",,,,,,,,"40.60188909869","-73.98913892421","POINT (-73.98913892421 40.601889098692)"
"55140253","2022 Aug 18 07:10:13 AM","2022 Aug 18 07:10:13 AM","DOHMH","Department of Health and Mental Hygiene","Rodent","Rat Sighting","Commercial Building","11228","1566 72 STREET","72 STREET","15 AVENUE","NEW UTRECHT AVENUE","15 AVENUE","NEW UTRECHT AVENUE","ADDRESS","BROOKLYN","72 STREET",,"Closed",,"2022 Aug 18 07:10:13 AM","11 BROOKLYN","BROOKLYN","984,244","164,657","Unspecified","BROOKLYN",,,,,,,,"40.61862187957","-74.00002161233","POINT (-74.000021612331 40.618621879569)"
"55125515","2022 Aug 16 02:32:26 PM","2022 Aug 16 02:32:26 PM","DOHMH","Department of Health and Mental Hygiene","Rodent","Rat Sighting","Other (Explain Below)","11214","1491 SHORE PARKWAY","SHORE PARKWAY","21 AVENUE","SHORE PARKWAY","21 AVENUE","SHORE PARKWAY","ADDRESS","BROOKLYN",,,"Closed",,"2022 Aug 16 02:32:26 PM","11 BROOKLYN","BROOKLYN","983,041","157,053","Unspecified","BROOKLYN",,,,,,,,"40.59775037492","-74.00435352344","POINT (-74.004353523437 40.597750374923)"
"55112809","2022 Aug 15 09:53:40 AM","2022 Aug 30 01:01:45 PM","DOHMH","Department of Health and Mental Hygiene","Rodent","Rat Sighting","3+ Family Apt. Building","11230","264 AVENUE O","AVENUE O","DAHILL ROAD","MCDONALD AVENUE","DAHILL ROAD","MCDONALD AVENUE","ADDRESS","BROOKLYN","AVENUE O",,"Closed",,"2022 Aug 15 09:53:40 AM","11 BROOKLYN","BROOKLYN","991,369","161,978","Unspecified","BROOKLYN",,,,,,,,"40.61126571866","-73.97435979452","POINT (-73.974359794523 40.611265718656)"
"55096306","2022 Aug 13 04:07:45 AM","2022 Aug 30 12:31:31 PM","DOHMH","Department of Health and Mental Hygiene","Rodent","Rat Sighting","Commercial Building","11228","7115 15 AVENUE","15 AVENUE","71 STREET","72 STREET","71 STREET","72 STREET","ADDRESS","BROOKLYN","15 AVENUE",,"Closed",,"2022 Aug 13 04:07:45 AM","11 BROOKLYN","BROOKLYN","984,030","165,079","Unspecified","BROOKLYN",,,,,,,,"40.61978017909","-74.00079246589","POINT (-74.00079246589 40.619780179089)"
"55051785","2022 Aug 08 11:14:29 AM","2022 Aug 08 11:14:29 AM","DOHMH","Department of Health and Mental Hygiene","Rodent","Rat Sighting","1-2 Family Dwelling","11223","1752 WEST   13 STREET","WEST   13 STREET","QUENTIN ROAD","HIGHLAWN AVENUE","QUENTIN ROAD","HIGHLAWN AVENUE","ADDRESS","BROOKLYN","WEST   13 STREET",,"Closed",,"2022 Aug 08 11:14:29 AM","11 BROOKLYN","BROOKLYN","988,243","159,303","Unspecified","BROOKLYN",,,,,,,,"40.60392535138","-73.98562015968","POINT (-73.98562015968 40.603925351384)"
"55038918","2022 Aug 07 10:21:43 AM","2022 Aug 09 10:51:20 AM","DOHMH","Department of Health and Mental Hygiene","Rodent","Rat Sighting","Commercial Building","11228","7115 15 AVENUE","15 AVENUE","71 STREET","72 STREET","71 STREET","72 STREET","ADDRESS","BROOKLYN","15 AVENUE",,"Closed",,"2022 Aug 07 10:21:43 AM","11 BROOKLYN","BROOKLYN","984,030","165,079","Unspecified","BROOKLYN",,,,,,,,"40.61978017909","-74.00079246589","POINT (-74.00079246589 40.619780179089)"
"55042856","2022 Aug 07 08:10:39 AM","2022 Aug 09 10:51:20 AM","DOHMH","Department of Health and Mental Hygiene","Rodent","Rat Sighting","Commercial Building","11228","7115 15 AVENUE","15 AVENUE","71 STREET","72 STREET","71 STREET","72 STREET","ADDRESS","BROOKLYN","15 AVENUE",,"Closed",,"2022 Aug 07 08:10:39 AM","11 BROOKLYN","BROOKLYN","984,030","165,079","Unspecified","BROOKLYN",,,,,,,,"40.61978017909","-74.00079246589","POINT (-74.00079246589 40.619780179089)"
"55038917","2022 Aug 07 04:58:24 AM","2022 Aug 07 04:58:24 AM","DOHMH","Department of Health and Mental Hygiene","Rodent","Rat Sighting","Commercial Building","11228","7115 15 AVENUE","15 AVENUE","71 STREET","72 STREET","71 STREET","72 STREET","ADDRESS","BROOKLYN","15 AVENUE",,"Closed",,"2022 Aug 07 04:58:24 AM","11 BROOKLYN","BROOKLYN","984,030","165,079","Unspecified","BROOKLYN",,,,,,,,"40.61978017909","-74.00079246589","POINT (-74.00079246589 40.619780179089)"
"55006429","2022 Aug 03 02:23:53 PM","2022 Aug 03 02:23:53 PM","DOHMH","Department of Health and Mental Hygiene","Rodent","Rat Sighting","Other (Explain Below)","11214","2006 CROPSEY AVENUE","CROPSEY AVENUE","20 AVENUE","BAY 25 STREET","20 AVENUE","BAY   25 STREET","ADDRESS","BROOKLYN","CROPSEY AVENUE",,"Closed",,"2022 Aug 03 02:23:53 PM","11 BROOKLYN","BROOKLYN","983,526","157,892","Unspecified","BROOKLYN",,,,,,,,"40.60005331306","-74.00260716268","POINT (-74.002607162682 40.600053313058)"
"54982543","2022 Aug 01 01:00:55 PM","2022 Aug 01 01:09:17 PM","DOHMH","Department of Health and Mental Hygiene","Rodent","Rat Sighting","3+ Family Apt. Building","11204","2301 65 STREET","65 STREET","23 AVENUE","WEST 4 STREET","23 AVENUE","WEST    4 STREET","ADDRESS","BROOKLYN","65 STREET",,"Closed",,"2022 Aug 01 01:00:55 PM","11 BROOKLYN","BROOKLYN","990,056","162,404","Unspecified","BROOKLYN",,,,,,,,"40.61243595853","-73.9790884054","POINT (-73.979088405402 40.61243595853)"
"54986193","2022 Aug 01 12:31:22 PM","2022 Aug 01 12:31:22 PM","DOHMH","Department of Health and Mental Hygiene","Rodent","Rat Sighting","3+ Family Apt. Building","11204","2301 65 STREET","65 STREET","23 AVENUE","WEST 4 STREET","23 AVENUE","WEST    4 STREET","ADDRESS","BROOKLYN","65 STREET",,"Closed",,"2022 Aug 01 12:31:22 PM","11 BROOKLYN","BROOKLYN","990,056","162,404","Unspecified","BROOKLYN",,,,,,,,"40.61243595853","-73.9790884054","POINT (-73.979088405402 40.61243595853)"
"54974058","2022 Jul 31 02:05:04 AM","2022 Jul 31 02:05:04 AM","DOHMH","Department of Health and Mental Hygiene","Rodent","Rat Sighting","3+ Family Apt. Building","11214","8712 BAY PARKWAY","BAY PARKWAY","BENSON AVENUE","BATH AVENUE","BENSON AVENUE","BATH AVENUE","ADDRESS","BROOKLYN","BAY PARKWAY",,"Closed",,"2022 Jul 31 02:05:04 AM","11 BROOKLYN","BROOKLYN","985,291","157,731","Unspecified","BROOKLYN",,,,,,,,"40.59961136911","-73.99625132819","POINT (-73.996251328193 40.599611369107)"
"54962994","2022 Jul 30 12:26:48 PM","2022 Jul 30 12:26:48 PM","DOHMH","Department of Health and Mental Hygiene","Rodent","Rat Sighting","Other (Explain Below)","11223","2039 WEST    7 STREET","WEST    7 STREET","AVENUE T","AVENUE U","AVENUE T","AVENUE U","ADDRESS","BROOKLYN","WEST    7 STREET",,"Closed",,"2022 Jul 30 12:26:48 PM","11 BROOKLYN","BROOKLYN","990,156","157,027","Unspecified","BROOKLYN",,,,,,,,"40.59767712479","-73.97873293511","POINT (-73.978732935108 40.597677124792)"
"54960284","2022 Jul 30 12:24:34 PM","2022 Jul 30 12:24:34 PM","DOHMH","Department of Health and Mental Hygiene","Rodent","Rat Sighting","Other (Explain Below)","11223","2043 WEST    7 STREET","WEST    7 STREET","AVENUE T","AVENUE U","AVENUE T","AVENUE U","ADDRESS","BROOKLYN","WEST    7 STREET",,"Closed",,"2022 Jul 30 12:24:34 PM","11 BROOKLYN","BROOKLYN","990,159","157,004","Unspecified","BROOKLYN",,,,,,,,"40.59761399244","-73.97872215245","POINT (-73.97872215245 40.59761399244)"
"54961642","2022 Jul 30 12:19:01 PM","2022 Jul 30 12:19:01 PM","DOHMH","Department of Health and Mental Hygiene","Rodent","Rat Sighting","Other (Explain Below)","11223","2038 WEST    7 STREET","WEST    7 STREET","AVENUE T","AVENUE U","AVENUE T","AVENUE U","ADDRESS","BROOKLYN","WEST    7 STREET",,"Closed",,"2022 Jul 30 12:19:01 PM","11 BROOKLYN","BROOKLYN","990,150","157,026","Unspecified","BROOKLYN",,,,,,,,"40.59767438399","-73.97875454153","POINT (-73.978754541532 40.597674383991)"
"54918044","2022 Jul 26 01:50:46 PM","2022 Jul 26 02:06:38 PM","DOHMH","Department of Health and Mental Hygiene","Rodent","Rat Sighting","3+ Family Apt. Building","11214","8719 16 AVENUE","16 AVENUE","BENSON AVENUE","BATH AVENUE","BENSON AVENUE","BATH AVENUE","ADDRESS","BROOKLYN","16 AVENUE",,"Closed",,"2022 Jul 26 01:50:46 PM","11 BROOKLYN","BROOKLYN","981,536","160,677","Unspecified","BROOKLYN",,,,,,,,"40.60769718479","-74.00977437803","POINT (-74.009774378028 40.607697184786)"
"54812880","2022 Jul 16 08:43:18 PM","2022 Jul 16 08:43:18 PM","DOHMH","Department of Health and Mental Hygiene","Rodent","Rat Sighting","3+ Family Apt. Building","11204","2307 65 STREET","65 STREET","23 AVENUE","WEST 4 STREET","23 AVENUE","WEST    4 STREET","ADDRESS","BROOKLYN","65 STREET",,"Closed",,"2022 Jul 16 08:43:18 PM","11 BROOKLYN","BROOKLYN","990,091","162,375","Unspecified","BROOKLYN",,,,,,,,"40.6123563365","-73.97896237024","POINT (-73.978962370242 40.612356336504)"
"54808385","2022 Jul 16 10:06:32 AM","2022 Jul 16 10:06:32 AM","DOHMH","Department of Health and Mental Hygiene","Rodent","Rat Sighting","Commercial Building","11219","1470 66 STREET","66 STREET","14 AVENUE","NEW UTRECHT AVENUE","14 AVENUE","NEW UTRECHT AVENUE","ADDRESS","BROOKLYN","66 STREET",,"Closed",,"2022 Jul 16 10:06:32 AM","11 BROOKLYN","BROOKLYN","984,625","166,344","Unspecified","BROOKLYN",,,,,,,,"40.623252335","-73.9986491356","POINT (-73.998649135599 40.623252335003)"
"54800933","2022 Jul 15 08:41:25 AM","2022 Jul 15 08:41:25 AM","DOHMH","Department of Health and Mental Hygiene","Rodent","Rat Sighting","3+ Family Apt. Building","11204","2301 65 STREET","65 STREET","23 AVENUE","WEST 4 STREET","23 AVENUE","WEST    4 STREET","ADDRESS","BROOKLYN","65 STREET",,"Closed",,"2022 Jul 15 08:41:25 AM","11 BROOKLYN","BROOKLYN","990,056","162,404","Unspecified","BROOKLYN",,,,,,,,"40.61243595853","-73.9790884054","POINT (-73.979088405402 40.61243595853)"
"54783262","2022 Jul 13 10:18:20 AM","2022 Jul 13 10:18:20 AM","DOHMH","Department of Health and Mental Hygiene","Rodent","Rat Sighting","3+ Family Apt. Building","11214","2137 CROPSEY AVENUE","CROPSEY AVENUE","BAY 28 STREET","BAY 29 STREET","BAY   28 STREET","BAY   29 STREET","ADDRESS","BROOKLYN","CROPSEY AVENUE",,"Closed",,"2022 Jul 13 10:18:20 AM","11 BROOKLYN","BROOKLYN","984,305","157,192","Unspecified","BROOKLYN",,,,,,,,"40.59813198413","-73.99980194776","POINT (-73.999801947761 40.598131984127)"
"54766082","2022 Jul 12 08:52:24 PM","2022 Jul 12 08:52:24 PM","DOHMH","Department of Health and Mental Hygiene","Rodent","Rat Sighting","Other (Explain Below)","11214","8719 16 AVENUE","16 AVENUE","BENSON AVENUE","BATH AVENUE","BENSON AVENUE","BATH AVENUE","ADDRESS","BROOKLYN","16 AVENUE",,"Closed",,"2022 Jul 12 08:52:24 PM","11 BROOKLYN","BROOKLYN","981,536","160,677","Unspecified","BROOKLYN",,,,,,,,"40.60769718479","-74.00977437803","POINT (-74.009774378028 40.607697184786)"
"54769559","2022 Jul 12 10:41:29 AM","2022 Jul 12 10:41:29 AM","DOHMH","Department of Health and Mental Hygiene","Rodent","Rat Sighting","Other (Explain Below)","11204","1640 63 STREET","63 STREET","16 AVENUE","17 AVENUE","16 AVENUE","17 AVENUE","ADDRESS","BROOKLYN","63 STREET",,"Closed",,"2022 Jul 12 10:41:29 AM","11 BROOKLYN","BROOKLYN","986,291","166,071","Unspecified","BROOKLYN",,,,,,,,"40.6225027799","-73.99264777791","POINT (-73.992647777913 40.622502779895)"
"54737010","2022 Jul 09 06:37:41 PM","2022 Jul 09 06:37:41 PM","DOHMH","Department of Health and Mental Hygiene","Rodent","Rat Sighting","Other (Explain Below)","11228","8675 14 AVENUE","14 AVENUE","14 AVENUE","86 STREET","14 AVENUE","86 STREET","ADDRESS","BROOKLYN",,,"Closed",,"2022 Jul 09 06:37:41 PM","11 BROOKLYN","BROOKLYN","980,616","162,027","Unspecified","BROOKLYN",,,,,,,,"40.61140232816","-74.01308845293","POINT (-74.013088452928 40.611402328155)"
"54734442","2022 Jul 08 09:27:37 AM","2022 Jul 08 09:27:37 AM","DOHMH","Department of Health and Mental Hygiene","Rodent","Rat Sighting","Other (Explain Below)","11214","8915 BAY   16 STREET","BAY   16 STREET","BAY 16 STREET","SHORE PARKWAY","BAY   16 STREET","SHORE PARKWAY","ADDRESS","BROOKLYN",,,"Closed",,"2022 Jul 08 09:27:37 AM","11 BROOKLYN","BROOKLYN","981,270","158,519","Unspecified","BROOKLYN",,,,,,,,"40.6017738294","-74.01073141577","POINT (-74.010731415774 40.601773829402)"
"54706374","2022 Jul 06 01:41:16 PM","2022 Jul 07 09:45:21 AM","DOHMH","Department of Health and Mental Hygiene","Rodent","Rat Sighting","1-2 Family Dwelling","11223","42 LAKE STREET","LAKE STREET","KINGS HIGHWAY","AVENUE S","KINGS HIGHWAY","AVENUE S","ADDRESS","BROOKLYN","LAKE STREET",,"Closed",,"2022 Jul 06 01:41:16 PM","11 BROOKLYN","BROOKLYN","991,688","159,030","Unspecified","BROOKLYN",,,,,,,,"40.60317380013","-73.97321411232","POINT (-73.973214112319 40.603173800131)"
"54665148","2022 Jul 02 01:04:29 PM","2022 Jul 02 01:04:29 PM","DOHMH","Department of Health and Mental Hygiene","Rodent","Rat Sighting","Other (Explain Below)","11214","2202 86 STREET","86 STREET","BAY PARKWAY","BAY 31 STREET","BAY PARKWAY","BAY   31 STREET","ADDRESS","BROOKLYN","86 STREET",,"Closed",,"2022 Jul 02 01:04:29 PM","11 BROOKLYN","BROOKLYN","986,009","158,547","Unspecified","BROOKLYN",,,,,,,,"40.60185101018","-73.99366557646","POINT (-73.993665576464 40.601851010177)"
"54639928","2022 Jun 29 11:48:38 AM","2022 Jul 07 10:50:50 AM","DOHMH","Department of Health and Mental Hygiene","Rodent","Rat Sighting","1-2 Family Dwelling","11214","1895 SHORE PARKWAY","SHORE PARKWAY","BAY 41 STREET","26 AVENUE","BAY   41 STREET","26 AVENUE","ADDRESS","BROOKLYN","SHORE PARKWAY",,"Closed",,"2022 Jun 29 11:48:38 AM","11 BROOKLYN","BROOKLYN","986,288","154,270","Unspecified","BROOKLYN",,,,,,,,"40.5901114475","-73.99266214572","POINT (-73.992662145716 40.590111447501)"
"54633708","2022 Jun 29 04:02:09 AM","2022 Jun 29 04:02:09 AM","DOHMH","Department of Health and Mental Hygiene","Rodent","Rat Sighting","3+ Family Mixed Use Building","11214","8020 BAY PARKWAY","BAY PARKWAY","80 STREET","81 STREET","80 STREET","81 STREET","ADDRESS","BROOKLYN","BAY PARKWAY",,"Closed",,"2022 Jun 29 04:02:09 AM","11 BROOKLYN","BROOKLYN","986,896","159,756","Unspecified","BROOKLYN",,,,,,,,"40.60516924859","-73.99047088247","POINT (-73.990470882469 40.605169248592)"
"54629662","2022 Jun 28 07:07:11 AM","2022 Jun 28 07:07:11 AM","DOHMH","Department of Health and Mental Hygiene","Rodent","Rat Sighting","3+ Family Apt. Building","11223","321 AVENUE T","AVENUE T","LAKE STREET","MCDONALD AVENUE","LAKE STREET","MCDONALD AVENUE","ADDRESS","BROOKLYN","AVENUE T",,"Closed",,"2022 Jun 28 07:07:11 AM","11 BROOKLYN","BROOKLYN","991,674","157,613","Unspecified","BROOKLYN",,,,,,,,"40.59928443464","-73.97326608679","POINT (-73.973266086792 40.599284434639)"
"54572323","2022 Jun 22 02:31:24 PM","2022 Jun 22 02:31:24 PM","DOHMH","Department of Health and Mental Hygiene","Rodent","Rat Sighting","1-2 Family Dwelling","11228","7916 15 AVENUE","15 AVENUE","79 STREET","80 STREET","79 STREET","80 STREET","ADDRESS","BROOKLYN","15 AVENUE",,"Closed",,"2022 Jun 22 02:31:24 PM","11 BROOKLYN","BROOKLYN","982,707","163,418","Unspecified","BROOKLYN",,,,,,,,"40.61522094705","-74.00555768797","POINT (-74.005557687972 40.615220947053)"
"54569687","2022 Jun 22 06:07:05 AM","2022 Jun 22 02:28:20 PM","DOHMH","Department of Health and Mental Hygiene","Rodent","Rat Sighting","1-2 Family Dwelling","11214","1757 76 STREET","76 STREET","17 AVENUE","18 AVENUE","17 AVENUE","18 AVENUE","ADDRESS","BROOKLYN","76 STREET",,"Closed",,"2022 Jun 22 06:07:05 AM","11 BROOKLYN","BROOKLYN","984,896","162,768","Unspecified","BROOKLYN",,,,,,,,"40.61343694212","-73.99767325309","POINT (-73.997673253092 40.613436942123)"
"54571231","2022 Jun 22 05:40:41 AM","2022 Jun 22 05:40:41 AM","DOHMH","Department of Health and Mental Hygiene","Rodent","Rat Sighting","1-2 Family Dwelling","11223","42 LAKE STREET","LAKE STREET","KINGS HIGHWAY","AVENUE S","KINGS HIGHWAY","AVENUE S","ADDRESS","BROOKLYN","LAKE STREET",,"Closed",,"2022 Jun 22 05:40:41 AM","11 BROOKLYN","BROOKLYN","991,688","159,030","Unspecified","BROOKLYN",,,,,,,,"40.60317380013","-73.97321411232","POINT (-73.973214112319 40.603173800131)"
"54513936","2022 Jun 16 07:30:12 PM","2022 Jun 16 07:30:12 PM","DOHMH","Department of Health and Mental Hygiene","Rodent","Rat Sighting","3+ Family Apt. Building","11204","357 AVENUE P","AVENUE P","WEST 1 STREET","DAHILL ROAD","WEST    1 STREET","DAHILL ROAD","ADDRESS","BROOKLYN","AVENUE P",,"Closed",,"2022 Jun 16 07:30:12 PM","11 BROOKLYN","BROOKLYN","991,335","161,029","Unspecified","BROOKLYN",,,,,,,,"40.60866093589","-73.97448324654","POINT (-73.974483246542 40.608660935889)"
"54494671","2022 Jun 14 08:39:34 PM","2022 Jun 14 08:39:34 PM","DOHMH","Department of Health and Mental Hygiene","Rodent","Rat Sighting","1-2 Family Dwelling","11204","1410 WEST    7 STREET","WEST    7 STREET","BAY PARKWAY","AVENUE O","BAY PARKWAY","AVENUE O","ADDRESS","BROOKLYN","WEST    7 STREET",,"Closed",,"2022 Jun 14 08:39:34 PM","11 BROOKLYN","BROOKLYN","989,400","162,215","Unspecified","BROOKLYN",,,,,,,,"40.61191759803","-73.98145127873","POINT (-73.981451278726 40.611917598028)"
"54495956","2022 Jun 14 08:10:44 AM","2022 Jun 14 08:10:44 AM","DOHMH","Department of Health and Mental Hygiene","Rodent","Rat Sighting","3+ Family Apt. Building","11214","288 BAY   38 STREET","BAY   38 STREET","CROPSEY AVENUE","SHORE PARKWAY","CROPSEY AVENUE","SHORE PARKWAY","ADDRESS","BROOKLYN","BAY   38 STREET",,"Closed",,"2022 Jun 14 08:10:44 AM","11 BROOKLYN","BROOKLYN","985,933","155,274","Unspecified","BROOKLYN",,,,,,,,"40.59286730084","-73.99394007928","POINT (-73.99394007928 40.592867300841)"
"54478885","2022 Jun 13 01:49:48 PM","2022 Jun 13 01:49:48 PM","DOHMH","Department of Health and Mental Hygiene","Rodent","Rat Sighting","3+ Family Apt. Building","11214","1655 76 STREET","76 STREET","NEW UTRECHT AVENUE","17 AVENUE","NEW UTRECHT AVENUE","17 AVENUE","ADDRESS","BROOKLYN","76 STREET",,"Closed",,"2022 Jun 13 01:49:48 PM","11 BROOKLYN","BROOKLYN","984,284","163,254","Unspecified","BROOKLYN",,,,,,,,"40.61477093525","-73.99987753719","POINT (-73.999877537189 40.614770935248)"
"54482729","2022 Jun 13 10:45:18 AM","2022 Jun 13 10:45:18 AM","DOHMH","Department of Health and Mental Hygiene","Rodent","Rat Sighting","Commercial Building","11223","2001 STILLWELL AVENUE","STILLWELL AVENUE","85 STREET","86 STREET","85 STREET","86 STREET","ADDRESS","BROOKLYN","STILLWELL AVENUE",,"Closed",,"2022 Jun 13 10:45:18 AM","11 BROOKLYN","BROOKLYN","988,294","157,038","Unspecified","BROOKLYN",,,,,,,,"40.59770836279","-73.9854378513","POINT (-73.985437851302 40.597708362788)"
"54476223","2022 Jun 13 09:27:45 AM","2022 Jun 22 03:55:21 PM","DOHMH","Department of Health and Mental Hygiene","Rodent","Rat Sighting","1-2 Family Dwelling","11228","7901 15 AVENUE","15 AVENUE","79 STREET","80 STREET","79 STREET","80 STREET","ADDRESS","BROOKLYN","15 AVENUE",,"Closed",,"2022 Jun 13 09:27:45 AM","11 BROOKLYN","BROOKLYN","982,730","163,438","Unspecified","BROOKLYN",,,,,,,,"40.61527584689","-74.00547484943","POINT (-74.005474849426 40.615275846892)"
"54433223","2022 Jun 08 07:53:50 PM","2022 Jun 08 07:53:50 PM","DOHMH","Department of Health and Mental Hygiene","Rodent","Rat Sighting","3+ Family Apt. Building","11214","8675 BAY PARKWAY","BAY PARKWAY","86 STREET","BENSON AVENUE","86 STREET","BENSON AVENUE","ADDRESS","BROOKLYN","BAY PARKWAY",,"Closed",,"2022 Jun 08 07:53:50 PM","11 BROOKLYN","BROOKLYN","985,584","158,092","Unspecified","BROOKLYN",,,,,,,,"40.60060220169","-73.99519615523","POINT (-73.995196155233 40.600602201688)"
"54426826","2022 Jun 08 10:00:39 AM","2022 Jun 08 10:00:39 AM","DOHMH","Department of Health and Mental Hygiene","Rodent","Rat Sighting","3+ Family Mixed Use Building","11223","1675 WEST    9 STREET","WEST    9 STREET","AVENUE P","QUENTIN ROAD","AVENUE P","QUENTIN ROAD","ADDRESS","BROOKLYN","WEST    9 STREET",,"Closed",,"2022 Jun 08 10:00:39 AM","11 BROOKLYN","BROOKLYN","989,179","160,139","Unspecified","BROOKLYN",,,,,,,,"40.60621952962","-73.98224876816","POINT (-73.982248768164 40.606219529619)"
"54429436","2022 Jun 08 07:13:19 AM",,"DOHMH","Department of Health and Mental Hygiene","Rodent","Rat Sighting","3+ Family Apt. Building","11214","8855 BAY PARKWAY","BAY PARKWAY","CROPSEY AVENUE","BELT PARKWAY WB BAY PARKWAY EN","CROPSEY AVENUE","BELT PARKWAY WB BAY PARKWAY EN","ADDRESS","BROOKLYN","BAY PARKWAY",,"In Progress",,,"11 BROOKLYN","BROOKLYN","984,493","156,711","Unspecified","BROOKLYN",,,,,,,,"40.5968117331","-73.9991249865","POINT (-73.999124986498 40.596811733103)"
"54421112","2022 Jun 07 10:09:15 AM","2022 Jun 22 08:44:11 AM","DOHMH","Department of Health and Mental Hygiene","Rodent","Rat Sighting","3+ Family Apt. Building","11204","1529 DAHILL ROAD","DAHILL ROAD","64 STREET","65 STREET","64 STREET","65 STREET","ADDRESS","BROOKLYN","DAHILL ROAD",,"Closed",,"2022 Jun 07 10:09:15 AM","11 BROOKLYN","BROOKLYN","991,376","161,637","Unspecified","BROOKLYN",,,,,,,,"40.61032973817","-73.97433494276","POINT (-73.974334942756 40.610329738171)"
"54383374","2022 Jun 05 11:20:35 PM","2022 Jun 05 11:20:35 PM","DOHMH","Department of Health and Mental Hygiene","Rodent","Rat Sighting","3+ Family Mixed Use Building","11214","1844 BATH AVENUE","BATH AVENUE","BAY 19 STREET","RACHEL PALISENO WAY","BAY   19 STREET","RACHEL PALISENO WAY","ADDRESS","BROOKLYN","BATH AVENUE",,"Closed",,"2022 Jun 05 11:20:35 PM","11 BROOKLYN","BROOKLYN","982,897","159,035","Unspecified","BROOKLYN",,,,,,,,"40.60319054225","-74.00487245423","POINT (-74.004872454231 40.603190542247)"
"54390374","2022 Jun 05 04:15:22 PM","2022 Jun 05 04:15:22 PM","DOHMH","Department of Health and Mental Hygiene","Rodent","Rat Sighting","3+ Family Apt. Building","11223","225 AVENUE T","AVENUE T","WEST 5 STREET","WEST 4 STREET","WEST    5 STREET","WEST    4 STREET","ADDRESS","BROOKLYN","AVENUE T",,"Closed",,"2022 Jun 05 04:15:22 PM","11 BROOKLYN","BROOKLYN","990,759","157,481","Unspecified","BROOKLYN",,,,,,,,"40.59892284062","-73.97656113981","POINT (-73.976561139806 40.598922840617)"
"54374290","2022 Jun 04 10:09:28 AM","2022 Jun 04 10:09:28 AM","DOHMH","Department of Health and Mental Hygiene","Rodent","Rat Sighting","Catch Basin/Sewer","11204","127 AVENUE P","AVENUE P","WEST 11 STREET","WEST 10 STREET","WEST   11 STREET","WEST   10 STREET","ADDRESS","BROOKLYN","AVENUE P",,"Closed",,"2022 Jun 04 10:09:28 AM","11 BROOKLYN","BROOKLYN","988,799","160,662","Unspecified","BROOKLYN",,,,,,,,"40.60765526085","-73.98361694256","POINT (-73.983616942559 40.607655260852)"
"54368888","2022 Jun 03 07:44:34 PM","2022 Jun 07 01:31:41 PM","DOHMH","Department of Health and Mental Hygiene","Rodent","Rat Sighting","3+ Family Apt. Building","11204","2321 65 STREET","65 STREET","23 AVENUE","WEST 4 STREET","23 AVENUE","WEST    4 STREET","ADDRESS","BROOKLYN","65 STREET",,"Closed",,"2022 Jun 03 07:44:34 PM","11 BROOKLYN","BROOKLYN","990,175","162,307","Unspecified","BROOKLYN",,,,,,,,"40.61216963475","-73.97865988568","POINT (-73.97865988568 40.612169634745)"
"54360343","2022 Jun 03 03:43:30 PM","2022 Jun 03 03:43:30 PM","DOHMH","Department of Health and Mental Hygiene","Rodent","Rat Sighting","Other (Explain Below)","11228","7901 15 AVENUE","15 AVENUE","79 STREET","80 STREET","79 STREET","80 STREET","ADDRESS","BROOKLYN","15 AVENUE",,"Closed",,"2022 Jun 03 03:43:30 PM","11 BROOKLYN","BROOKLYN","982,730","163,438","Unspecified","BROOKLYN",,,,,,,,"40.61527584689","-74.00547484943","POINT (-74.005474849426 40.615275846892)"
"54310060","2022 May 28 10:38:54 PM","2022 May 28 10:38:54 PM","DOHMH","Department of Health and Mental Hygiene","Rodent","Rat Sighting","3+ Family Apt. Building","11214","180 BAY   20 STREET","BAY   20 STREET","RACHEL PALISENO WAY","CROPSEY AVENUE","RACHEL PALISENO WAY","CROPSEY AVENUE","ADDRESS","BROOKLYN","BAY   20 STREET",,"Closed",,"2022 May 28 10:38:54 PM","11 BROOKLYN","BROOKLYN","982,864","158,874","Unspecified","BROOKLYN",,,,,,,,"40.6027486249","-74.00499126154","POINT (-74.004991261542 40.6027486249)"
"54306106","2022 May 28 10:47:29 AM","2022 May 28 10:47:29 AM","DOHMH","Department of Health and Mental Hygiene","Rodent","Rat Sighting","3+ Family Apt. Building","11204","1545 DAHILL ROAD","DAHILL ROAD","64 STREET","65 STREET","64 STREET","65 STREET","ADDRESS","BROOKLYN","DAHILL ROAD",,"Closed",,"2022 May 28 10:47:29 AM","11 BROOKLYN","BROOKLYN","991,388","161,555","Unspecified","BROOKLYN",,,,,,,,"40.61010465537","-73.97429181014","POINT (-73.974291810139 40.610104655366)"
"54297979","2022 May 27 12:47:20 PM","2022 May 27 12:47:20 PM","DOHMH","Department of Health and Mental Hygiene","Rodent","Rat Sighting","3+ Family Apt. Building","11223","1710 WEST    4 STREET","WEST    4 STREET","QUENTIN ROAD","KINGS HIGHWAY","QUENTIN ROAD","KINGS HIGHWAY","ADDRESS","BROOKLYN","WEST    4 STREET",,"Closed",,"2022 May 27 12:47:20 PM","11 BROOKLYN","BROOKLYN","990,552","159,977","Unspecified","BROOKLYN",,,,,,,,"40.60577400266","-73.97730421648","POINT (-73.977304216477 40.605774002664)"
"54261866","2022 May 23 02:02:39 PM","2022 May 23 02:02:39 PM","DOHMH","Department of Health and Mental Hygiene","Rodent","Rat Sighting","1-2 Family Dwelling","11214","177 BAY   20 STREET","BAY   20 STREET","RACHEL PALISENO WAY","CROPSEY AVENUE","RACHEL PALISENO WAY","CROPSEY AVENUE","ADDRESS","BROOKLYN","BAY   20 STREET",,"Closed",,"2022 May 23 02:02:39 PM","11 BROOKLYN","BROOKLYN","982,877","158,881","Unspecified","BROOKLYN",,,,,,,,"40.6027678405","-74.00494444738","POINT (-74.00494444738 40.6027678405)"
"54257133","2022 May 22 12:01:53 PM","2022 May 22 12:01:53 PM","DOHMH","Department of Health and Mental Hygiene","Rodent","Rat Sighting","Other (Explain Below)","11214","1895 SHORE PARKWAY","SHORE PARKWAY","BAY 41 STREET","26 AVENUE","BAY   41 STREET","26 AVENUE","ADDRESS","BROOKLYN","SHORE PARKWAY",,"Closed",,"2022 May 22 12:01:53 PM","11 BROOKLYN","BROOKLYN","986,288","154,270","Unspecified","BROOKLYN",,,,,,,,"40.5901114475","-73.99266214572","POINT (-73.992662145716 40.590111447501)"
"54241462","2022 May 21 06:27:30 PM","2022 May 21 06:27:30 PM","DOHMH","Department of Health and Mental Hygiene","Rodent","Rat Sighting","3+ Family Apt. Building","11214","8001 NEW UTRECHT AVENUE","NEW UTRECHT AVENUE","NEW UTRECHT AVENUE","18 AVENUE","NEW UTRECHT AVENUE","18 AVENUE","ADDRESS","BROOKLYN","NEW UTRECHT AVENUE",,"Closed",,"2022 May 21 06:27:30 PM","11 BROOKLYN","BROOKLYN","984,022","162,089","Unspecified","BROOKLYN",,,,,,,,"40.61157324765","-74.00082118186","POINT (-74.000821181865 40.611573247647)"
"54208446","2022 May 18 11:01:25 AM","2022 May 18 11:01:25 AM","DOHMH","Department of Health and Mental Hygiene","Rodent","Rat Sighting","3+ Family Apt. Building","11204","1529 DAHILL ROAD","DAHILL ROAD","64 STREET","65 STREET","64 STREET","65 STREET","ADDRESS","BROOKLYN","DAHILL ROAD",,"Closed",,"2022 May 18 11:01:25 AM","11 BROOKLYN","BROOKLYN","991,376","161,637","Unspecified","BROOKLYN",,,,,,,,"40.61032973817","-73.97433494276","POINT (-73.974334942756 40.610329738171)"
"54207051","2022 May 18 08:03:59 AM","2022 May 18 08:03:59 AM","DOHMH","Department of Health and Mental Hygiene","Rodent","Rat Sighting","3+ Family Mixed Use Building","11204","1529 DAHILL ROAD","DAHILL ROAD","64 STREET","65 STREET","64 STREET","65 STREET","ADDRESS","BROOKLYN","DAHILL ROAD",,"Closed",,"2022 May 18 08:03:59 AM","11 BROOKLYN","BROOKLYN","991,376","161,637","Unspecified","BROOKLYN",,,,,,,,"40.61032973817","-73.97433494276","POINT (-73.974334942756 40.610329738171)"
"54198585","2022 May 17 05:28:19 PM","2022 May 20 12:25:42 PM","DOHMH","Department of Health and Mental Hygiene","Rodent","Rat Sighting","1-2 Family Mixed Use Building","11219","1531 67 STREET","67 STREET","NEW UTRECHT AVENUE","DURYEA COURT","NEW UTRECHT AVENUE","DURYEA COURT","ADDRESS","BROOKLYN","67 STREET",,"Closed",,"2022 May 17 05:28:19 PM","11 BROOKLYN","BROOKLYN","984,873","165,650","Unspecified","BROOKLYN",,,,,,,,"40.62134743596","-73.99775582799","POINT (-73.997755827991 40.62134743596)"
"54166347","2022 May 14 04:30:14 PM","2022 May 14 04:30:14 PM","DOHMH","Department of Health and Mental Hygiene","Rodent","Rat Sighting","Other (Explain Below)","11204","2440 63 STREET","63 STREET","63 STREET","DAHILL ROAD","63 STREET","DAHILL ROAD","ADDRESS","BROOKLYN",,,"Closed",,"2022 May 14 04:30:14 PM","11 BROOKLYN","BROOKLYN","991,234","162,158","Unspecified","BROOKLYN",,,,,,,,"40.61175988903","-73.9748458322","POINT (-73.974845832204 40.611759889029)"
"54155724","2022 May 13 02:52:53 PM","2022 May 13 02:52:53 PM","DOHMH","Department of Health and Mental Hygiene","Rodent","Rat Sighting","Other (Explain Below)","11223","1901 WEST    8 STREET","WEST    8 STREET","HIGHLAWN AVENUE","AVENUE S","HIGHLAWN AVENUE","AVENUE S","ADDRESS","BROOKLYN","WEST    8 STREET",,"Closed",,"2022 May 13 02:52:53 PM","11 BROOKLYN","BROOKLYN","989,740","158,084","Unspecified","BROOKLYN",,,,,,,,"40.60057864325","-73.98023006096","POINT (-73.980230060963 40.600578643246)"
"54128204","2022 May 10 10:14:24 PM","2022 May 10 10:14:24 PM","DOHMH","Department of Health and Mental Hygiene","Rodent","Rat Sighting","Other (Explain Below)","11204","1410 WEST    7 STREET","WEST    7 STREET","BAY PARKWAY","AVENUE O","BAY PARKWAY","AVENUE O","ADDRESS","BROOKLYN","WEST    7 STREET",,"Closed",,"2022 May 10 10:14:24 PM","11 BROOKLYN","BROOKLYN","989,400","162,215","Unspecified","BROOKLYN",,,,,,,,"40.61191759803","-73.98145127873","POINT (-73.981451278726 40.611917598028)"
"54129321","2022 May 10 06:12:41 PM","2022 May 17 10:30:00 AM","DOHMH","Department of Health and Mental Hygiene","Rodent","Rat Sighting","1-2 Family Dwelling","11228","1446 83 STREET","83 STREET","14 AVENUE","15 AVENUE","14 AVENUE","15 AVENUE","ADDRESS","BROOKLYN","83 STREET",,"Closed",,"2022 May 10 06:12:41 PM","11 BROOKLYN","BROOKLYN","981,833","162,868","Unspecified","BROOKLYN",,,,,,,,"40.61371111538","-74.00870552691","POINT (-74.008705526909 40.613711115381)"
"54108051","2022 May 07 03:31:14 PM","2022 May 07 03:31:14 PM","DOHMH","Department of Health and Mental Hygiene","Rodent","Rat Sighting","1-2 Family Dwelling","11223","307 KINGS HIGHWAY","KINGS HIGHWAY","WEST 6 STREET","WEST 5 STREET","WEST    6 STREET","WEST    5 STREET","ADDRESS","BROOKLYN","KINGS HIGHWAY",,"Closed",,"2022 May 07 03:31:14 PM","11 BROOKLYN","BROOKLYN","990,090","159,715","Unspecified","BROOKLYN",,,,,,,,"40.60505518267","-73.97896827221","POINT (-73.978968272213 40.605055182668)"
"54093338","2022 May 05 05:59:58 PM","2022 May 05 05:59:58 PM","DOHMH","Department of Health and Mental Hygiene","Rodent","Rat Sighting","3+ Family Apt. Building","11204","1529 DAHILL ROAD","DAHILL ROAD","64 STREET","65 STREET","64 STREET","65 STREET","ADDRESS","BROOKLYN","DAHILL ROAD",,"Closed",,"2022 May 05 05:59:58 PM","11 BROOKLYN","BROOKLYN","991,376","161,637","Unspecified","BROOKLYN",,,,,,,,"40.61032973817","-73.97433494276","POINT (-73.974334942756 40.610329738171)"
"54093341","2022 May 05 12:27:33 PM","2022 May 05 12:27:33 PM","DOHMH","Department of Health and Mental Hygiene","Rodent","Rat Sighting","Other (Explain Below)","11223","320 KINGS HIGHWAY","KINGS HIGHWAY","WEST 6 STREET","WEST 5 STREET","WEST    6 STREET","WEST    5 STREET","ADDRESS","BROOKLYN","KINGS HIGHWAY",,"Closed",,"2022 May 05 12:27:33 PM","11 BROOKLYN","BROOKLYN","990,200","159,688","Unspecified","BROOKLYN",,,,,,,,"40.604981","-73.97857215046","POINT (-73.978572150456 40.604981000003)"
"54084116","2022 May 04 07:20:04 PM","2022 May 04 07:20:04 PM","DOHMH","Department of Health and Mental Hygiene","Rodent","Rat Sighting","3+ Family Apt. Building","11204","1529 DAHILL ROAD","DAHILL ROAD","64 STREET","65 STREET","64 STREET","65 STREET","ADDRESS","BROOKLYN","DAHILL ROAD",,"Closed",,"2022 May 04 07:20:04 PM","11 BROOKLYN","BROOKLYN","991,376","161,637","Unspecified","BROOKLYN",,,,,,,,"40.61032973817","-73.97433494276","POINT (-73.974334942756 40.610329738171)"
"54082011","2022 May 04 08:17:15 AM",,"DOHMH","Department of Health and Mental Hygiene","Rodent","Rat Sighting","Other (Explain Below)","11204","23 AVENUE","23 AVENUE","23 AVENUE","61 STREET","23 AVENUE","61 STREET","INTERSECTION",,,,"In Progress",,,"11 BROOKLYN","BROOKLYN","990,684","163,257","Unspecified","BROOKLYN",,,,,,,,"40.61477683367","-73.97682571166","POINT (-73.976825711663 40.614776833672)"
"54075815","2022 May 03 09:25:38 PM",,"DOHMH","Department of Health and Mental Hygiene","Rodent","Rat Sighting","Other (Explain Below)","11204","23 AVENUE","23 AVENUE","23 AVENUE","61 STREET","23 AVENUE","61 STREET","INTERSECTION",,,,"In Progress",,,"11 BROOKLYN","BROOKLYN","990,684","163,257","Unspecified","BROOKLYN",,,,,,,,"40.61477683367","-73.97682571166","POINT (-73.976825711663 40.614776833672)"
"54057459","2022 May 01 05:13:33 PM","2022 May 01 05:13:33 PM","DOHMH","Department of Health and Mental Hygiene","Rodent","Rat Sighting","3+ Family Apt. Building","11204","1529 DAHILL ROAD","DAHILL ROAD","64 STREET","65 STREET","64 STREET","65 STREET","ADDRESS","BROOKLYN","DAHILL ROAD",,"Closed",,"2022 May 01 05:13:33 PM","11 BROOKLYN","BROOKLYN","991,376","161,637","Unspecified","BROOKLYN",,,,,,,,"40.61032973817","-73.97433494276","POINT (-73.974334942756 40.610329738171)"
"54017572","2022 Apr 26 11:48:38 AM","2022 Apr 26 11:48:38 AM","DOHMH","Department of Health and Mental Hygiene","Rodent","Rat Sighting","School/Pre-School","11204","6500 16 AVENUE","16 AVENUE","65 STREET","ASST PRINCIPAL LINDA A ROMANO PL","65 STREET","ASST PRINCIPAL LINDA A ROMANO PL","ADDRESS","BROOKLYN","16 AVENUE",,"Closed",,"2022 Apr 26 11:48:38 AM","11 BROOKLYN","BROOKLYN","985,632","165,855","Unspecified","BROOKLYN",,,,,,,,"40.62191003231","-73.99502171451","POINT (-73.99502171451 40.621910032305)"
"54013308","2022 Apr 26 08:31:49 AM","2022 Apr 26 08:31:49 AM","DOHMH","Department of Health and Mental Hygiene","Rodent","Rat Sighting","3+ Family Apt. Building","11204","1318 WEST    6 STREET","WEST    6 STREET","65 STREET","AVENUE O","65 STREET","AVENUE O","ADDRESS","BROOKLYN","WEST    6 STREET",,"Closed",,"2022 Apr 26 08:31:49 AM","11 BROOKLYN","BROOKLYN","989,635","162,540","Unspecified","BROOKLYN",,,,,,,,"40.61280951635","-73.98060462161","POINT (-73.980604621614 40.612809516352)"
"54016522","2022 Apr 26 06:52:18 AM","2022 Apr 26 06:52:18 AM","DOHMH","Department of Health and Mental Hygiene","Rodent","Rat Sighting","Catch Basin/Sewer","11214","2204 86 STREET","86 STREET","BAY PARKWAY","BAY 31 STREET","BAY PARKWAY","BAY   31 STREET","ADDRESS","BROOKLYN","86 STREET",,"Closed",,"2022 Apr 26 06:52:18 AM","11 BROOKLYN","BROOKLYN","986,019","158,539","Unspecified","BROOKLYN",,,,,,,,"40.60182904981","-73.99362956706","POINT (-73.993629567055 40.601829049812)"
"54005480","2022 Apr 25 02:19:44 PM","2022 Apr 25 02:19:44 PM","DOHMH","Department of Health and Mental Hygiene","Rodent","Rat Sighting","3+ Family Apt. Building","11204","6411 23 AVENUE","23 AVENUE","64 STREET","65 STREET","64 STREET","65 STREET","ADDRESS","BROOKLYN","23 AVENUE",,"Closed",,"2022 Apr 25 02:19:44 PM","11 BROOKLYN","BROOKLYN","990,162","162,596","Unspecified","BROOKLYN",,,,,,,,"40.61296288885","-73.97870645485","POINT (-73.978706454845 40.612962888851)"
"53998184","2022 Apr 24 02:21:38 PM","2022 Apr 24 02:21:38 PM","DOHMH","Department of Health and Mental Hygiene","Rodent","Rat Sighting","Other (Explain Below)","11214","2203 86 STREET","86 STREET","BAY PARKWAY","BAY 31 STREET","BAY PARKWAY","BAY   31 STREET","ADDRESS","BROOKLYN","86 STREET",,"Closed",,"2022 Apr 24 02:21:38 PM","11 BROOKLYN","BROOKLYN","986,015","158,549","Unspecified","BROOKLYN",,,,,,,,"40.60185649858","-73.99364396904","POINT (-73.993643969039 40.601856498578)"
"53998180","2022 Apr 24 11:54:20 AM","2022 Apr 24 11:54:20 AM","DOHMH","Department of Health and Mental Hygiene","Rodent","Rat Sighting","3+ Family Apt. Building","11204","1529 DAHILL ROAD","DAHILL ROAD","64 STREET","65 STREET","64 STREET","65 STREET","ADDRESS","BROOKLYN","DAHILL ROAD",,"Closed",,"2022 Apr 24 11:54:20 AM","11 BROOKLYN","BROOKLYN","991,376","161,637","Unspecified","BROOKLYN",,,,,,,,"40.61032973817","-73.97433494276","POINT (-73.974334942756 40.610329738171)"
"53991423","2022 Apr 23 07:52:54 PM","2022 Apr 23 07:52:54 PM","DOHMH","Department of Health and Mental Hygiene","Rodent","Rat Sighting","3+ Family Apt. Building","11204","1529 DAHILL ROAD","DAHILL ROAD","64 STREET","65 STREET","64 STREET","65 STREET","ADDRESS","BROOKLYN","DAHILL ROAD",,"Closed",,"2022 Apr 23 07:52:54 PM","11 BROOKLYN","BROOKLYN","991,376","161,637","Unspecified","BROOKLYN",,,,,,,,"40.61032973817","-73.97433494276","POINT (-73.974334942756 40.610329738171)"
"53990380","2022 Apr 23 07:44:12 PM","2022 Apr 23 07:44:12 PM","DOHMH","Department of Health and Mental Hygiene","Rodent","Rat Sighting","3+ Family Apt. Building","11204","1529 DAHILL ROAD","DAHILL ROAD","64 STREET","65 STREET","64 STREET","65 STREET","ADDRESS","BROOKLYN","DAHILL ROAD",,"Closed",,"2022 Apr 23 07:44:12 PM","11 BROOKLYN","BROOKLYN","991,376","161,637","Unspecified","BROOKLYN",,,,,,,,"40.61032973817","-73.97433494276","POINT (-73.974334942756 40.610329738171)"
"53982804","2022 Apr 22 04:46:32 PM","2022 Apr 22 04:46:32 PM","DOHMH","Department of Health and Mental Hygiene","Rodent","Rat Sighting","Other (Explain Below)","11204","1451 DAHILL ROAD","DAHILL ROAD","62 STREET","63 STREET","62 STREET","63 STREET","ADDRESS","BROOKLYN","DAHILL ROAD",,"Closed",,"2022 Apr 22 04:46:32 PM","11 BROOKLYN","BROOKLYN","991,264","162,422","Unspecified","BROOKLYN",,,,,,,,"40.61248449093","-73.97473750744","POINT (-73.974737507443 40.612484490934)"
"53984963","2022 Apr 22 02:24:07 PM",,"DOHMH","Department of Health and Mental Hygiene","Rodent","Rat Sighting","Other (Explain Below)","11223","LLOYD COURT","LLOYD COURT","LLOYD COURT","WEST    3 STREET","LLOYD COURT","WEST    3 STREET","INTERSECTION",,,,"In Progress",,,"11 BROOKLYN","BROOKLYN","990,975","158,878","Unspecified","BROOKLYN",,,,,,,,"40.60275716082","-73.97578193465","POINT (-73.975781934655 40.602757160817)"
"53933265","2022 Apr 16 02:44:31 PM","2022 Apr 16 02:44:31 PM","DOHMH","Department of Health and Mental Hygiene","Rodent","Rat Sighting","3+ Family Apt. Building","11204","2321 65 STREET","65 STREET","23 AVENUE","WEST 4 STREET","23 AVENUE","WEST    4 STREET","ADDRESS","BROOKLYN","65 STREET",,"Closed",,"2022 Apr 16 02:44:31 PM","11 BROOKLYN","BROOKLYN","990,175","162,307","Unspecified","BROOKLYN",,,,,,,,"40.61216963475","-73.97865988568","POINT (-73.97865988568 40.612169634745)"
"53839607","2022 Apr 05 01:32:47 PM","2022 Apr 05 01:32:47 PM","DOHMH","Department of Health and Mental Hygiene","Rodent","Rat Sighting","1-2 Family Dwelling","11219","1531 67 STREET","67 STREET","NEW UTRECHT AVENUE","DURYEA COURT","NEW UTRECHT AVENUE","DURYEA COURT","ADDRESS","BROOKLYN","67 STREET",,"Closed",,"2022 Apr 05 01:32:47 PM","11 BROOKLYN","BROOKLYN","984,873","165,650","Unspecified","BROOKLYN",,,,,,,,"40.62134743596","-73.99775582799","POINT (-73.997755827991 40.62134743596)"
"53839606","2022 Apr 05 11:39:34 AM","2022 Apr 05 11:39:34 AM","DOHMH","Department of Health and Mental Hygiene","Rodent","Rat Sighting","3+ Family Apt. Building","11230","264 AVENUE O","AVENUE O","DAHILL ROAD","MCDONALD AVENUE","DAHILL ROAD","MCDONALD AVENUE","ADDRESS","BROOKLYN","AVENUE O",,"Closed",,"2022 Apr 05 11:39:34 AM","11 BROOKLYN","BROOKLYN","991,369","161,978","Unspecified","BROOKLYN",,,,,,,,"40.61126571866","-73.97435979452","POINT (-73.974359794523 40.611265718656)"
"53817794","2022 Apr 03 12:16:13 PM","2022 Apr 03 12:16:13 PM","DOHMH","Department of Health and Mental Hygiene","Rodent","Rat Sighting","1-2 Family Mixed Use Building","11204","1580 DAHILL ROAD","DAHILL ROAD","65 STREET","AVENUE P","65 STREET","AVENUE P","ADDRESS","BROOKLYN","DAHILL ROAD",,"Closed",,"2022 Apr 03 12:16:13 PM","11 BROOKLYN","BROOKLYN","991,422","161,279","Unspecified","BROOKLYN",,,,,,,,"40.6093470646","-73.97416964901","POINT (-73.974169649012 40.609347064602)"
"53809470","2022 Apr 02 07:14:04 AM","2022 Apr 02 07:14:04 AM","DOHMH","Department of Health and Mental Hygiene","Rodent","Rat Sighting","3+ Family Apt. Building","11214","1846 BATH AVENUE","BATH AVENUE","BAY 19 STREET","RACHEL PALISENO WAY","BAY   19 STREET","RACHEL PALISENO WAY","ADDRESS","BROOKLYN","BATH AVENUE",,"Closed",,"2022 Apr 02 07:14:04 AM","11 BROOKLYN","BROOKLYN","982,910","159,027","Unspecified","BROOKLYN",,,,,,,,"40.60316858585","-74.00482563675","POINT (-74.00482563675 40.60316858585)"
"53807347","2022 Apr 01 06:26:21 PM","2022 Apr 01 06:26:21 PM","DOHMH","Department of Health and Mental Hygiene","Rodent","Rat Sighting","Other (Explain Below)","11204","1614 64 STREET","64 STREET","16 AVENUE","17 AVENUE","16 AVENUE","17 AVENUE","ADDRESS","BROOKLYN","64 STREET",,"Closed",,"2022 Apr 01 06:26:21 PM","11 BROOKLYN","BROOKLYN","986,002","165,967","Unspecified","BROOKLYN",,,,,,,,"40.62221738348","-73.99368885938","POINT (-73.993688859375 40.622217383481)"
"53805159","2022 Apr 01 10:02:38 AM","2022 Apr 01 11:36:48 AM","DOHMH","Department of Health and Mental Hygiene","Rodent","Rat Sighting","3+ Family Apt. Building","11230","264 AVENUE O","AVENUE O","DAHILL ROAD","MCDONALD AVENUE","DAHILL ROAD","MCDONALD AVENUE","ADDRESS","BROOKLYN","AVENUE O",,"Closed",,"2022 Apr 01 10:02:38 AM","11 BROOKLYN","BROOKLYN","991,369","161,978","Unspecified","BROOKLYN",,,,,,,,"40.61126571866","-73.97435979452","POINT (-73.974359794523 40.611265718656)"
"53805160","2022 Apr 01 10:01:31 AM","2022 Apr 01 10:01:31 AM","DOHMH","Department of Health and Mental Hygiene","Rodent","Rat Sighting","3+ Family Apt. Building","11204","1529 DAHILL ROAD","DAHILL ROAD","64 STREET","65 STREET","64 STREET","65 STREET","ADDRESS","BROOKLYN","DAHILL ROAD",,"Closed",,"2022 Apr 01 10:01:31 AM","11 BROOKLYN","BROOKLYN","991,376","161,637","Unspecified","BROOKLYN",,,,,,,,"40.61032973817","-73.97433494276","POINT (-73.974334942756 40.610329738171)"
"53791847","2022 Mar 31 10:45:46 AM","2022 Mar 31 10:45:46 AM","DOHMH","Department of Health and Mental Hygiene","Rodent","Rat Sighting","School/Pre-School","11228","8101 15 AVENUE","15 AVENUE","15 AVENUE","82 STREET","15 AVENUE","82 STREET","ADDRESS","BROOKLYN",,,"Closed",,"2022 Mar 31 10:45:46 AM","11 BROOKLYN","BROOKLYN","982,407","163,031","Unspecified","BROOKLYN",,,,,,,,"40.61415865471","-74.00663814383","POINT (-74.006638143834 40.614158654712)"
"53788412","2022 Mar 30 02:48:49 PM","2022 Mar 30 03:23:28 PM","DOHMH","Department of Health and Mental Hygiene","Rodent","Rat Sighting","3+ Family Apt. Building","11214","288 BAY   38 STREET","BAY   38 STREET","CROPSEY AVENUE","SHORE PARKWAY","CROPSEY AVENUE","SHORE PARKWAY","ADDRESS","BROOKLYN","BAY   38 STREET",,"Closed",,"2022 Mar 30 02:48:49 PM","11 BROOKLYN","BROOKLYN","985,933","155,274","Unspecified","BROOKLYN",,,,,,,,"40.59286730084","-73.99394007928","POINT (-73.99394007928 40.592867300841)"
"53783826","2022 Mar 30 12:55:38 PM","2022 Mar 30 01:11:56 PM","DOHMH","Department of Health and Mental Hygiene","Rodent","Rat Sighting","3+ Family Apt. Building","11230","264 AVENUE O","AVENUE O","DAHILL ROAD","MCDONALD AVENUE","DAHILL ROAD","MCDONALD AVENUE","ADDRESS","BROOKLYN","AVENUE O",,"Closed",,"2022 Mar 30 12:55:38 PM","11 BROOKLYN","BROOKLYN","991,369","161,978","Unspecified","BROOKLYN",,,,,,,,"40.61126571866","-73.97435979452","POINT (-73.974359794523 40.611265718656)"
"53790775","2022 Mar 30 12:54:25 PM","2022 Mar 30 12:54:25 PM","DOHMH","Department of Health and Mental Hygiene","Rodent","Rat Sighting","3+ Family Apt. Building","11204","1529 DAHILL ROAD","DAHILL ROAD","64 STREET","65 STREET","64 STREET","65 STREET","ADDRESS","BROOKLYN","DAHILL ROAD",,"Closed",,"2022 Mar 30 12:54:25 PM","11 BROOKLYN","BROOKLYN","991,376","161,637","Unspecified","BROOKLYN",,,,,,,,"40.61032973817","-73.97433494276","POINT (-73.974334942756 40.610329738171)"
"53773990","2022 Mar 29 09:24:56 AM","2022 Mar 29 09:24:56 AM","DOHMH","Department of Health and Mental Hygiene","Rodent","Rat Sighting","Other (Explain Below)","11204","1513 DAHILL ROAD","DAHILL ROAD","AVENUE O","64 STREET","AVENUE O","64 STREET","ADDRESS","BROOKLYN","DAHILL ROAD",,"Closed",,"2022 Mar 29 09:24:56 AM","11 BROOKLYN","BROOKLYN","991,348","161,835","Unspecified","BROOKLYN",,,,,,,,"40.61087322993","-73.97443557965","POINT (-73.974435579652 40.610873229928)"
"53764901","2022 Mar 28 01:45:06 PM","2022 Mar 28 01:45:06 PM","DOHMH","Department of Health and Mental Hygiene","Rodent","Rat Sighting","3+ Family Apt. Building","11204","2325 65 STREET","65 STREET","23 AVENUE","WEST 4 STREET","23 AVENUE","WEST    4 STREET","ADDRESS","BROOKLYN","65 STREET",,"Closed",,"2022 Mar 28 01:45:06 PM","11 BROOKLYN","BROOKLYN","990,199","162,288","Unspecified","BROOKLYN",,,,,,,,"40.61211746758","-73.97857346145","POINT (-73.978573461453 40.612117467579)"
"53751798","2022 Mar 26 01:26:45 PM","2022 Mar 26 01:26:45 PM","DOHMH","Department of Health and Mental Hygiene","Rodent","Rat Sighting","1-2 Family Dwelling","11223","1958 WEST    5 STREET","WEST    5 STREET","AVENUE S","AVENUE T","AVENUE S","AVENUE T","ADDRESS","BROOKLYN","WEST    5 STREET",,"Closed",,"2022 Mar 26 01:26:45 PM","11 BROOKLYN","BROOKLYN","990,597","157,841","Unspecified","BROOKLYN",,,,,,,,"40.59991108519","-73.97714416232","POINT (-73.977144162319 40.599911085194)"
"53684863","2022 Mar 18 11:40:00 AM","2022 Mar 18 11:40:00 AM","DOHMH","Department of Health and Mental Hygiene","Rodent","Rat Sighting","Other (Explain Below)","11214","204 BAY   20 STREET","BAY   20 STREET","RACHEL PALISENO WAY","CROPSEY AVENUE","RACHEL PALISENO WAY","CROPSEY AVENUE","ADDRESS","BROOKLYN","BAY   20 STREET",,"Closed",,"2022 Mar 18 11:40:00 AM","11 BROOKLYN","BROOKLYN","982,760","158,743","Unspecified","BROOKLYN",,,,,,,,"40.60238903966","-74.00536575732","POINT (-74.005365757319 40.602389039659)"
"53622981","2022 Mar 11 07:01:54 PM","2022 Mar 11 07:01:54 PM","DOHMH","Department of Health and Mental Hygiene","Rodent","Rat Sighting","Commercial Building","11214","2227 86 STREET","86 STREET","BAY 31 STREET","BAY 32 STREET","BAY   31 STREET","BAY   32 STREET","ADDRESS","BROOKLYN","86 STREET",,"Closed",,"2022 Mar 11 07:01:54 PM","11 BROOKLYN","BROOKLYN","986,212","158,389","Unspecified","BROOKLYN",,,,,,,,"40.60141728965","-73.99293458883","POINT (-73.992934588831 40.601417289645)"
"53617702","2022 Mar 11 09:17:42 AM","2022 Mar 11 09:17:42 AM","DOHMH","Department of Health and Mental Hygiene","Rodent","Rat Sighting","3+ Family Apt. Building","11204","1479 DAHILL ROAD","DAHILL ROAD","62 STREET","63 STREET","62 STREET","63 STREET","ADDRESS","BROOKLYN","DAHILL ROAD",,"Closed",,"2022 Mar 11 09:17:42 AM","11 BROOKLYN","BROOKLYN","991,292","162,230","Unspecified","BROOKLYN",,,,,,,,"40.61195746829","-73.9746368594","POINT (-73.974636859403 40.611957468294)"
"53596732","2022 Mar 08 08:59:13 AM","2022 Mar 08 08:59:13 AM","DOHMH","Department of Health and Mental Hygiene","Rodent","Rat Sighting","School/Pre-School","11223","2130 MCDONALD AVENUE","MCDONALD AVENUE","AVENUE S","AVENUE T","AVENUE S","AVENUE T","ADDRESS","BROOKLYN","MCDONALD AVENUE",,"Closed",,"2022 Mar 08 08:59:13 AM","11 BROOKLYN","BROOKLYN","991,819","158,090","Unspecified","BROOKLYN",,,,,,,,"40.60059358028","-73.97274340561","POINT (-73.972743405612 40.600593580281)"
"53589477","2022 Mar 07 02:08:57 PM","2022 Mar 07 02:08:57 PM","DOHMH","Department of Health and Mental Hygiene","Rodent","Rat Sighting","Vacant Lot","11223","2098 MCDONALD AVENUE","MCDONALD AVENUE","AVENUE S","AVENUE T","AVENUE S","AVENUE T","ADDRESS","BROOKLYN","MCDONALD AVENUE",,"Closed",,"2022 Mar 07 02:08:57 PM","11 BROOKLYN","BROOKLYN","991,841","158,301","Unspecified","BROOKLYN",,,,,,,,"40.60117271363","-73.97266394468","POINT (-73.972663944683 40.601172713632)"
"53477764","2022 Feb 27 01:06:09 AM","2022 Feb 27 01:06:09 AM","DOHMH","Department of Health and Mental Hygiene","Rodent","Rat Sighting","3+ Family Apt. Building","11223","1601 DAHILL ROAD","DAHILL ROAD","AVENUE P","QUENTIN ROAD","AVENUE P","QUENTIN ROAD","ADDRESS","BROOKLYN","DAHILL ROAD",,"Closed",,"2022 Feb 27 01:06:09 AM","11 BROOKLYN","BROOKLYN","991,481","160,927","Unspecified","BROOKLYN",,,,,,,,"40.60838084887","-73.97395753419","POINT (-73.97395753419 40.608380848869)"
"53350194","2022 Feb 12 12:52:22 PM","2022 Feb 12 12:52:22 PM","DOHMH","Department of Health and Mental Hygiene","Rodent","Rat Sighting","Other (Explain Below)","11204","7401 16 AVENUE","16 AVENUE","74 STREET","BAY RIDGE PARKWAY","74 STREET","BAY RIDGE PARKWAY","ADDRESS","BROOKLYN","16 AVENUE",,"Closed",,"2022 Feb 12 12:52:22 PM","11 BROOKLYN","BROOKLYN","984,171","164,001","Unspecified","BROOKLYN",,,,,,,,"40.61682129535","-74.00028455468","POINT (-74.000284554683 40.616821295351)"
"53324749","2022 Feb 10 12:11:26 PM","2022 Feb 10 12:11:26 PM","DOHMH","Department of Health and Mental Hygiene","Rodent","Rat Sighting","3+ Family Apt. Building","11204","1529 DAHILL ROAD","DAHILL ROAD","64 STREET","65 STREET","64 STREET","65 STREET","ADDRESS","BROOKLYN","DAHILL ROAD",,"Closed",,"2022 Feb 10 12:11:26 PM","11 BROOKLYN","BROOKLYN","991,376","161,637","Unspecified","BROOKLYN",,,,,,,,"40.61032973817","-73.97433494276","POINT (-73.974334942756 40.610329738171)"
"53290681","2022 Feb 06 04:28:14 PM","2022 Feb 06 04:28:14 PM","DOHMH","Department of Health and Mental Hygiene","Rodent","Rat Sighting","3+ Family Apt. Building","11204","1529 DAHILL ROAD","DAHILL ROAD","64 STREET","65 STREET","64 STREET","65 STREET","ADDRESS","BROOKLYN","DAHILL ROAD",,"Closed",,"2022 Feb 06 04:28:14 PM","11 BROOKLYN","BROOKLYN","991,376","161,637","Unspecified","BROOKLYN",,,,,,,,"40.61032973817","-73.97433494276","POINT (-73.974334942756 40.610329738171)"
"53283738","2022 Feb 05 05:37:12 PM","2022 Feb 05 05:37:12 PM","DOHMH","Department of Health and Mental Hygiene","Rodent","Rat Sighting","Other (Explain Below)","11214","1859 BATH AVENUE","BATH AVENUE","BATH AVENUE","BAY 20 STREET","BATH AVENUE","BAY   20 STREET","ADDRESS","BROOKLYN",,,"Closed",,"2022 Feb 05 05:37:12 PM","11 BROOKLYN","BROOKLYN","983,032","158,950","Unspecified","BROOKLYN",,,,,,,,"40.60295725412","-74.00438627385","POINT (-74.004386273848 40.602957254124)"
"53265170","2022 Feb 03 10:32:45 AM","2022 Feb 03 10:32:45 AM","DOHMH","Department of Health and Mental Hygiene","Rodent","Rat Sighting","3+ Family Mixed Use Building","11204","110 AVENUE O","AVENUE O","WEST 7 STREET","WEST 6 STREET","WEST    7 STREET","WEST    6 STREET","ADDRESS","BROOKLYN","AVENUE O",,"Closed",,"2022 Feb 03 10:32:45 AM","11 BROOKLYN","BROOKLYN","989,553","161,715","Unspecified","BROOKLYN",,,,,,,,"40.61054511066","-73.98090061229","POINT (-73.980900612295 40.610545110662)"
"53231181","2022 Jan 31 07:22:40 AM","2022 Jan 31 07:22:40 AM","DOHMH","Department of Health and Mental Hygiene","Rodent","Rat Sighting","Other (Explain Below)","11204","99 AVENUE P","AVENUE P","WEST 12 STREET","WEST 11 STREET","WEST   12 STREET","WEST   11 STREET","ADDRESS","BROOKLYN","AVENUE P",,"Closed",,"2022 Jan 31 07:22:40 AM","11 BROOKLYN","BROOKLYN","988,509","160,620","Unspecified","BROOKLYN",,,,,,,,"40.60754012358","-73.98466139344","POINT (-73.984661393437 40.607540123577)"
"53191550","2022 Jan 27 05:02:24 PM","2022 Jan 27 05:02:24 PM","DOHMH","Department of Health and Mental Hygiene","Rodent","Rat Sighting","Other (Explain Below)","11228","8850 BAY    8 STREET","BAY    8 STREET","CROPSEY AVENUE","INDEPENDENCE AVENUE","CROPSEY AVENUE","INDEPENDENCE AVENUE","BLOCKFACE","BROOKLYN","BAY    8 STREET",,"Closed",,"2022 Jan 27 05:02:24 PM","11 BROOKLYN","BROOKLYN","979,400","159,686","Unspecified","BROOKLYN",,,,,,,,"40.60497618071","-74.01746639705","POINT (-74.017466397048 40.604976180709)"
"53189906","2022 Jan 27 09:32:07 AM","2022 Jan 27 09:32:07 AM","DOHMH","Department of Health and Mental Hygiene","Rodent","Rat Sighting","Other (Explain Below)","11214","2106 21 AVENUE","21 AVENUE","21 DRIVE","SHORE PARKWAY","21 DRIVE","SHORE PARKWAY","BLOCKFACE","BROOKLYN","21 AVENUE",,"Closed",,"2022 Jan 27 09:32:07 AM","11 BROOKLYN","BROOKLYN","983,741","157,044","Unspecified","BROOKLYN",,,,,,,,"40.59772573959","-74.0018328723","POINT (-74.0018328723 40.597725739587)"
"53196276","2022 Jan 27 12:36:40 AM","2022 Jan 27 12:36:40 AM","DOHMH","Department of Health and Mental Hygiene","Rodent","Rat Sighting","Other (Explain Below)","11228","88 BAY    8 STREET","BAY    8 STREET","CROPSEY AVENUE","INDEPENDENCE AVENUE","CROPSEY AVENUE","INDEPENDENCE AVENUE","ADDRESS","BROOKLYN","BAY    8 STREET",,"Closed",,"2022 Jan 27 12:36:40 AM","11 BROOKLYN","BROOKLYN","980,829","161,473","Unspecified","BROOKLYN",,,,,,,,"40.60988179683","-74.0123210175","POINT (-74.012321017505 40.60988179683)"
"53184022","2022 Jan 26 09:38:51 AM","2022 Jan 26 09:38:51 AM","DOHMH","Department of Health and Mental Hygiene","Rodent","Rat Sighting","Commercial Building","11214","2247 86 STREET","86 STREET","BAY 31 STREET","BAY 32 STREET","BAY   31 STREET","BAY   32 STREET","ADDRESS","BROOKLYN","86 STREET",,"Closed",,"2022 Jan 26 09:38:51 AM","11 BROOKLYN","BROOKLYN","986,304","158,314","Unspecified","BROOKLYN",,,,,,,,"40.60121140902","-73.99260330795","POINT (-73.992603307954 40.601211409024)"
"53163499","2022 Jan 25 04:07:09 PM","2022 Jan 25 04:07:09 PM","DOHMH","Department of Health and Mental Hygiene","Rodent","Rat Sighting","Other (Explain Below)","11214","2173 86 STREET","86 STREET","BAY 29 STREET","BAY PARKWAY","BAY   29 STREET","BAY PARKWAY","ADDRESS","BROOKLYN","86 STREET",,"Closed",,"2022 Jan 25 04:07:09 PM","11 BROOKLYN","BROOKLYN","985,841","158,689","Unspecified","BROOKLYN",,,,,,,,"40.60224080308","-73.99427053628","POINT (-73.994270536281 40.602240803078)"
"53159110","2022 Jan 24 08:22:19 AM","2022 Jan 24 08:22:19 AM","DOHMH","Department of Health and Mental Hygiene","Rodent","Rat Sighting","Commercial Building","11223","1800 STILLWELL AVENUE","STILLWELL AVENUE","HIGHLAWN AVENUE","24 AVENUE","HIGHLAWN AVENUE","24 AVENUE","ADDRESS","BROOKLYN","STILLWELL AVENUE",,"Closed",,"2022 Jan 24 08:22:19 AM","11 BROOKLYN","BROOKLYN","988,031","158,812","Unspecified","BROOKLYN",,,,,,,,"40.60257774931","-73.98638390212","POINT (-73.986383902125 40.602577749307)"
"53112932","2022 Jan 19 01:43:07 PM","2022 Jan 19 01:43:07 PM","DOHMH","Department of Health and Mental Hygiene","Rodent","Rat Sighting","3+ Family Apt. Building","11204","1529 DAHILL ROAD","DAHILL ROAD","64 STREET","65 STREET","64 STREET","65 STREET","ADDRESS","BROOKLYN","DAHILL ROAD",,"Closed",,"2022 Jan 19 01:43:07 PM","11 BROOKLYN","BROOKLYN","991,376","161,637","Unspecified","BROOKLYN",,,,,,,,"40.61032973817","-73.97433494276","POINT (-73.974334942756 40.610329738171)"
"53024114","2022 Jan 11 11:23:03 AM","2022 Jan 11 11:23:03 AM","DOHMH","Department of Health and Mental Hygiene","Rodent","Rat Sighting","3+ Family Apt. Building","11204","1602 65 STREET","65 STREET","16 AVENUE","17 AVENUE","16 AVENUE","17 AVENUE","ADDRESS","BROOKLYN","65 STREET",,"Closed",,"2022 Jan 11 11:23:03 AM","11 BROOKLYN","BROOKLYN","985,770","165,795","Unspecified","BROOKLYN",,,,,,,,"40.62174532223","-73.99452461992","POINT (-73.994524619919 40.621745322226)"
"53018500","2022 Jan 10 08:17:25 PM","2022 Jan 11 11:46:55 AM","DOHMH","Department of Health and Mental Hygiene","Rodent","Rat Sighting","1-2 Family Dwelling","11204","7322 BAY PARKWAY","BAY PARKWAY","73 STREET","74 STREET","73 STREET","74 STREET","ADDRESS","BROOKLYN","BAY PARKWAY",,"Closed",,"2022 Jan 10 08:17:25 PM","11 BROOKLYN","BROOKLYN","987,971","161,112","Unspecified","BROOKLYN",,,,,,,,"40.60889080501","-73.98659870634","POINT (-73.986598706341 40.608890805014)"
"53014714","2022 Jan 10 09:55:22 AM","2022 Jan 19 12:30:07 PM","DOHMH","Department of Health and Mental Hygiene","Rodent","Rat Sighting","3+ Family Apt. Building","11214","2137 CROPSEY AVENUE","CROPSEY AVENUE","BAY 28 STREET","BAY 29 STREET","BAY   28 STREET","BAY   29 STREET","ADDRESS","BROOKLYN","CROPSEY AVENUE",,"Closed",,"2022 Jan 10 09:55:22 AM","11 BROOKLYN","BROOKLYN","984,305","157,192","Unspecified","BROOKLYN",,,,,,,,"40.59813198413","-73.99980194776","POINT (-73.999801947761 40.598131984127)"
"52971306","2022 Jan 05 03:45:04 PM","2022 Jan 14 01:47:33 PM","DOHMH","Department of Health and Mental Hygiene","Rodent","Rat Sighting","3+ Family Apt. Building","11204","1529 DAHILL ROAD","DAHILL ROAD","64 STREET","65 STREET","64 STREET","65 STREET","ADDRESS","BROOKLYN","DAHILL ROAD",,"Closed",,"2022 Jan 05 03:45:04 PM","11 BROOKLYN","BROOKLYN","991,376","161,637","Unspecified","BROOKLYN",,,,,,,,"40.61032973817","-73.97433494276","POINT (-73.974334942756 40.610329738171)"
"52951444","2022 Jan 03 11:44:46 AM","2022 Jan 03 11:44:46 AM","DOHMH","Department of Health and Mental Hygiene","Rodent","Rat Sighting","Other (Explain Below)","11214","2178 86 STREET","86 STREET","86 STREET","BAY PARKWAY","86 STREET","BAY PARKWAY","ADDRESS","BROOKLYN",,,"Closed",,"2022 Jan 03 11:44:46 AM","11 BROOKLYN","BROOKLYN","985,851","158,673","Unspecified","BROOKLYN",,,,,,,,"40.60219688453","-73.99423452836","POINT (-73.994234528359 40.602196884529)"
"52945163","2022 Jan 02 05:05:48 PM","2022 Jan 03 11:05:30 AM","DOHMH","Department of Health and Mental Hygiene","Rodent","Rat Sighting","3+ Family Apt. Building","11204","1529 DAHILL ROAD","DAHILL ROAD","64 STREET","65 STREET","64 STREET","65 STREET","ADDRESS","BROOKLYN","DAHILL ROAD",,"Closed",,"2022 Jan 02 05:05:48 PM","11 BROOKLYN","BROOKLYN","991,376","161,637","Unspecified","BROOKLYN",,,,,,,,"40.61032973817","-73.97433494276","POINT (-73.974334942756 40.610329738171)"
"52944434","2022 Jan 02 06:38:58 AM","2022 Jan 02 06:38:58 AM","DOHMH","Department of Health and Mental Hygiene","Rodent","Rat Sighting","Other (Explain Below)","11214","2284 86 STREET","86 STREET","BAY PARKWAY","23 AVENUE","BAY PARKWAY","23 AVENUE","ADDRESS","BROOKLYN",,,"Closed",,"2022 Jan 02 06:38:58 AM","11 BROOKLYN","BROOKLYN","986,503","158,145","Unspecified","BROOKLYN",,,,,,,,"40.60074748996","-73.99188674226","POINT (-73.991886742263 40.600747489957)"
"52942531","2022 Jan 01 08:56:51 AM","2022 Jan 03 12:12:43 PM","DOHMH","Department of Health and Mental Hygiene","Rodent","Rat Sighting","Other (Explain Below)","11204","6301 23 AVENUE","23 AVENUE","63 STREET","64 STREET","63 STREET","64 STREET","ADDRESS","BROOKLYN","23 AVENUE",,"Closed",,"2022 Jan 01 08:56:51 AM","11 BROOKLYN","BROOKLYN","990,338","162,817","Unspecified","BROOKLYN",,,,,,,,"40.61356936907","-73.97807234764","POINT (-73.978072347642 40.61356936907)"
"52926767","2021 Dec 30 05:08:24 PM","2022 Jan 03 11:05:30 AM","DOHMH","Department of Health and Mental Hygiene","Rodent","Rat Sighting","3+ Family Apt. Building","11204","1529 DAHILL ROAD","DAHILL ROAD","64 STREET","65 STREET","64 STREET","65 STREET","ADDRESS","BROOKLYN","DAHILL ROAD",,"Closed",,"2021 Dec 30 05:08:24 PM","11 BROOKLYN","BROOKLYN","991,376","161,637","Unspecified","BROOKLYN",,,,,,,,"40.61032973817","-73.97433494276","POINT (-73.974334942756 40.610329738171)"
"52907189","2021 Dec 28 12:02:47 PM","2021 Dec 28 12:02:47 PM","DOHMH","Department of Health and Mental Hygiene","Rodent","Rat Sighting","1-2 Family Dwelling","11214","218 BAY   20 STREET","BAY   20 STREET","BAY 20 STREET","CROPSEY AVENUE","BAY   20 STREET","CROPSEY AVENUE","ADDRESS","BROOKLYN",,,"Closed",,"2021 Dec 28 12:02:47 PM","11 BROOKLYN","BROOKLYN","982,699","158,667","Unspecified","BROOKLYN",,,,,,,,"40.60218042464","-74.00558541181","POINT (-74.005585411811 40.60218042464)"
"52900230","2021 Dec 27 09:41:32 AM","2021 Dec 27 09:41:32 AM","DOHMH","Department of Health and Mental Hygiene","Rodent","Rat Sighting","Other (Explain Below)","11214","1858 BATH AVENUE","BATH AVENUE","BATH AVENUE","BAY 20 STREET","BATH AVENUE","BAY   20 STREET","ADDRESS","BROOKLYN",,,"Closed",,"2021 Dec 27 09:41:32 AM","11 BROOKLYN","BROOKLYN","983,019","158,952","Unspecified","BROOKLYN",,,,,,,,"40.60296274192","-74.00443308994","POINT (-74.004433089943 40.602962741921)"
"52892362","2021 Dec 26 09:57:52 PM","2021 Dec 26 09:57:52 PM","DOHMH","Department of Health and Mental Hygiene","Rodent","Rat Sighting","Commercial Building","11223","2050 STILLWELL AVENUE","STILLWELL AVENUE","86 STREET","26 AVENUE","86 STREET","26 AVENUE","ADDRESS","BROOKLYN","STILLWELL AVENUE",,"Closed",,"2021 Dec 26 09:57:52 PM","11 BROOKLYN","BROOKLYN","988,342","156,668","Unspecified","BROOKLYN",,,,,,,,"40.59669276546","-73.98526523092","POINT (-73.985265230924 40.596692765464)"
"52870551","2021 Dec 22 09:38:46 PM","2021 Dec 22 09:38:46 PM","DOHMH","Department of Health and Mental Hygiene","Rodent","Rat Sighting","1-2 Family Dwelling","11214","190 BAY   20 STREET","BAY   20 STREET","RACHEL PALISENO WAY","CROPSEY AVENUE","RACHEL PALISENO WAY","CROPSEY AVENUE","ADDRESS","BROOKLYN","BAY   20 STREET",,"Closed",,"2021 Dec 22 09:38:46 PM","11 BROOKLYN","BROOKLYN","982,820","158,819","Unspecified","BROOKLYN",,,,,,,,"40.60259765409","-74.00514970264","POINT (-74.005149702645 40.602597654093)"
"52869337","2021 Dec 22 06:57:25 AM","2021 Dec 22 06:57:25 AM","DOHMH","Department of Health and Mental Hygiene","Rodent","Rat Sighting","3+ Family Apt. Building","11223","1722 WEST    4 STREET","WEST    4 STREET","QUENTIN ROAD","KINGS HIGHWAY","QUENTIN ROAD","KINGS HIGHWAY","ADDRESS","BROOKLYN","WEST    4 STREET",,"Closed",,"2021 Dec 22 06:57:25 AM","11 BROOKLYN","BROOKLYN","990,562","159,904","Unspecified","BROOKLYN",,,,,,,,"40.60557362546","-73.97726827108","POINT (-73.977268271081 40.605573625457)"
"52856005","2021 Dec 21 11:43:58 PM","2021 Dec 22 03:37:02 PM","DOHMH","Department of Health and Mental Hygiene","Rodent","Rat Sighting","Other (Explain Below)","11214","189 BAY   20 STREET","BAY   20 STREET","RACHEL PALISENO WAY","CROPSEY AVENUE","RACHEL PALISENO WAY","CROPSEY AVENUE","ADDRESS","BROOKLYN","BAY   20 STREET",,"Closed",,"2021 Dec 21 11:43:58 PM","11 BROOKLYN","BROOKLYN","982,825","158,816","Unspecified","BROOKLYN",,,,,,,,"40.60258942051","-74.00513169606","POINT (-74.005131696059 40.602589420509)"
"52852608","2021 Dec 21 01:46:32 AM","2021 Dec 21 01:46:32 AM","DOHMH","Department of Health and Mental Hygiene","Rodent","Rat Sighting","3+ Family Apt. Building","11204","84 AVENUE O","AVENUE O","WEST 8 STREET","SEA BEACH LINE","WEST    8 STREET","SEA BEACH LINE","ADDRESS","BROOKLYN","AVENUE O",,"Closed",,"2021 Dec 21 01:46:32 AM","11 BROOKLYN","BROOKLYN","989,292","161,677","Unspecified","BROOKLYN",,,,,,,,"40.61044096083","-73.9818406633","POINT (-73.981840663304 40.610440960829)"
"52847611","2021 Dec 20 04:48:14 PM","2021 Dec 20 04:48:14 PM","DOHMH","Department of Health and Mental Hygiene","Rodent","Rat Sighting","3+ Family Apt. Building","11204","1513 WEST    7 STREET","WEST    7 STREET","AVENUE O","AVENUE P","AVENUE O","AVENUE P","ADDRESS","BROOKLYN","WEST    7 STREET",,"Closed",,"2021 Dec 20 04:48:14 PM","11 BROOKLYN","BROOKLYN","989,511","161,488","Unspecified","BROOKLYN",,,,,,,,"40.60992206734","-73.98105205715","POINT (-73.981052057151 40.609922067343)"
"52854976","2021 Dec 20 10:44:07 AM","2021 Dec 20 10:44:07 AM","DOHMH","Department of Health and Mental Hygiene","Rodent","Rat Sighting","1-2 Family Dwelling","11204","1490 DAHILL ROAD","DAHILL ROAD","AVENUE M","60 STREET","AVENUE M","60 STREET","ADDRESS","BROOKLYN",,,"Closed",,"2021 Dec 20 10:44:07 AM","11 BROOKLYN","BROOKLYN","991,310","162,062","Unspecified","BROOKLYN",,,,,,,,"40.61149632857","-73.97457220453","POINT (-73.97457220453 40.61149632857)"
"52853719","2021 Dec 20 07:00:23 AM","2021 Dec 20 07:00:23 AM","DOHMH","Department of Health and Mental Hygiene","Rodent","Rat Sighting","1-2 Family Dwelling","11223","200 VAN SICKLEN STREET","VAN SICKLEN STREET","AVENUE S","ASSOC CAGGIANESI D'AMERICA WAY","AVENUE S","ASSOC CAGGIANESI D'AMERICA WAY","ADDRESS","BROOKLYN","VAN SICKLEN STREET",,"Closed",,"2021 Dec 20 07:00:23 AM","11 BROOKLYN","BROOKLYN","991,291","157,754","Unspecified","BROOKLYN",,,,,,,,"40.59967176363","-73.97464512735","POINT (-73.974645127349 40.599671763632)"
"52803053","2021 Dec 15 04:40:43 PM","2021 Dec 15 04:40:43 PM","DOHMH","Department of Health and Mental Hygiene","Rodent","Rat Sighting","Other (Explain Below)","11214","189 BAY   20 STREET","BAY   20 STREET","RACHEL PALISENO WAY","CROPSEY AVENUE","RACHEL PALISENO WAY","CROPSEY AVENUE","ADDRESS","BROOKLYN","BAY   20 STREET",,"Closed",,"2021 Dec 15 04:40:43 PM","11 BROOKLYN","BROOKLYN","982,825","158,816","Unspecified","BROOKLYN",,,,,,,,"40.60258942051","-74.00513169606","POINT (-74.005131696059 40.602589420509)"
"52797968","2021 Dec 14 11:43:28 AM","2021 Dec 14 11:43:28 AM","DOHMH","Department of Health and Mental Hygiene","Rodent","Rat Sighting","1-2 Family Dwelling","11204","123 AVENUE P","AVENUE P","WEST 11 STREET","WEST 10 STREET","WEST   11 STREET","WEST   10 STREET","ADDRESS","BROOKLYN","AVENUE P",,"Closed",,"2021 Dec 14 11:43:28 AM","11 BROOKLYN","BROOKLYN","988,766","160,657","Unspecified","BROOKLYN",,,,,,,,"40.60764155375","-73.9837357942","POINT (-73.983735794195 40.607641553755)"
"52783524","2021 Dec 13 04:06:05 PM","2021 Dec 13 04:06:05 PM","DOHMH","Department of Health and Mental Hygiene","Rodent","Rat Sighting","3+ Family Apt. Building","11204","105 AVENUE P","AVENUE P","WEST 11 STREET","WEST 10 STREET","WEST   11 STREET","WEST   10 STREET","ADDRESS","BROOKLYN","AVENUE P",,"Closed",,"2021 Dec 13 04:06:05 PM","11 BROOKLYN","BROOKLYN","988,619","160,636","Unspecified","BROOKLYN",,,,,,,,"40.60758398675","-73.98426522279","POINT (-73.984265222794 40.60758398675)"
"52782192","2021 Dec 12 02:59:14 PM","2021 Dec 14 10:00:16 AM","DOHMH","Department of Health and Mental Hygiene","Rodent","Rat Sighting","3+ Family Apt. Building","11204","1529 DAHILL ROAD","DAHILL ROAD","64 STREET","65 STREET","64 STREET","65 STREET","ADDRESS","BROOKLYN","DAHILL ROAD",,"Closed",,"2021 Dec 12 02:59:14 PM","11 BROOKLYN","BROOKLYN","991,376","161,637","Unspecified","BROOKLYN",,,,,,,,"40.61032973817","-73.97433494276","POINT (-73.974334942756 40.610329738171)"
"52768430","2021 Dec 11 08:56:14 PM","2021 Dec 11 08:56:14 PM","DOHMH","Department of Health and Mental Hygiene","Rodent","Rat Sighting","Commercial Building","11204","1565 WEST    6 STREET","WEST    6 STREET","AVENUE O","AVENUE P","AVENUE O","AVENUE P","ADDRESS","BROOKLYN","WEST    6 STREET",,"Closed",,"2021 Dec 11 08:56:14 PM","11 BROOKLYN","BROOKLYN","989,837","161,182","Unspecified","BROOKLYN",,,,,,,,"40.60908196061","-73.97987819338","POINT (-73.979878193381 40.609081960612)"
"52699117","2021 Dec 03 12:35:58 PM","2021 Dec 03 12:35:58 PM","DOHMH","Department of Health and Mental Hygiene","Rodent","Rat Sighting","3+ Family Apt. Building","11214","1489 SHORE PARKWAY NORTH SERVICE ROAD","SHORE PARKWAY NORTH SERVICE ROAD","20 AVENUE","21 AVENUE","20 AVENUE","21 AVENUE","ADDRESS","BROOKLYN","SHORE PARKWAY",,"Closed",,"2021 Dec 03 12:35:58 PM","11 BROOKLYN","BROOKLYN","983,010","157,077","Unspecified","BROOKLYN",,,,,,,,"40.59781624579","-74.00446515665","POINT (-74.004465156648 40.597816245791)"
"52670217","2021 Dec 01 03:29:18 PM","2021 Dec 01 03:29:18 PM","DOHMH","Department of Health and Mental Hygiene","Rodent","Rat Sighting","3+ Family Apt. Building","11214","1395 SHORE PARKWAY","SHORE PARKWAY","19 AVENUE","20 AVENUE","19 AVENUE","20 AVENUE","ADDRESS","BROOKLYN","SHORE PARKWAY",,"Closed",,"2021 Dec 01 03:29:18 PM","11 BROOKLYN","BROOKLYN","982,429","157,537","Unspecified","BROOKLYN",,,,,,,,"40.59907875244","-74.00655742259","POINT (-74.006557422586 40.599078752439)"
"52603707","2021 Nov 23 02:39:09 PM","2021 Nov 23 02:39:09 PM","DOHMH","Department of Health and Mental Hygiene","Rodent","Rat Sighting","1-2 Family Dwelling","11204","7015 19 AVENUE","19 AVENUE","70 STREET","71 STREET","70 STREET","71 STREET","ADDRESS","BROOKLYN","19 AVENUE",,"Closed",,"2021 Nov 23 02:39:09 PM","11 BROOKLYN","BROOKLYN","986,707","163,289","Unspecified","BROOKLYN",,,,,,,,"40.61486666242","-73.99115024829","POINT (-73.99115024829 40.614866662415)"
"52478375","2021 Nov 11 12:41:14 AM","2021 Nov 11 12:41:14 AM","DOHMH","Department of Health and Mental Hygiene","Rodent","Rat Sighting","3+ Family Apt. Building","11204","118 AVENUE O","AVENUE O","WEST 7 STREET","WEST 6 STREET","WEST    7 STREET","WEST    6 STREET","ADDRESS","BROOKLYN","AVENUE O",,"Closed",,"2021 Nov 11 12:41:14 AM","11 BROOKLYN","BROOKLYN","989,624","161,725","Unspecified","BROOKLYN",,,,,,,,"40.61057251583","-73.98064488937","POINT (-73.980644889367 40.610572515831)"
"52479633","2021 Nov 10 10:36:02 PM","2021 Nov 10 10:36:02 PM","DOHMH","Department of Health and Mental Hygiene","Rodent","Rat Sighting","3+ Family Apt. Building","11214","1864 85 STREET","85 STREET","NEW UTRECHT AVENUE","19 AVENUE","NEW UTRECHT AVENUE","19 AVENUE","ADDRESS","BROOKLYN","85 STREET",,"Closed",,"2021 Nov 10 10:36:02 PM","11 BROOKLYN","BROOKLYN","984,062","160,437","Unspecified","BROOKLYN",,,,,,,,"40.60703884751","-74.00067706888","POINT (-74.000677068882 40.607038847515)"
"52475856","2021 Nov 10 12:45:30 PM","2021 Nov 16 02:45:13 PM","DOHMH","Department of Health and Mental Hygiene","Rodent","Rat Sighting","3+ Family Apt. Building","11214","2006 BENSON AVENUE","BENSON AVENUE","20 AVENUE","BAY 25 STREET","20 AVENUE","BAY   25 STREET","ADDRESS","BROOKLYN","BENSON AVENUE",,"Closed",,"2021 Nov 10 12:45:30 PM","11 BROOKLYN","BROOKLYN","984,309","158,876","Unspecified","BROOKLYN",,,,,,,,"40.60275422268","-73.99978752925","POINT (-73.999787529253 40.60275422268)"
"52399895","2021 Nov 02 07:57:05 AM","2021 Nov 02 07:57:05 AM","DOHMH","Department of Health and Mental Hygiene","Rodent","Rat Sighting","1-2 Family Mixed Use Building","11223","194 QUENTIN ROAD","QUENTIN ROAD","WEST 6 STREET","WEST 5 STREET","WEST    6 STREET","WEST    5 STREET","ADDRESS","BROOKLYN","QUENTIN ROAD",,"Closed",,"2021 Nov 02 07:57:05 AM","11 BROOKLYN","BROOKLYN","990,045","160,041","Unspecified","BROOKLYN",,,,,,,,"40.60595001564","-73.97913005204","POINT (-73.979130052041 40.605950015642)"
"52344060","2021 Oct 28 10:57:13 PM","2021 Nov 22 02:48:23 PM","DOHMH","Department of Health and Mental Hygiene","Rodent","Rat Sighting","3+ Family Apt. Building","11204","1529 DAHILL ROAD","DAHILL ROAD","64 STREET","65 STREET","64 STREET","65 STREET","ADDRESS","BROOKLYN","DAHILL ROAD",,"Closed",,"2021 Oct 28 10:57:13 PM","11 BROOKLYN","BROOKLYN","991,376","161,637","Unspecified","BROOKLYN",,,,,,,,"40.61032973817","-73.97433494276","POINT (-73.974334942756 40.610329738171)"
"52298249","2021 Oct 25 02:00:02 PM","2021 Oct 25 02:00:02 PM","DOHMH","Department of Health and Mental Hygiene","Rodent","Rat Sighting","3+ Family Apt. Building","11223","106 HIGHLAWN AVENUE","HIGHLAWN AVENUE","WEST 10 STREET","WEST 9 STREET","WEST   10 STREET","WEST    9 STREET","ADDRESS","BROOKLYN","HIGHLAWN AVENUE",,"Closed",,"2021 Oct 25 02:00:02 PM","11 BROOKLYN","BROOKLYN","989,184","158,999","Unspecified","BROOKLYN",,,,,,,,"40.60309045933","-73.98223159402","POINT (-73.982231594019 40.603090459329)"
"52268350","2021 Oct 22 01:16:47 PM","2021 Oct 22 01:16:47 PM","DOHMH","Department of Health and Mental Hygiene","Rodent","Rat Sighting","Other (Explain Below)","11223","145 HIGHLAWN AVENUE","HIGHLAWN AVENUE","WEST 8 STREET","SEA BEACH LINE","WEST    8 STREET","SEA BEACH LINE","ADDRESS","BROOKLYN","HIGHLAWN AVENUE",,"Closed",,"2021 Oct 22 01:16:47 PM","11 BROOKLYN","BROOKLYN","989,610","159,067","Unspecified","BROOKLYN",,,,,,,,"40.60327685807","-73.98069742155","POINT (-73.98069742155 40.603276858069)"
"52251579","2021 Oct 21 02:18:56 PM","2021 Oct 21 02:18:56 PM","DOHMH","Department of Health and Mental Hygiene","Rodent","Rat Sighting","Other (Explain Below)","11214","1395 SHORE PARKWAY","SHORE PARKWAY","19 AVENUE","20 AVENUE","19 AVENUE","20 AVENUE","ADDRESS","BROOKLYN","SHORE PARKWAY",,"Closed",,"2021 Oct 21 02:18:56 PM","11 BROOKLYN","BROOKLYN","982,429","157,537","Unspecified","BROOKLYN",,,,,,,,"40.59907875244","-74.00655742259","POINT (-74.006557422586 40.599078752439)"
"52235725","2021 Oct 20 06:41:55 PM","2021 Oct 20 06:41:55 PM","DOHMH","Department of Health and Mental Hygiene","Rodent","Rat Sighting","3+ Family Apt. Building","11214","200 BAY   20 STREET","BAY   20 STREET","RACHEL PALISENO WAY","CROPSEY AVENUE","RACHEL PALISENO WAY","CROPSEY AVENUE","ADDRESS","BROOKLYN","BAY   20 STREET",,"Closed",,"2021 Oct 20 06:41:55 PM","11 BROOKLYN","BROOKLYN","982,777","158,765","Unspecified","BROOKLYN",,,,,,,,"40.60244942803","-74.00530454207","POINT (-74.005304542067 40.602449428029)"
"52198103","2021 Oct 15 03:56:55 PM","2021 Oct 15 03:56:55 PM","DOHMH","Department of Health and Mental Hygiene","Rodent","Rat Sighting","Commercial Building","11228","7115 15 AVENUE","15 AVENUE","71 STREET","72 STREET","71 STREET","72 STREET","ADDRESS","BROOKLYN","15 AVENUE",,"Closed",,"2021 Oct 15 03:56:55 PM","11 BROOKLYN","BROOKLYN","984,030","165,079","Unspecified","BROOKLYN",,,,,,,,"40.61978017909","-74.00079246589","POINT (-74.00079246589 40.619780179089)"
"52129134","2021 Oct 08 10:03:08 AM","2021 Oct 18 11:34:35 AM","DOHMH","Department of Health and Mental Hygiene","Rodent","Rat Sighting","Commercial Building","11228","7301 15 AVENUE","15 AVENUE","73 STREET","74 STREET","73 STREET","74 STREET","ADDRESS","BROOKLYN","15 AVENUE",,"Closed",,"2021 Oct 08 10:03:08 AM","11 BROOKLYN","BROOKLYN","983,723","164,692","Unspecified","BROOKLYN",,,,,,,,"40.61871793162","-74.00189828581","POINT (-74.001898285809 40.618717931625)"
"52103941","2021 Oct 06 04:59:42 PM","2021 Oct 06 04:59:42 PM","DOHMH","Department of Health and Mental Hygiene","Rodent","Rat Sighting","3+ Family Apt. Building","11214","2006 BENSON AVENUE","BENSON AVENUE","20 AVENUE","BAY 25 STREET","20 AVENUE","BAY   25 STREET","ADDRESS","BROOKLYN","BENSON AVENUE",,"Closed",,"2021 Oct 06 04:59:42 PM","11 BROOKLYN","BROOKLYN","984,309","158,876","Unspecified","BROOKLYN",,,,,,,,"40.60275422268","-73.99978752925","POINT (-73.999787529253 40.60275422268)"
"52097430","2021 Oct 05 12:25:43 PM","2021 Nov 22 10:32:25 AM","DOHMH","Department of Health and Mental Hygiene","Rodent","Rat Sighting","3+ Family Apt. Building","11214","1429 SHORE PARKWAY","SHORE PARKWAY","19 AVENUE","20 AVENUE","19 AVENUE","20 AVENUE","ADDRESS","BROOKLYN","SHORE PARKWAY",,"Closed",,"2021 Oct 05 12:25:43 PM","11 BROOKLYN","BROOKLYN","982,607","157,397","Unspecified","BROOKLYN",,,,,,,,"40.59869451555","-74.00591641038","POINT (-74.005916410383 40.598694515552)"
"52080635","2021 Oct 04 11:14:50 PM","2021 Oct 04 11:14:50 PM","DOHMH","Department of Health and Mental Hygiene","Rodent","Rat Sighting","Other (Explain Below)","11219","6315 63 STREET","63 STREET","63 STREET","NEW UTRECHT AVENUE","63 STREET","NEW UTRECHT AVENUE","INTERSECTION","BROOKLYN",,,"Closed",,"2021 Oct 04 11:14:50 PM","11 BROOKLYN","BROOKLYN","985,016","167,086","Unspecified","BROOKLYN",,,,,,,,"40.62528894445","-73.99724055012","POINT (-73.997240550117 40.625288944453)"
"52085664","2021 Oct 04 11:10:04 PM","2021 Oct 04 11:10:04 PM","DOHMH","Department of Health and Mental Hygiene","Rodent","Rat Sighting","Other (Explain Below)","11204","6302 17 AVENUE","17 AVENUE","17 AVENUE","63 STREET","17 AVENUE","63 STREET","ADDRESS","BROOKLYN",,,"Closed",,"2021 Oct 04 11:10:04 PM","11 BROOKLYN","BROOKLYN","986,659","165,750","Unspecified","BROOKLYN",,,,,,,,"40.62162160949","-73.99132225909","POINT (-73.991322259092 40.62162160949)"
"52057630","2021 Oct 02 10:41:00 AM","2021 Oct 06 01:38:59 PM","DOHMH","Department of Health and Mental Hygiene","Rodent","Rat Sighting","Commercial Building","11228","7120 NEW UTRECHT AVENUE","NEW UTRECHT AVENUE","71 STREET","72 STREET","71 STREET","72 STREET","ADDRESS","BROOKLYN","NEW UTRECHT AVENUE",,"Closed",,"2021 Oct 02 10:41:00 AM","11 BROOKLYN","BROOKLYN","984,496","164,694","Unspecified","BROOKLYN",,,,,,,,"40.61872343347","-73.99911389308","POINT (-73.999113893079 40.618723433467)"
"52042448","2021 Sep 30 10:09:17 AM","2021 Oct 06 01:38:59 PM","DOHMH","Department of Health and Mental Hygiene","Rodent","Rat Sighting","Vacant Building","11228","7120 NEW UTRECHT AVENUE","NEW UTRECHT AVENUE","71 STREET","72 STREET","71 STREET","72 STREET","ADDRESS","BROOKLYN","NEW UTRECHT AVENUE",,"Closed",,"2021 Sep 30 10:09:17 AM","11 BROOKLYN","BROOKLYN","984,496","164,694","Unspecified","BROOKLYN",,,,,,,,"40.61872343347","-73.99911389308","POINT (-73.999113893079 40.618723433467)"
"51974795","2021 Sep 24 05:08:37 PM","2021 Oct 06 01:39:00 PM","DOHMH","Department of Health and Mental Hygiene","Rodent","Rat Sighting","Commercial Building","11228","7120 NEW UTRECHT AVENUE","NEW UTRECHT AVENUE","71 STREET","72 STREET","71 STREET","72 STREET","ADDRESS","BROOKLYN","NEW UTRECHT AVENUE",,"Closed",,"2021 Sep 24 05:08:37 PM","11 BROOKLYN","BROOKLYN","984,496","164,694","Unspecified","BROOKLYN",,,,,,,,"40.61872343347","-73.99911389308","POINT (-73.999113893079 40.618723433467)"
"51970712","2021 Sep 24 04:10:43 PM","2021 Oct 06 01:40:10 PM","DOHMH","Department of Health and Mental Hygiene","Rodent","Rat Sighting","3+ Family Apt. Building","11228","7301 15 AVENUE","15 AVENUE","73 STREET","74 STREET","73 STREET","74 STREET","ADDRESS","BROOKLYN","15 AVENUE",,"Closed",,"2021 Sep 24 04:10:43 PM","11 BROOKLYN","BROOKLYN","983,723","164,692","Unspecified","BROOKLYN",,,,,,,,"40.61871793162","-74.00189828581","POINT (-74.001898285809 40.618717931625)"
"51978684","2021 Sep 24 03:58:48 PM","2021 Oct 06 01:39:00 PM","DOHMH","Department of Health and Mental Hygiene","Rodent","Rat Sighting","Other (Explain Below)","11228","7120 NEW UTRECHT AVENUE","NEW UTRECHT AVENUE","71 STREET","72 STREET","71 STREET","72 STREET","ADDRESS","BROOKLYN","NEW UTRECHT AVENUE",,"Closed",,"2021 Sep 24 03:58:48 PM","11 BROOKLYN","BROOKLYN","984,496","164,694","Unspecified","BROOKLYN",,,,,,,,"40.61872343347","-73.99911389308","POINT (-73.999113893079 40.618723433467)"
"51978231","2021 Sep 24 10:21:20 AM","2021 Oct 06 01:46:39 PM","DOHMH","Department of Health and Mental Hygiene","Rodent","Rat Sighting","1-2 Family Dwelling","11204","1520 WEST    6 STREET","WEST    6 STREET","AVENUE O","AVENUE P","AVENUE O","AVENUE P","ADDRESS","BROOKLYN","WEST    6 STREET",,"Closed",,"2021 Sep 24 10:21:20 AM","11 BROOKLYN","BROOKLYN","989,789","161,476","Unspecified","BROOKLYN",,,,,,,,"40.60988896039","-73.98005082618","POINT (-73.980050826178 40.609888960393)"
"51968939","2021 Sep 24 09:32:06 AM","2021 Sep 24 09:32:06 AM","DOHMH","Department of Health and Mental Hygiene","Rodent","Rat Sighting","Other (Explain Below)","11228","7120 NEW UTRECHT AVENUE","NEW UTRECHT AVENUE","71 STREET","72 STREET","71 STREET","72 STREET","ADDRESS","BROOKLYN","NEW UTRECHT AVENUE",,"Closed",,"2021 Sep 24 09:32:06 AM","11 BROOKLYN","BROOKLYN","984,496","164,694","Unspecified","BROOKLYN",,,,,,,,"40.61872343347","-73.99911389308","POINT (-73.999113893079 40.618723433467)"
"51966169","2021 Sep 23 09:52:03 AM","2021 Sep 23 09:52:03 AM","DOHMH","Department of Health and Mental Hygiene","Rodent","Rat Sighting","3+ Family Apt. Building","11223","1958 WEST FIFTH STREET","WEST FIFTH STREET","AVENUE S","AVENUE T","AVENUE S","AVENUE T","ADDRESS","BROOKLYN","WEST    5 STREET",,"Closed",,"2021 Sep 23 09:52:03 AM","11 BROOKLYN","BROOKLYN","990,597","157,841","Unspecified","BROOKLYN",,,,,,,,"40.59991108519","-73.97714416232","POINT (-73.977144162319 40.599911085194)"
"51953710","2021 Sep 22 12:49:55 PM","2021 Sep 22 12:49:55 PM","DOHMH","Department of Health and Mental Hygiene","Rodent","Rat Sighting","1-2 Family Dwelling","11223","22 LLOYD COURT","LLOYD COURT","WEST 3 STREET","VAN SICKLEN STREET","WEST    3 STREET","VAN SICKLEN STREET","ADDRESS","BROOKLYN","LLOYD COURT",,"Closed",,"2021 Sep 22 12:49:55 PM","11 BROOKLYN","BROOKLYN","991,146","158,855","Unspecified","BROOKLYN",,,,,,,,"40.60269389908","-73.97516615309","POINT (-73.975166153087 40.602693899083)"
"51945762","2021 Sep 21 04:06:30 PM","2021 Sep 21 04:06:30 PM","DOHMH","Department of Health and Mental Hygiene","Rodent","Rat Sighting","3+ Family Apt. Building","11214","1429A SHORE PARKWAY","SHORE PARKWAY","19 AVENUE","20 AVENUE","19 AVENUE","20 AVENUE","ADDRESS","BROOKLYN","SHORE PARKWAY",,"Closed",,"2021 Sep 21 04:06:30 PM","11 BROOKLYN","BROOKLYN","982,607","157,397","Unspecified","BROOKLYN",,,,,,,,"40.59869451555","-74.00591641038","POINT (-74.005916410383 40.598694515552)"
"51887719","2021 Sep 16 12:49:12 PM","2021 Sep 16 12:49:12 PM","DOHMH","Department of Health and Mental Hygiene","Rodent","Rat Sighting","1-2 Family Dwelling","11214","2155 78 STREET","78 STREET","21 AVENUE","BAY PARKWAY","21 AVENUE","BAY PARKWAY","ADDRESS","BROOKLYN","78 STREET",,"Closed",,"2021 Sep 16 12:49:12 PM","11 BROOKLYN","BROOKLYN","986,983","160,453","Unspecified","BROOKLYN",,,,,,,,"40.60708234479","-73.99015728477","POINT (-73.99015728477 40.607082344788)"
"51872807","2021 Sep 15 02:19:47 PM","2021 Sep 15 02:19:47 PM","DOHMH","Department of Health and Mental Hygiene","Rodent","Rat Sighting","3+ Family Apt. Building","11219","1516 61 STREET","61 STREET","15 AVENUE","16 AVENUE","15 AVENUE","16 AVENUE","ADDRESS","BROOKLYN","61 STREET",,"Closed",,"2021 Sep 15 02:19:47 PM","11 BROOKLYN","BROOKLYN","985,837","167,093","Unspecified","BROOKLYN",,,,,,,,"40.62530804895","-73.99428296577","POINT (-73.99428296577 40.625308048954)"
"51827840","2021 Sep 11 06:50:24 PM","2021 Sep 11 06:50:24 PM","DOHMH","Department of Health and Mental Hygiene","Rodent","Rat Sighting","Other (Explain Below)","11219","1410 65 STREET","65 STREET","65 STREET","WEST 3 STREET","65 STREET","WEST    3 STREET","ADDRESS","BROOKLYN",,,"Closed",,"2021 Sep 11 06:50:24 PM","11 BROOKLYN","BROOKLYN","984,550","166,763","Unspecified","BROOKLYN",,,,,,,,"40.62440240518","-73.99891928986","POINT (-73.998919289858 40.624402405177)"
"51816607","2021 Sep 10 09:14:52 PM","2021 Sep 20 01:22:31 PM","DOHMH","Department of Health and Mental Hygiene","Rodent","Rat Sighting","1-2 Family Dwelling","11223","1733 WEST    9 STREET","WEST    9 STREET","KINGS HIGHWAY","HIGHLAWN AVENUE","KINGS HIGHWAY","HIGHLAWN AVENUE","ADDRESS","BROOKLYN","WEST    9 STREET",,"Closed",,"2021 Sep 10 09:14:52 PM","11 BROOKLYN","BROOKLYN","989,255","159,613","Unspecified","BROOKLYN",,,,,,,,"40.60477572441","-73.98197545262","POINT (-73.981975452621 40.604775724415)"
"51811114","2021 Sep 09 08:26:36 AM","2021 Sep 09 08:26:36 AM","DOHMH","Department of Health and Mental Hygiene","Rodent","Rat Sighting","Other (Explain Below)","11219","1558 BAYRIDGE AVENUE","BAYRIDGE AVENUE","NEW UTRECHT AVENUE","16 AVENUE","NEW UTRECHT AVENUE","16 AVENUE","ADDRESS","BROOKLYN","BAY RIDGE AVENUE",,"Closed",,"2021 Sep 09 08:26:36 AM","11 BROOKLYN","BROOKLYN","984,779","165,228","Unspecified","BROOKLYN",,,,,,,,"40.62018914001","-73.99809446807","POINT (-73.998094468071 40.620189140011)"
"51795016","2021 Sep 08 08:43:42 PM","2021 Sep 20 01:22:31 PM","DOHMH","Department of Health and Mental Hygiene","Rodent","Rat Sighting","1-2 Family Dwelling","11223","1733 WEST    9 STREET","WEST    9 STREET","KINGS HIGHWAY","HIGHLAWN AVENUE","KINGS HIGHWAY","HIGHLAWN AVENUE","ADDRESS","BROOKLYN","WEST    9 STREET",,"Closed",,"2021 Sep 08 08:43:42 PM","11 BROOKLYN","BROOKLYN","989,255","159,613","Unspecified","BROOKLYN",,,,,,,,"40.60477572441","-73.98197545262","POINT (-73.981975452621 40.604775724415)"
"51794987","2021 Sep 08 08:41:36 PM","2021 Sep 08 08:41:36 PM","DOHMH","Department of Health and Mental Hygiene","Rodent","Rat Sighting","1-2 Family Dwelling","11223","1733 WEST    9 STREET","WEST    9 STREET","KINGS HIGHWAY","HIGHLAWN AVENUE","KINGS HIGHWAY","HIGHLAWN AVENUE","ADDRESS","BROOKLYN","WEST    9 STREET",,"Closed",,"2021 Sep 08 08:41:36 PM","11 BROOKLYN","BROOKLYN","989,255","159,613","Unspecified","BROOKLYN",,,,,,,,"40.60477572441","-73.98197545262","POINT (-73.981975452621 40.604775724415)"
"51750194","2021 Sep 04 06:03:08 AM","2021 Sep 04 06:03:08 AM","DOHMH","Department of Health and Mental Hygiene","Rodent","Rat Sighting","1-2 Family Dwelling","11223","42 LAKE STREET","LAKE STREET","KINGS HIGHWAY","AVENUE S","KINGS HIGHWAY","AVENUE S","ADDRESS","BROOKLYN","LAKE STREET",,"Closed",,"2021 Sep 04 06:03:08 AM","11 BROOKLYN","BROOKLYN","991,688","159,030","Unspecified","BROOKLYN",,,,,,,,"40.60317380013","-73.97321411232","POINT (-73.973214112319 40.603173800131)"
"51680989","2021 Aug 29 07:57:08 PM","2021 Sep 08 03:00:46 PM","DOHMH","Department of Health and Mental Hygiene","Rodent","Rat Sighting","3+ Family Apt. Building","11223","1958 WEST    5 STREET","WEST    5 STREET","AVENUE S","AVENUE T","AVENUE S","AVENUE T","ADDRESS","BROOKLYN","WEST    5 STREET",,"Closed",,"2021 Aug 29 07:57:08 PM","11 BROOKLYN","BROOKLYN","990,597","157,841","Unspecified","BROOKLYN",,,,,,,,"40.59991108519","-73.97714416232","POINT (-73.977144162319 40.599911085194)"
"51648123","2021 Aug 26 11:04:36 AM","2021 Aug 26 11:04:36 AM","DOHMH","Department of Health and Mental Hygiene","Rodent","Rat Sighting","Commercial Building","11228","7301 15 AVENUE","15 AVENUE","73 STREET","74 STREET","73 STREET","74 STREET","ADDRESS","BROOKLYN","15 AVENUE",,"Closed",,"2021 Aug 26 11:04:36 AM","11 BROOKLYN","BROOKLYN","983,723","164,692","Unspecified","BROOKLYN",,,,,,,,"40.61871793162","-74.00189828581","POINT (-74.001898285809 40.618717931625)"
"51637153","2021 Aug 25 07:33:12 AM","2021 Sep 08 02:58:06 PM","DOHMH","Department of Health and Mental Hygiene","Rodent","Rat Sighting","1-2 Family Dwelling","11223","406 APPLEGATE COURT","APPLEGATE COURT","WEST 4 STREET","WEST 3 STREET","WEST    4 STREET","WEST    3 STREET","ADDRESS","BROOKLYN","APPLEGATE COURT",,"Closed",,"2021 Aug 25 07:33:12 AM","11 BROOKLYN","BROOKLYN","990,903","158,141","Unspecified","BROOKLYN",,,,,,,,"40.60073429992","-73.97604194689","POINT (-73.97604194689 40.600734299919)"
"51620066","2021 Aug 23 09:42:16 AM","2021 Aug 23 09:42:16 AM","DOHMH","Department of Health and Mental Hygiene","Rodent","Rat Sighting","1-2 Family Dwelling","11223","406 APPLEGATE COURT","APPLEGATE COURT","WEST 4 STREET","WEST 3 STREET","WEST    4 STREET","WEST    3 STREET","ADDRESS","BROOKLYN","APPLEGATE COURT",,"Closed",,"2021 Aug 23 09:42:16 AM","11 BROOKLYN","BROOKLYN","990,903","158,141","Unspecified","BROOKLYN",,,,,,,,"40.60073429992","-73.97604194689","POINT (-73.97604194689 40.600734299919)"
"51513574","2021 Aug 13 04:30:57 PM","2021 Aug 13 04:30:57 PM","DOHMH","Department of Health and Mental Hygiene","Rodent","Rat Sighting","3+ Family Apt. Building","11219","6516 66 STREET","66 STREET","14 AVENUE","NEW UTRECHT AVENUE","14 AVENUE","NEW UTRECHT AVENUE","BLOCKFACE","BROOKLYN","66 STREET",,"Closed",,"2021 Aug 13 04:30:57 PM","11 BROOKLYN","BROOKLYN","984,597","166,374","Unspecified","BROOKLYN",,,,,,,,"40.62333467987","-73.9987499986","POINT (-73.998749998599 40.62333467987)"
"51437754","2021 Aug 05 06:57:50 PM","2021 Aug 05 06:57:50 PM","DOHMH","Department of Health and Mental Hygiene","Rodent","Rat Sighting","Other (Explain Below)","11214","196 BAY   19 STREET","BAY   19 STREET","BATH AVENUE","CROPSEY AVENUE","BATH AVENUE","CROPSEY AVENUE","ADDRESS","BROOKLYN","BAY   19 STREET",,"Closed",,"2021 Aug 05 06:57:50 PM","11 BROOKLYN","BROOKLYN","982,551","158,971","Unspecified","BROOKLYN",,,,,,,,"40.60301481569","-74.00611846116","POINT (-74.006118461163 40.603014815689)"
"51440495","2021 Aug 05 04:40:13 PM","2021 Aug 05 04:40:13 PM","DOHMH","Department of Health and Mental Hygiene","Rodent","Rat Sighting","Commercial Building","11214","2225 BATH AVENUE","BATH AVENUE","BAY 31 STREET","BAY 32 STREET","BAY   31 STREET","BAY   32 STREET","ADDRESS","BROOKLYN","BATH AVENUE",,"Closed",,"2021 Aug 05 04:40:13 PM","11 BROOKLYN","BROOKLYN","985,222","157,138","Unspecified","BROOKLYN",,,,,,,,"40.59798371191","-73.99649988456","POINT (-73.996499884559 40.59798371191)"
"51425554","2021 Aug 03 05:41:27 PM","2021 Aug 03 05:41:27 PM","DOHMH","Department of Health and Mental Hygiene","Rodent","Rat Sighting","3+ Family Apt. Building","11214","8750 BAY PARKWAY","BAY PARKWAY","BENSON AVENUE","BATH AVENUE","BENSON AVENUE","BATH AVENUE","ADDRESS","BROOKLYN","BAY PARKWAY",,"Closed",,"2021 Aug 03 05:41:27 PM","11 BROOKLYN","BROOKLYN","985,134","157,533","Unspecified","BROOKLYN",,,,,,,,"40.59906791624","-73.99681671575","POINT (-73.996816715749 40.599067916243)"
"51402761","2021 Aug 01 07:46:38 AM","2021 Aug 01 07:46:38 AM","DOHMH","Department of Health and Mental Hygiene","Rodent","Rat Sighting","1-2 Family Dwelling","11204","1540 WEST    8 STREET","WEST    8 STREET","AVENUE O","AVENUE P","AVENUE O","AVENUE P","ADDRESS","BROOKLYN","WEST    8 STREET",,"Closed",,"2021 Aug 01 07:46:38 AM","11 BROOKLYN","BROOKLYN","989,266","161,320","Unspecified","BROOKLYN",,,,,,,,"40.60946108391","-73.98193457043","POINT (-73.981934570429 40.609461083912)"
"51397202","2021 Jul 31 07:25:17 PM",,"DOHMH","Department of Health and Mental Hygiene","Rodent","Rat Sighting","3+ Family Apt. Building","11219","6211 14 AVENUE","14 AVENUE","62 STREET","63 STREET","62 STREET","63 STREET","ADDRESS","BROOKLYN","14 AVENUE",,"In Progress",,,"11 BROOKLYN","BROOKLYN","984,901","167,435","Unspecified","BROOKLYN",,,,,,,,"40.62624688542","-73.99765479418","POINT (-73.997654794181 40.626246885419)"
"51380459","2021 Jul 30 10:44:52 AM","2021 Sep 20 01:19:21 PM","DOHMH","Department of Health and Mental Hygiene","Rodent","Rat Sighting","3+ Family Apt. Building","11223","1642 WEST    9 STREET","WEST    9 STREET","AVENUE P","QUENTIN ROAD","AVENUE P","QUENTIN ROAD","ADDRESS","BROOKLYN","WEST    9 STREET",,"Closed",,"2021 Jul 30 10:44:52 AM","11 BROOKLYN","BROOKLYN","989,143","160,349","Unspecified","BROOKLYN",,,,,,,,"40.60679595664","-73.98237826592","POINT (-73.982378265917 40.606795956636)"
"51372641","2021 Jul 29 10:41:56 PM","2021 Jul 29 10:41:56 PM","DOHMH","Department of Health and Mental Hygiene","Rodent","Rat Sighting","Other (Explain Below)","11214","2150 BENSON AVENUE","BENSON AVENUE","BAY 29 STREET","BAY PARKWAY","BAY   29 STREET","BAY PARKWAY","ADDRESS","BROOKLYN","BENSON AVENUE",,"Closed",,"2021 Jul 29 10:41:56 PM","11 BROOKLYN","BROOKLYN","985,289","158,098","Unspecified","BROOKLYN",,,,,,,,"40.60061870997","-73.9962584738","POINT (-73.996258473804 40.600618709967)"
"51365966","2021 Jul 28 08:32:18 AM","2021 Jul 28 08:32:18 AM","DOHMH","Department of Health and Mental Hygiene","Rodent","Rat Sighting","School/Pre-School","11214","7601 19 AVENUE","19 AVENUE","76 STREET","77 STREET","76 STREET","77 STREET","ADDRESS","BROOKLYN","19 AVENUE",,"Closed",,"2021 Jul 28 08:32:18 AM","11 BROOKLYN","BROOKLYN","985,728","162,056","Unspecified","BROOKLYN",,,,,,,,"40.61148254911","-73.99467673181","POINT (-73.994676731807 40.611482549105)"
"51301090","2021 Jul 23 05:21:57 PM",,"DOHMH","Department of Health and Mental Hygiene","Rodent","Rat Sighting","3+ Family Apt. Building","11228","BAY    8 STREET","BAY    8 STREET","BAY    8 STREET","CROPSEY AVENUE","BAY    8 STREET","CROPSEY AVENUE","INTERSECTION",,,,"In Progress",,,"11 BROOKLYN","BROOKLYN","979,947","160,366","Unspecified","BROOKLYN",,,,,,,,"40.60684292429","-74.01549690885","POINT (-74.015496908847 40.606842924294)"
"51155133","2021 Jul 09 12:11:34 PM","2021 Oct 18 11:18:06 AM","DOHMH","Department of Health and Mental Hygiene","Rodent","Rat Sighting","Other (Explain Below)","11204","100 AVENUE P","AVENUE P","WEST 12 STREET","WEST 11 STREET","WEST   12 STREET","WEST   11 STREET","ADDRESS","BROOKLYN","AVENUE P",,"Closed",,"2021 Jul 09 12:11:34 PM","11 BROOKLYN","BROOKLYN","988,510","160,614","Unspecified","BROOKLYN",,,,,,,,"40.60752365432","-73.98465779576","POINT (-73.984657795765 40.607523654325)"
"51149044","2021 Jul 08 12:14:18 PM","2021 Sep 20 01:12:09 PM","DOHMH","Department of Health and Mental Hygiene","Rodent","Rat Sighting","Commercial Building","11228","7301 15 AVENUE","15 AVENUE","73 STREET","74 STREET","73 STREET","74 STREET","ADDRESS","BROOKLYN","15 AVENUE",,"Closed",,"2021 Jul 08 12:14:18 PM","11 BROOKLYN","BROOKLYN","983,723","164,692","Unspecified","BROOKLYN",,,,,,,,"40.61871793162","-74.00189828581","POINT (-74.001898285809 40.618717931625)"
"51124317","2021 Jul 06 02:41:02 PM","2021 Jul 06 02:41:02 PM","DOHMH","Department of Health and Mental Hygiene","Rodent","Rat Sighting","3+ Family Apt. Building","11204","100 AVENUE P","AVENUE P","WEST 12 STREET","WEST 11 STREET","WEST   12 STREET","WEST   11 STREET","ADDRESS","BROOKLYN","AVENUE P",,"Closed",,"2021 Jul 06 02:41:02 PM","11 BROOKLYN","BROOKLYN","988,510","160,614","Unspecified","BROOKLYN",,,,,,,,"40.60752365432","-73.98465779576","POINT (-73.984657795765 40.607523654325)"
"51109201","2021 Jul 05 10:47:32 AM","2021 Jul 05 10:47:32 AM","DOHMH","Department of Health and Mental Hygiene","Rodent","Rat Sighting","1-2 Family Dwelling","11228","1517 85 STREET","85 STREET","15 AVENUE","16 AVENUE","15 AVENUE","16 AVENUE","ADDRESS","BROOKLYN","85 STREET",,"Closed",,"2021 Jul 05 10:47:32 AM","11 BROOKLYN","BROOKLYN","981,947","162,122","Unspecified","BROOKLYN",,,,,,,,"40.61166352951","-74.0082946684","POINT (-74.0082946684 40.611663529506)"
"51081149","2021 Jul 02 03:51:50 PM","2021 Jul 02 03:51:50 PM","DOHMH","Department of Health and Mental Hygiene","Rodent","Rat Sighting","3+ Family Apt. Building","11214","8855 BAY PARKWAY","BAY PARKWAY","CROPSEY AVENUE","BELT PARKWAY WB BAY PARKWAY EN","CROPSEY AVENUE","BELT PARKWAY WB BAY PARKWAY EN","ADDRESS","BROOKLYN","BAY PARKWAY",,"Closed",,"2021 Jul 02 03:51:50 PM","11 BROOKLYN","BROOKLYN","984,498","156,718","Unspecified","BROOKLYN",,,,,,,,"40.59683094655","-73.99910698185","POINT (-73.999106981848 40.596830946552)"
"51036354","2021 Jun 28 11:55:14 AM","2021 Oct 18 11:21:15 AM","DOHMH","Department of Health and Mental Hygiene","Rodent","Rat Sighting","1-2 Family Dwelling","11204","1495 DAHILL ROAD","DAHILL ROAD","63 STREET","AVENUE O","63 STREET","AVENUE O","ADDRESS","BROOKLYN","DAHILL ROAD",,"Closed",,"2021 Jun 28 11:55:14 AM","11 BROOKLYN","BROOKLYN","991,319","162,041","Unspecified","BROOKLYN",,,,,,,,"40.61143868072","-73.97453981148","POINT (-73.974539811478 40.611438680718)"
"51001879","2021 Jun 25 11:23:34 AM","2021 Jun 25 11:23:34 AM","DOHMH","Department of Health and Mental Hygiene","Rodent","Rat Sighting","Commercial Building","11204","6202 18 AVENUE","18 AVENUE","62 STREET","63 STREET","62 STREET","63 STREET","ADDRESS","BROOKLYN","18 AVENUE",,"Closed",,"2021 Jun 25 11:23:34 AM","11 BROOKLYN","BROOKLYN","987,437","165,445","Unspecified","BROOKLYN",,,,,,,,"40.62078420239","-73.98851987823","POINT (-73.988519878231 40.620784202386)"
"50994974","2021 Jun 24 04:30:48 PM","2021 Oct 18 11:23:18 AM","DOHMH","Department of Health and Mental Hygiene","Rodent","Rat Sighting","Other (Explain Below)","11214","1730 SHORE PARKWAY","SHORE PARKWAY","BELT PARKWAY EB EN BAY PKWY","BAY 38 STREET","BELT PARKWAY EB EN BAY PKWY","BAY   38 STREET","ADDRESS","BROOKLYN","SHORE PARKWAY",,"Closed",,"2021 Jun 24 04:30:48 PM","11 BROOKLYN","BROOKLYN","985,013","155,639","Unspecified","BROOKLYN",,,,,,,,"40.59386927947","-73.99725265069","POINT (-73.997252650691 40.593869279472)"
"50988146","2021 Jun 24 04:21:37 PM","2021 Jun 24 04:21:37 PM","DOHMH","Department of Health and Mental Hygiene","Rodent","Rat Sighting","Other (Explain Below)","11214","1730 SHORE PARKWAY","SHORE PARKWAY","BELT PARKWAY EB EN BAY PKWY","BAY 38 STREET","BELT PARKWAY EB EN BAY PKWY","BAY   38 STREET","ADDRESS","BROOKLYN","SHORE PARKWAY",,"Closed",,"2021 Jun 24 04:21:37 PM","11 BROOKLYN","BROOKLYN","985,013","155,639","Unspecified","BROOKLYN",,,,,,,,"40.59386927947","-73.99725265069","POINT (-73.997252650691 40.593869279472)"
"50970567","2021 Jun 22 02:29:28 PM",,"DOHMH","Department of Health and Mental Hygiene","Rodent","Rat Sighting","1-2 Family Dwelling","11204","6410 20 AVENUE","20 AVENUE","64 STREET","65 STREET","64 STREET","65 STREET","ADDRESS","BROOKLYN","20 AVENUE",,"In Progress",,,"11 BROOKLYN","BROOKLYN","988,309","164,065","Unspecified","BROOKLYN",,,,,,,,"40.61699603268","-73.98537961409","POINT (-73.98537961409 40.616996032685)"
"50961175","2021 Jun 21 12:45:56 PM","2021 Jun 21 12:45:56 PM","DOHMH","Department of Health and Mental Hygiene","Rodent","Rat Sighting","3+ Family Apt. Building","11214","2137 CROPSEY AVENUE","CROPSEY AVENUE","BAY 28 STREET","BAY 29 STREET","BAY   28 STREET","BAY   29 STREET","ADDRESS","BROOKLYN","CROPSEY AVENUE",,"Closed",,"2021 Jun 21 12:45:56 PM","11 BROOKLYN","BROOKLYN","984,305","157,192","Unspecified","BROOKLYN",,,,,,,,"40.59813198413","-73.99980194776","POINT (-73.999801947761 40.598131984127)"
"50919021","2021 Jun 17 02:54:44 PM","2021 Sep 29 09:51:18 AM","DOHMH","Department of Health and Mental Hygiene","Rodent","Rat Sighting","1-2 Family Dwelling","11214","7624 20 AVENUE","20 AVENUE","76 STREET","77 STREET","76 STREET","77 STREET","ADDRESS","BROOKLYN","20 AVENUE",,"Closed",,"2021 Jun 17 02:54:44 PM","11 BROOKLYN","BROOKLYN","986,308","161,540","Unspecified","BROOKLYN",,,,,,,,"40.61006611946","-73.9925879205","POINT (-73.992587920496 40.610066119457)"
"50851024","2021 Jun 11 04:34:32 PM","2021 Jun 11 04:34:32 PM","DOHMH","Department of Health and Mental Hygiene","Rodent","Rat Sighting","Other (Explain Below)","11204","1768 63 STREET","63 STREET","17 AVENUE","18 AVENUE","17 AVENUE","18 AVENUE","ADDRESS","BROOKLYN","63 STREET",,"Closed",,"2021 Jun 11 04:34:32 PM","11 BROOKLYN","BROOKLYN","987,075","165,449","Unspecified","BROOKLYN",,,,,,,,"40.62079530438","-73.98982386276","POINT (-73.989823862764 40.620795304376)"
"50815097","2021 Jun 08 09:59:30 PM","2021 Oct 18 11:06:50 AM","DOHMH","Department of Health and Mental Hygiene","Rodent","Rat Sighting","3+ Family Apt. Building","11204","1723 73 STREET","73 STREET","17 AVENUE","18 AVENUE","17 AVENUE","18 AVENUE","ADDRESS","BROOKLYN","73 STREET",,"Closed",,"2021 Jun 08 09:59:30 PM","11 BROOKLYN","BROOKLYN","985,241","163,542","Unspecified","BROOKLYN",,,,,,,,"40.61556138034","-73.99643052698","POINT (-73.996430526982 40.615561380336)"
"50805450","2021 Jun 07 07:00:15 PM",,"DOHMH","Department of Health and Mental Hygiene","Rodent","Rat Sighting","1-2 Family Dwelling","11204","AVENUE P","AVENUE P","AVENUE P","WEST    5 STREET","AVENUE P","WEST    5 STREET","INTERSECTION",,,,"In Progress",,,"11 BROOKLYN","BROOKLYN","990,164","160,856","Unspecified","BROOKLYN",,,,,,,,"40.60818694525","-73.97870077517","POINT (-73.978700775174 40.608186945253)"
"50796863","2021 Jun 06 10:32:56 PM",,"DOHMH","Department of Health and Mental Hygiene","Rodent","Rat Sighting","Parking Lot/Garage","11204","1469 WEST    8 STREET","WEST    8 STREET","67 STREET","AVENUE O","67 STREET","AVENUE O","ADDRESS","BROOKLYN","WEST    8 STREET",,"In Progress",,,"11 BROOKLYN","BROOKLYN","989,183","161,923","Unspecified","BROOKLYN",,,,,,,,"40.6111162416","-73.98223305949","POINT (-73.982233059493 40.611116241596)"
"50764884","2021 Jun 03 05:53:02 AM","2021 Jun 03 05:53:02 AM","DOHMH","Department of Health and Mental Hygiene","Rodent","Rat Sighting","3+ Family Apt. Building","11214","8121 20 AVENUE","20 AVENUE","81 STREET","82 STREET","81 STREET","82 STREET","ADDRESS","BROOKLYN","20 AVENUE",,"Closed",,"2021 Jun 03 05:53:02 AM","11 BROOKLYN","BROOKLYN","985,509","160,524","Unspecified","BROOKLYN",,,,,,,,"40.60727755727","-73.99546578314","POINT (-73.995465783136 40.607277557274)"
"50737219","2021 Jun 01 04:29:27 PM","2021 Jun 01 04:29:27 PM","DOHMH","Department of Health and Mental Hygiene","Rodent","Rat Sighting","3+ Family Apt. Building","11214","1638 78 STREET","78 STREET","16 AVENUE","NEW UTRECHT AVENUE","16 AVENUE","NEW UTRECHT AVENUE","ADDRESS","BROOKLYN","78 STREET",,"Closed",,"2021 Jun 01 04:29:27 PM","11 BROOKLYN","BROOKLYN","983,793","162,973","Unspecified","BROOKLYN",,,,,,,,"40.61399963658","-74.00164602523","POINT (-74.001646025232 40.613999636576)"
"50731428","2021 May 31 11:26:22 AM","2021 May 31 11:26:22 AM","DOHMH","Department of Health and Mental Hygiene","Rodent","Rat Sighting","Other (Explain Below)","11204","2063 66 STREET","66 STREET","20 AVENUE","21 AVENUE","20 AVENUE","21 AVENUE","ADDRESS","BROOKLYN","66 STREET",,"Closed",,"2021 May 31 11:26:22 AM","11 BROOKLYN","BROOKLYN","988,366","163,388","Unspecified","BROOKLYN",,,,,,,,"40.61513778159","-73.98517471466","POINT (-73.985174714655 40.615137781589)"
"50705486","2021 May 28 11:09:16 AM","2021 Sep 29 09:52:54 AM","DOHMH","Department of Health and Mental Hygiene","Rodent","Rat Sighting","Commercial Building","11214","2275 86 STREET","86 STREET","BAY 32 STREET","23 AVENUE","BAY   32 STREET","23 AVENUE","ADDRESS","BROOKLYN","86 STREET",,"Closed",,"2021 May 28 11:09:16 AM","11 BROOKLYN","BROOKLYN","986,468","158,181","Unspecified","BROOKLYN",,,,,,,,"40.60084631148","-73.99201276862","POINT (-73.992012768622 40.600846311484)"
"50675890","2021 May 25 10:36:48 AM","2021 Sep 29 09:51:18 AM","DOHMH","Department of Health and Mental Hygiene","Rodent","Rat Sighting","1-2 Family Dwelling","11214","7624 20 AVENUE","20 AVENUE","76 STREET","77 STREET","76 STREET","77 STREET","ADDRESS","BROOKLYN","20 AVENUE",,"Closed",,"2021 May 25 10:36:48 AM","11 BROOKLYN","BROOKLYN","986,308","161,540","Unspecified","BROOKLYN",,,,,,,,"40.61006611946","-73.9925879205","POINT (-73.992587920496 40.610066119457)"
"50619961","2021 May 21 01:18:11 AM","2021 May 21 01:18:11 AM","DOHMH","Department of Health and Mental Hygiene","Rodent","Rat Sighting","Commercial Building","11214","2151 86 STREET","86 STREET","BAY 28 STREET","BAY 29 STREET","BAY   28 STREET","BAY   29 STREET","ADDRESS","BROOKLYN","86 STREET",,"Closed",,"2021 May 21 01:18:11 AM","11 BROOKLYN","BROOKLYN","985,694","158,802","Unspecified","BROOKLYN",,,,,,,,"40.60255099028","-73.99479988432","POINT (-73.99479988432 40.60255099028)"
"50620133","2021 May 20 05:15:09 PM","2021 May 20 05:15:09 PM","DOHMH","Department of Health and Mental Hygiene","Rodent","Rat Sighting","Vacant Lot","11228","7908 15 AVENUE","15 AVENUE","79 STREET","80 STREET","79 STREET","80 STREET","ADDRESS","BROOKLYN","15 AVENUE",,"Closed",,"2021 May 20 05:15:09 PM","11 BROOKLYN","BROOKLYN","982,716","163,430","Unspecified","BROOKLYN",,,,,,,,"40.61525388613","-74.00552527385","POINT (-74.005525273853 40.615253886134)"
"50585246","2021 May 16 09:27:14 AM","2021 Sep 20 01:16:22 PM","DOHMH","Department of Health and Mental Hygiene","Rodent","Rat Sighting","3+ Family Apt. Building","11214","8020 BAY PARKWAY","BAY PARKWAY","80 STREET","81 STREET","80 STREET","81 STREET","ADDRESS","BROOKLYN","BAY PARKWAY",,"Closed",,"2021 May 16 09:27:14 AM","11 BROOKLYN","BROOKLYN","986,896","159,756","Unspecified","BROOKLYN",,,,,,,,"40.60516924859","-73.99047088247","POINT (-73.990470882469 40.605169248592)"
"50572209","2021 May 15 07:50:14 PM","2021 May 24 12:51:00 PM","DOHMH","Department of Health and Mental Hygiene","Rodent","Rat Sighting","Other (Explain Below)","11219","1550 BAY RIDGE AVENUE","BAY RIDGE AVENUE","NEW UTRECHT AVENUE","16 AVENUE","NEW UTRECHT AVENUE","16 AVENUE","ADDRESS","BROOKLYN","BAY RIDGE AVENUE",,"Closed",,"2021 May 15 07:50:14 PM","11 BROOKLYN","BROOKLYN","984,744","165,256","Unspecified","BROOKLYN",,,,,,,,"40.6202659962","-73.99822054091","POINT (-73.998220540913 40.620265996201)"
"50553269","2021 May 13 10:57:16 AM","2021 May 24 10:27:58 AM","DOHMH","Department of Health and Mental Hygiene","Rodent","Rat Sighting","Commercial Building","11219","1550 BAY RIDGE AVENUE","BAY RIDGE AVENUE","NEW UTRECHT AVENUE","16 AVENUE","NEW UTRECHT AVENUE","16 AVENUE","ADDRESS","BROOKLYN","BAY RIDGE AVENUE",,"Closed",,"2021 May 13 10:57:16 AM","11 BROOKLYN","BROOKLYN","984,744","165,256","Unspecified","BROOKLYN",,,,,,,,"40.6202659962","-73.99822054091","POINT (-73.998220540913 40.620265996201)"
"50554509","2021 May 13 09:08:24 AM","2021 May 13 09:08:24 AM","DOHMH","Department of Health and Mental Hygiene","Rodent","Rat Sighting","3+ Family Mixed Use Building","11219","1550 BAYRIDGE AVENUE","BAYRIDGE AVENUE","NEW UTRECHT AVENUE","16 AVENUE","NEW UTRECHT AVENUE","16 AVENUE","ADDRESS","BROOKLYN","BAY RIDGE AVENUE",,"Closed",,"2021 May 13 09:08:24 AM","11 BROOKLYN","BROOKLYN","984,744","165,256","Unspecified","BROOKLYN",,,,,,,,"40.6202659962","-73.99822054091","POINT (-73.998220540913 40.620265996201)"
"50502133","2021 May 07 02:47:13 PM",,"DOHMH","Department of Health and Mental Hygiene","Rodent","Rat Sighting","1-2 Family Dwelling","11223","1663 WEST    2 STREET","WEST    2 STREET","AVENUE P","QUENTIN ROAD","AVENUE P","QUENTIN ROAD","ADDRESS","BROOKLYN","WEST    2 STREET",,"In Progress",,,"11 BROOKLYN","BROOKLYN","991,007","160,506","Unspecified","BROOKLYN",,,,,,,,"40.60722566423","-73.97566506758","POINT (-73.975665067582 40.607225664229)"
"50450115","2021 May 02 10:24:58 AM","2021 May 02 10:24:58 AM","DOHMH","Department of Health and Mental Hygiene","Rodent","Rat Sighting","Other (Explain Below)","11214","1852 BATH AVENUE","BATH AVENUE","RACHEL PALISENO WAY","19 AVENUE","RACHEL PALISENO WAY","19 AVENUE","ADDRESS","BROOKLYN","BATH AVENUE",,"Closed",,"2021 May 02 10:24:58 AM","11 BROOKLYN","BROOKLYN","983,000","158,965","Unspecified","BROOKLYN",,,,,,,,"40.60299842162","-74.00450151535","POINT (-74.004501515346 40.602998421617)"
"50427435","2021 Apr 30 07:15:24 AM","2021 Sep 28 01:34:47 PM","DOHMH","Department of Health and Mental Hygiene","Rodent","Rat Sighting","3+ Family Apt. Building","11214","8797 25 AVENUE","25 AVENUE","BATH AVENUE","HARWAY AVENUE","BATH AVENUE","HARWAY AVENUE","ADDRESS","BROOKLYN","25 AVENUE",,"Closed",,"2021 Apr 30 07:15:24 AM","11 BROOKLYN","BROOKLYN","986,636","155,636","Unspecified","BROOKLYN",,,,,,,,"40.59386075676","-73.99140868332","POINT (-73.991408683323 40.593860756758)"
"50406992","2021 Apr 28 06:35:50 AM",,"DOHMH","Department of Health and Mental Hygiene","Rodent","Rat Sighting","Other (Explain Below)","11214","24 AVENUE","24 AVENUE","24 AVENUE","SHORE PARKWAY","24 AVENUE","SHORE PARKWAY","INTERSECTION",,,,"In Progress",,,"11 BROOKLYN","BROOKLYN","985,311","155,679","Unspecified","BROOKLYN",,,,,,,,"40.59397904077","-73.99617962987","POINT (-73.996179629871 40.593979040769)"
"50368023","2021 Apr 24 08:11:13 PM","2021 Apr 24 08:11:13 PM","DOHMH","Department of Health and Mental Hygiene","Rodent","Rat Sighting","Commercial Building","11214","2160 BATH AVENUE","BATH AVENUE","BAY 29 STREET","BAY PARKWAY","BAY   29 STREET","BAY PARKWAY","ADDRESS","BROOKLYN","BATH AVENUE",,"Closed",,"2021 Apr 24 08:11:13 PM","11 BROOKLYN","BROOKLYN","984,844","157,471","Unspecified","BROOKLYN",,,,,,,,"40.59889776297","-73.99786101128","POINT (-73.997861011283 40.59889776297)"
"50350576","2021 Apr 23 09:54:29 AM","2021 Sep 08 03:00:46 PM","DOHMH","Department of Health and Mental Hygiene","Rodent","Rat Sighting","3+ Family Apt. Building","11223","1958 WEST    5 STREET","WEST    5 STREET","AVENUE S","AVENUE T","AVENUE S","AVENUE T","ADDRESS","BROOKLYN","WEST    5 STREET",,"Closed",,"2021 Apr 23 09:54:29 AM","11 BROOKLYN","BROOKLYN","990,597","157,841","Unspecified","BROOKLYN",,,,,,,,"40.59991108519","-73.97714416232","POINT (-73.977144162319 40.599911085194)"
"50333438","2021 Apr 21 04:03:26 PM","2021 Apr 21 04:03:26 PM","DOHMH","Department of Health and Mental Hygiene","Rodent","Rat Sighting","Other (Explain Below)","11204","27 AVENUE O","AVENUE O","AVENUE O","MCDONALD AVENUE","AVENUE O","MCDONALD AVENUE","ADDRESS","BROOKLYN",,,"Closed",,"2021 Apr 21 04:03:26 PM","11 BROOKLYN","BROOKLYN","988,631","161,589","Unspecified","BROOKLYN",,,,,,,,"40.61019977037","-73.98422138705","POINT (-73.984221387049 40.610199770373)"
"50296306","2021 Apr 16 09:36:03 AM","2021 Apr 16 09:36:03 AM","DOHMH","Department of Health and Mental Hygiene","Rodent","Rat Sighting","Commercial Building","11214","2275 86 STREET","86 STREET","BAY 32 STREET","23 AVENUE","BAY   32 STREET","23 AVENUE","ADDRESS","BROOKLYN","86 STREET",,"Closed",,"2021 Apr 16 09:36:03 AM","11 BROOKLYN","BROOKLYN","986,468","158,181","Unspecified","BROOKLYN",,,,,,,,"40.60084631148","-73.99201276862","POINT (-73.992012768622 40.600846311484)"
"50283670","2021 Apr 15 09:27:26 AM","2021 Apr 20 12:35:19 PM","DOHMH","Department of Health and Mental Hygiene","Rodent","Rat Sighting","1-2 Family Dwelling","11223","202 VAN SICKLEN STREET","VAN SICKLEN STREET","AVENUE S","ASSOC CAGGIANESI D'AMERICA WAY","AVENUE S","ASSOC CAGGIANESI D'AMERICA WAY","ADDRESS","BROOKLYN","VAN SICKLEN STREET",,"Closed",,"2021 Apr 15 09:27:26 AM","11 BROOKLYN","BROOKLYN","991,290","157,741","Unspecified","BROOKLYN",,,,,,,,"40.59963608206","-73.97464874193","POINT (-73.97464874193 40.59963608206)"
"50283672","2021 Apr 15 09:23:05 AM","2021 Apr 20 12:37:31 PM","DOHMH","Department of Health and Mental Hygiene","Rodent","Rat Sighting","1-2 Family Dwelling","11223","149 VAN SICKLEN STREET","VAN SICKLEN STREET","AVENUE S","ASSOC CAGGIANESI D'AMERICA WAY","AVENUE S","ASSOC CAGGIANESI D'AMERICA WAY","ADDRESS","BROOKLYN","VAN SICKLEN STREET",,"Closed",,"2021 Apr 15 09:23:05 AM","11 BROOKLYN","BROOKLYN","991,332","158,082","Unspecified","BROOKLYN",,,,,,,,"40.60057202445","-73.97449714113","POINT (-73.974497141135 40.600572024454)"
"50286542","2021 Apr 15 08:08:42 AM","2021 Apr 20 12:37:31 PM","DOHMH","Department of Health and Mental Hygiene","Rodent","Rat Sighting","1-2 Family Dwelling","11223","149 VAN SICKLEN STREET","VAN SICKLEN STREET","AVENUE S","ASSOC CAGGIANESI D'AMERICA WAY","AVENUE S","ASSOC CAGGIANESI D'AMERICA WAY","ADDRESS","BROOKLYN","VAN SICKLEN STREET",,"Closed",,"2021 Apr 15 08:08:42 AM","11 BROOKLYN","BROOKLYN","991,332","158,082","Unspecified","BROOKLYN",,,,,,,,"40.60057202445","-73.97449714113","POINT (-73.974497141135 40.600572024454)"
"50278726","2021 Apr 14 12:31:47 PM","2021 Apr 20 12:37:31 PM","DOHMH","Department of Health and Mental Hygiene","Rodent","Rat Sighting","1-2 Family Dwelling","11223","149 VAN SICKLEN STREET","VAN SICKLEN STREET","AVENUE S","ASSOC CAGGIANESI D'AMERICA WAY","AVENUE S","ASSOC CAGGIANESI D'AMERICA WAY","ADDRESS","BROOKLYN","VAN SICKLEN STREET",,"Closed",,"2021 Apr 14 12:31:47 PM","11 BROOKLYN","BROOKLYN","991,332","158,082","Unspecified","BROOKLYN",,,,,,,,"40.60057202445","-73.97449714113","POINT (-73.974497141135 40.600572024454)"
"50273545","2021 Apr 14 09:50:20 AM","2021 Apr 14 09:50:20 AM","DOHMH","Department of Health and Mental Hygiene","Rodent","Rat Sighting","3+ Family Apt. Building","11219","1435 64 STREET","64 STREET","14 AVENUE","NEW UTRECHT AVENUE","14 AVENUE","NEW UTRECHT AVENUE","ADDRESS","BROOKLYN","64 STREET",,"Closed",,"2021 Apr 14 09:50:20 AM","11 BROOKLYN","BROOKLYN","984,831","166,903","Unspecified","BROOKLYN",,,,,,,,"40.62478666188","-73.99790701264","POINT (-73.997907012642 40.624786661877)"
"50263334","2021 Apr 12 12:57:12 PM","2021 Sep 29 10:00:18 AM","DOHMH","Department of Health and Mental Hygiene","Rodent","Rat Sighting","1-2 Family Dwelling","11223","1663 WEST    2 STREET","WEST    2 STREET","AVENUE P","QUENTIN ROAD","AVENUE P","QUENTIN ROAD","ADDRESS","BROOKLYN","WEST    2 STREET",,"Closed",,"2021 Apr 12 12:57:12 PM","11 BROOKLYN","BROOKLYN","991,007","160,506","Unspecified","BROOKLYN",,,,,,,,"40.60722566423","-73.97566506758","POINT (-73.975665067582 40.607225664229)"
"50260062","2021 Apr 12 09:41:48 AM","2021 Apr 20 12:35:19 PM","DOHMH","Department of Health and Mental Hygiene","Rodent","Rat Sighting","1-2 Family Dwelling","11223","202 VAN SICKLEN STREET","VAN SICKLEN STREET","AVENUE S","ASSOC CAGGIANESI D'AMERICA WAY","AVENUE S","ASSOC CAGGIANESI D'AMERICA WAY","ADDRESS","BROOKLYN","VAN SICKLEN STREET",,"Closed",,"2021 Apr 12 09:41:48 AM","11 BROOKLYN","BROOKLYN","991,290","157,741","Unspecified","BROOKLYN",,,,,,,,"40.59963608206","-73.97464874193","POINT (-73.97464874193 40.59963608206)"
"50230404","2021 Apr 08 04:57:24 PM","2021 Apr 20 12:37:32 PM","DOHMH","Department of Health and Mental Hygiene","Rodent","Rat Sighting","3+ Family Apt. Building","11223","149 VAN SICKLEN STREET","VAN SICKLEN STREET","AVENUE S","ASSOC CAGGIANESI D'AMERICA WAY","AVENUE S","ASSOC CAGGIANESI D'AMERICA WAY","ADDRESS","BROOKLYN","VAN SICKLEN STREET",,"Closed",,"2021 Apr 08 04:57:24 PM","11 BROOKLYN","BROOKLYN","991,332","158,082","Unspecified","BROOKLYN",,,,,,,,"40.60057202445","-73.97449714113","POINT (-73.974497141135 40.600572024454)"
"50222442","2021 Apr 08 09:34:42 AM","2021 Apr 08 09:34:42 AM","DOHMH","Department of Health and Mental Hygiene","Rodent","Rat Sighting","1-2 Family Dwelling","11204","2059 66 STREET","66 STREET","20 AVENUE","21 AVENUE","20 AVENUE","21 AVENUE","ADDRESS","BROOKLYN","66 STREET",,"Closed",,"2021 Apr 08 09:34:42 AM","11 BROOKLYN","BROOKLYN","988,348","163,401","Unspecified","BROOKLYN",,,,,,,,"40.61517347224","-73.98523954037","POINT (-73.985239540374 40.615173472244)"
"50204024","2021 Apr 06 05:16:48 PM","2021 Apr 06 05:16:48 PM","DOHMH","Department of Health and Mental Hygiene","Rodent","Rat Sighting","3+ Family Apt. Building","11214","8797 25 AVENUE","25 AVENUE","BATH AVENUE","HARWAY AVENUE","BATH AVENUE","HARWAY AVENUE","ADDRESS","BROOKLYN","25 AVENUE",,"Closed",,"2021 Apr 06 05:16:48 PM","11 BROOKLYN","BROOKLYN","986,636","155,636","Unspecified","BROOKLYN",,,,,,,,"40.59386075676","-73.99140868332","POINT (-73.991408683323 40.593860756758)"
"50179370","2021 Apr 02 01:40:11 PM",,"DOHMH","Department of Health and Mental Hygiene","Rodent","Rat Sighting","1-2 Family Mixed Use Building","11214","164 BAY   41 STREET","BAY   41 STREET","BENSON AVENUE","BATH AVENUE","BENSON AVENUE","BATH AVENUE","ADDRESS","BROOKLYN","BAY   41 STREET",,"In Progress",,,"11 BROOKLYN","BROOKLYN","987,239","155,575","Unspecified","BROOKLYN",,,,,,,,"40.59369314118","-73.98923747648","POINT (-73.989237476484 40.593693141177)"
"50140371","2021 Mar 29 11:13:25 PM","2021 Mar 31 09:06:11 AM","DOHMH","Department of Health and Mental Hygiene","Rodent","Rat Sighting","1-2 Family Dwelling","11219","1540 62 STREET","62 STREET","15 AVENUE","16 AVENUE","15 AVENUE","16 AVENUE","ADDRESS","BROOKLYN","62 STREET",,"Closed",,"2021 Mar 29 11:13:25 PM","11 BROOKLYN","BROOKLYN","985,811","166,784","Unspecified","BROOKLYN",,,,,,,,"40.62445991333","-73.99437670005","POINT (-73.994376700045 40.624459913333)"
"50144992","2021 Mar 29 11:10:35 PM","2021 Mar 31 09:13:32 AM","DOHMH","Department of Health and Mental Hygiene","Rodent","Rat Sighting","1-2 Family Dwelling","11219","1542 62 STREET","62 STREET","15 AVENUE","16 AVENUE","15 AVENUE","16 AVENUE","ADDRESS","BROOKLYN","62 STREET",,"Closed",,"2021 Mar 29 11:10:35 PM","11 BROOKLYN","BROOKLYN","985,819","166,777","Unspecified","BROOKLYN",,,,,,,,"40.62444069839","-73.99434788271","POINT (-73.99434788271 40.624440698386)"
"50144967","2021 Mar 29 11:06:35 PM","2021 Mar 31 09:06:11 AM","DOHMH","Department of Health and Mental Hygiene","Rodent","Rat Sighting","1-2 Family Dwelling","11219","1540 62 STREET","62 STREET","15 AVENUE","16 AVENUE","15 AVENUE","16 AVENUE","ADDRESS","BROOKLYN","62 STREET",,"Closed",,"2021 Mar 29 11:06:35 PM","11 BROOKLYN","BROOKLYN","985,811","166,784","Unspecified","BROOKLYN",,,,,,,,"40.62445991333","-73.99437670005","POINT (-73.994376700045 40.624459913333)"
"50143858","2021 Mar 29 11:00:42 PM","2021 Mar 31 09:12:29 AM","DOHMH","Department of Health and Mental Hygiene","Rodent","Rat Sighting","1-2 Family Dwelling","11219","1538 62 STREET","62 STREET","15 AVENUE","16 AVENUE","15 AVENUE","16 AVENUE","ADDRESS","BROOKLYN","62 STREET",,"Closed",,"2021 Mar 29 11:00:42 PM","11 BROOKLYN","BROOKLYN","985,802","166,791","Unspecified","BROOKLYN",,,,,,,,"40.62447912845","-73.99440911977","POINT (-73.994409119768 40.624479128448)"
"50042717","2021 Mar 17 05:39:05 PM",,"DOHMH","Department of Health and Mental Hygiene","Rodent","Rat Sighting","Other (Explain Below)","11204","1588 DAHILL ROAD","DAHILL ROAD","65 STREET","AVENUE P","65 STREET","AVENUE P","ADDRESS","BROOKLYN","DAHILL ROAD",,"In Progress",,,"11 BROOKLYN","BROOKLYN","991,434","161,201","Unspecified","BROOKLYN",,,,,,,,"40.60913296089","-73.97412651333","POINT (-73.974126513333 40.609132960892)"
"50025787","2021 Mar 15 10:42:59 AM","2021 Apr 01 01:13:18 PM","DOHMH","Department of Health and Mental Hygiene","Rodent","Rat Sighting","3+ Family Apt. Building","11214","1459 SHORE PARKWAY","SHORE PARKWAY","19 AVENUE","20 AVENUE","19 AVENUE","20 AVENUE","ADDRESS","BROOKLYN","SHORE PARKWAY",,"Closed",,"2021 Mar 15 10:42:59 AM","11 BROOKLYN","BROOKLYN","982,764","157,274","Unspecified","BROOKLYN",,,,,,,,"40.59835693314","-74.00535102944","POINT (-74.005351029444 40.598356933142)"
"50017835","2021 Mar 14 01:30:18 AM",,"DOHMH","Department of Health and Mental Hygiene","Rodent","Rat Sighting","Government Building","11214","8635 21 AVENUE","21 AVENUE","86 STREET","BENSON AVENUE","86 STREET","BENSON AVENUE","ADDRESS","BROOKLYN","21 AVENUE",,"In Progress",,,"11 BROOKLYN","BROOKLYN","985,131","158,792","Unspecified","BROOKLYN",,,,,,,,"40.60252361617","-73.99682735455","POINT (-73.996827354547 40.602523616166)"
"50012105","2021 Mar 13 10:46:39 AM","2021 Mar 13 10:46:39 AM","DOHMH","Department of Health and Mental Hygiene","Rodent","Rat Sighting","3+ Family Mixed Use Building","11219","6326 NEW UTRECHT AVENUE","NEW UTRECHT AVENUE","63 STREET","64 STREET","63 STREET","64 STREET","ADDRESS","BROOKLYN","NEW UTRECHT AVENUE",,"Closed",,"2021 Mar 13 10:46:39 AM","11 BROOKLYN","BROOKLYN","984,990","166,993","Unspecified","BROOKLYN",,,,,,,,"40.62503368116","-73.9973342231","POINT (-73.997334223102 40.62503368116)"
"50000691","2021 Mar 12 06:07:04 PM","2021 Mar 31 09:16:31 AM","DOHMH","Department of Health and Mental Hygiene","Rodent","Rat Sighting","3+ Family Apt. Building","11214","2069 85 STREET","85 STREET","20 AVENUE","21 AVENUE","20 AVENUE","21 AVENUE","ADDRESS","BROOKLYN","85 STREET",,"Closed",,"2021 Mar 12 06:07:04 PM","11 BROOKLYN","BROOKLYN","985,298","159,465","Unspecified","BROOKLYN",,,,,,,,"40.604370846","-73.99622585195","POINT (-73.996225851953 40.604370845995)"
"49917371","2021 Mar 03 04:28:29 PM",,"DOHMH","Department of Health and Mental Hygiene","Rodent","Rat Sighting","Other (Explain Below)","11204","1502 WEST    6 STREET","WEST    6 STREET","AVENUE O","AVENUE P","AVENUE O","AVENUE P","ADDRESS","BROOKLYN","WEST    6 STREET",,"In Progress",,,"11 BROOKLYN","BROOKLYN","989,772","161,594","Unspecified","BROOKLYN",,,,,,,,"40.61021285676","-73.98011195661","POINT (-73.980111956615 40.610212856761)"
"49802685","2021 Feb 16 02:20:55 PM","2021 Feb 16 02:20:55 PM","DOHMH","Department of Health and Mental Hygiene","Rodent","Rat Sighting","3+ Family Apt. Building","11214","288 BAY   38 STREET","BAY   38 STREET","CROPSEY AVENUE","SHORE PARKWAY","CROPSEY AVENUE","SHORE PARKWAY","ADDRESS","BROOKLYN","BAY   38 STREET",,"Closed",,"2021 Feb 16 02:20:55 PM","11 BROOKLYN","BROOKLYN","985,846","155,219","Unspecified","BROOKLYN",,,,,,,,"40.59271635297","-73.9942533502","POINT (-73.994253350205 40.592716352973)"
"49791383","2021 Feb 15 04:50:27 PM","2021 Feb 22 01:10:36 PM","DOHMH","Department of Health and Mental Hygiene","Rodent","Rat Sighting","Vacant Building","11214","2069 85 STREET","85 STREET","20 AVENUE","21 AVENUE","20 AVENUE","21 AVENUE","ADDRESS","BROOKLYN","85 STREET",,"Closed",,"2021 Feb 15 04:50:27 PM","11 BROOKLYN","BROOKLYN","985,298","159,465","Unspecified","BROOKLYN",,,,,,,,"40.604370846","-73.99622585195","POINT (-73.996225851953 40.604370845995)"
"49784415","2021 Feb 14 02:21:34 PM","2021 Feb 22 01:10:36 PM","DOHMH","Department of Health and Mental Hygiene","Rodent","Rat Sighting","3+ Family Mixed Use Building","11214","2069 85 STREET","85 STREET","20 AVENUE","21 AVENUE","20 AVENUE","21 AVENUE","ADDRESS","BROOKLYN","85 STREET",,"Closed",,"2021 Feb 14 02:21:34 PM","11 BROOKLYN","BROOKLYN","985,298","159,465","Unspecified","BROOKLYN",,,,,,,,"40.604370846","-73.99622585195","POINT (-73.996225851953 40.604370845995)"
"49753893","2021 Feb 09 11:54:39 AM","2021 Feb 09 11:54:39 AM","DOHMH","Department of Health and Mental Hygiene","Rodent","Rat Sighting","1-2 Family Dwelling","11223","2047 WEST   12 STREET","WEST   12 STREET","AVENUE T","AVENUE U","AVENUE T","AVENUE U","ADDRESS","BROOKLYN","WEST   12 STREET",,"Closed",,"2021 Feb 09 11:54:39 AM","11 BROOKLYN","BROOKLYN","988,873","156,803","Unspecified","BROOKLYN",,,,,,,,"40.59706305214","-73.98335307544","POINT (-73.983353075443 40.597063052144)"
"49738375","2021 Feb 08 11:06:08 PM","2021 Feb 08 11:06:08 PM","DOHMH","Department of Health and Mental Hygiene","Rodent","Rat Sighting","Other (Explain Below)","11219","1538 62 STREET","62 STREET","15 AVENUE","16 AVENUE","15 AVENUE","16 AVENUE","ADDRESS","BROOKLYN","62 STREET",,"Closed",,"2021 Feb 08 11:06:08 PM","11 BROOKLYN","BROOKLYN","985,802","166,791","Unspecified","BROOKLYN",,,,,,,,"40.62447912845","-73.99440911977","POINT (-73.994409119768 40.624479128448)"
"49743822","2021 Feb 08 10:55:34 PM","2021 Feb 08 10:55:34 PM","DOHMH","Department of Health and Mental Hygiene","Rodent","Rat Sighting","Other (Explain Below)","11219","1542 62 STREET","62 STREET","15 AVENUE","16 AVENUE","15 AVENUE","16 AVENUE","ADDRESS","BROOKLYN","62 STREET",,"Closed",,"2021 Feb 08 10:55:34 PM","11 BROOKLYN","BROOKLYN","985,819","166,777","Unspecified","BROOKLYN",,,,,,,,"40.62444069839","-73.99434788271","POINT (-73.99434788271 40.624440698386)"
"49742757","2021 Feb 08 10:50:46 PM","2021 Feb 08 10:50:46 PM","DOHMH","Department of Health and Mental Hygiene","Rodent","Rat Sighting","Other (Explain Below)","11219","1540 62 STREET","62 STREET","15 AVENUE","16 AVENUE","15 AVENUE","16 AVENUE","ADDRESS","BROOKLYN","62 STREET",,"Closed",,"2021 Feb 08 10:50:46 PM","11 BROOKLYN","BROOKLYN","985,811","166,784","Unspecified","BROOKLYN",,,,,,,,"40.62445991333","-73.99437670005","POINT (-73.994376700045 40.624459913333)"
"49680440","2021 Jan 31 05:22:36 AM","2021 Feb 12 10:18:42 AM","DOHMH","Department of Health and Mental Hygiene","Rodent","Rat Sighting","3+ Family Apt. Building","11214","2069 85 STREET","85 STREET","20 AVENUE","21 AVENUE","20 AVENUE","21 AVENUE","ADDRESS","BROOKLYN","85 STREET",,"Closed",,"2021 Jan 31 05:22:36 AM","11 BROOKLYN","BROOKLYN","985,298","159,465","Unspecified","BROOKLYN",,,,,,,,"40.604370846","-73.99622585195","POINT (-73.996225851953 40.604370845995)"
"49669191","2021 Jan 30 06:31:59 PM","2021 Feb 12 10:37:56 AM","DOHMH","Department of Health and Mental Hygiene","Rodent","Rat Sighting","3+ Family Apt. Building","11214","288 BAY   38 STREET","BAY   38 STREET","CROPSEY AVENUE","SHORE PARKWAY","CROPSEY AVENUE","SHORE PARKWAY","ADDRESS","BROOKLYN","BAY   38 STREET",,"Closed",,"2021 Jan 30 06:31:59 PM","11 BROOKLYN","BROOKLYN","985,846","155,219","Unspecified","BROOKLYN",,,,,,,,"40.59271635297","-73.9942533502","POINT (-73.994253350205 40.592716352973)"
"49675864","2021 Jan 30 04:12:12 PM","2021 Feb 12 10:18:42 AM","DOHMH","Department of Health and Mental Hygiene","Rodent","Rat Sighting","3+ Family Apt. Building","11214","2069 85 STREET","85 STREET","20 AVENUE","21 AVENUE","20 AVENUE","21 AVENUE","ADDRESS","BROOKLYN","85 STREET",,"Closed",,"2021 Jan 30 04:12:12 PM","11 BROOKLYN","BROOKLYN","985,298","159,465","Unspecified","BROOKLYN",,,,,,,,"40.604370846","-73.99622585195","POINT (-73.996225851953 40.604370845995)"
"49634745","2021 Jan 27 05:26:48 PM","2021 Jan 27 05:26:48 PM","DOHMH","Department of Health and Mental Hygiene","Rodent","Rat Sighting","3+ Family Apt. Building","11214","2069 85 STREET","85 STREET","20 AVENUE","21 AVENUE","20 AVENUE","21 AVENUE","ADDRESS","BROOKLYN","85 STREET",,"Closed",,"2021 Jan 27 05:26:48 PM","11 BROOKLYN","BROOKLYN","985,298","159,465","Unspecified","BROOKLYN",,,,,,,,"40.604370846","-73.99622585195","POINT (-73.996225851953 40.604370845995)"
"49608398","2021 Jan 23 11:18:27 AM","2021 Jan 23 11:18:27 AM","DOHMH","Department of Health and Mental Hygiene","Rodent","Rat Sighting","Commercial Building","11223","2050 STILLWELL AVENUE","STILLWELL AVENUE","86 STREET","26 AVENUE","86 STREET","26 AVENUE","ADDRESS","BROOKLYN","STILLWELL AVENUE",,"Closed",,"2021 Jan 23 11:18:27 AM","11 BROOKLYN","BROOKLYN","988,342","156,668","Unspecified","BROOKLYN",,,,,,,,"40.59669276546","-73.98526523092","POINT (-73.985265230924 40.596692765464)"
"49519119","2021 Jan 11 09:47:54 AM",,"DOHMH","Department of Health and Mental Hygiene","Rodent","Rat Sighting","Other (Explain Below)","11214","BAY   17 STREET","BAY   17 STREET","BAY   17 STREET","SHORE PARKWAY","BAY   17 STREET","SHORE PARKWAY","INTERSECTION",,,,"In Progress",,,"11 BROOKLYN","BROOKLYN","981,437","158,317","Unspecified","BROOKLYN",,,,,,,,"40.601219435","-74.01012994024","POINT (-74.010129940237 40.601219435)"
"48456042","2020 Dec 20 02:50:02 PM",,"DOHMH","Department of Health and Mental Hygiene","Rodent","Rat Sighting","3+ Family Apt. Building","11204","1702 74 STREET","74 STREET","17 AVENUE","18 AVENUE","17 AVENUE","18 AVENUE","ADDRESS","BROOKLYN","74 STREET",,"In Progress",,,"11 BROOKLYN","BROOKLYN","984,982","163,407","Unspecified","BROOKLYN",,,,,,,,"40.61519085844","-73.99736343113","POINT (-73.997363431134 40.615190858444)"
"48412195","2020 Dec 14 06:52:45 AM",,"DOHMH","Department of Health and Mental Hygiene","Rodent","Rat Sighting","Commercial Building","11223","AVENUE T","AVENUE T","AVENUE T","LAKE STREET","AVENUE T","LAKE STREET","INTERSECTION",,,,"In Progress",,,"11 BROOKLYN","BROOKLYN","991,538","157,590","Unspecified","BROOKLYN",,,,,,,,"40.59922141718","-73.97375584921","POINT (-73.97375584921 40.59922141718)"
"48267256","2020 Nov 27 07:32:17 AM","2020 Nov 27 01:46:18 PM","DOHMH","Department of Health and Mental Hygiene","Rodent","Rat Sighting","Catch Basin/Sewer","11223","2184 MCDONALD AVENUE","MCDONALD AVENUE","AVENUE T","SLOAN PLACE","AVENUE T","SLOAN PLACE","ADDRESS","BROOKLYN","MCDONALD AVENUE",,"Closed",,"2020 Nov 27 07:32:17 AM","11 BROOKLYN","BROOKLYN","991,765","157,576","Unspecified","BROOKLYN",,,,,,,,"40.59918280044","-73.97293843588","POINT (-73.97293843588 40.599182800437)"
"48222842","2020 Nov 22 01:07:29 PM","2020 Nov 27 01:54:18 PM","DOHMH","Department of Health and Mental Hygiene","Rodent","Rat Sighting","Commercial Building","11214","2275 86 STREET","86 STREET","BAY 32 STREET","23 AVENUE","BAY   32 STREET","23 AVENUE","ADDRESS","BROOKLYN","86 STREET",,"Closed",,"2020 Nov 22 01:07:29 PM","11 BROOKLYN","BROOKLYN","986,468","158,181","Unspecified","BROOKLYN",,,,,,,,"40.60084631148","-73.99201276862","POINT (-73.992012768622 40.600846311484)"
"48215264","2020 Nov 21 06:37:00 AM","2020 Nov 27 01:49:22 PM","DOHMH","Department of Health and Mental Hygiene","Rodent","Rat Sighting","Commercial Building","11223","2184 MACDONALD AVENUE","MACDONALD AVENUE","AVENUE T","SLOAN PLACE","AVENUE T","SLOAN PLACE","ADDRESS","BROOKLYN","MCDONALD AVENUE",,"Closed",,"2020 Nov 21 06:37:00 AM","11 BROOKLYN","BROOKLYN","991,765","157,576","Unspecified","BROOKLYN",,,,,,,,"40.59918280044","-73.97293843588","POINT (-73.97293843588 40.599182800437)"
"48115531","2020 Nov 09 07:17:16 PM","2020 Nov 27 01:46:18 PM","DOHMH","Department of Health and Mental Hygiene","Rodent","Rat Sighting","Commercial Building","11223","2184 MCDONALD AVENUE","MCDONALD AVENUE","AVENUE T","SLOAN PLACE","AVENUE T","SLOAN PLACE","ADDRESS","BROOKLYN","MCDONALD AVENUE",,"Closed",,"2020 Nov 09 07:17:16 PM","11 BROOKLYN","BROOKLYN","991,765","157,576","Unspecified","BROOKLYN",,,,,,,,"40.59918280044","-73.97293843588","POINT (-73.97293843588 40.599182800437)"
"48102294","2020 Nov 08 08:56:08 AM",,"DOHMH","Department of Health and Mental Hygiene","Rodent","Rat Sighting","Commercial Building","11214","2273 86 STREET","86 STREET","BAY   32 STREET","23 AVENUE","BAY   32 STREET","23 AVENUE","ADDRESS","BROOKLYN","86 STREET",,"In Progress",,,"11 BROOKLYN","BROOKLYN","986,461","158,187","Unspecified","BROOKLYN",,,,,,,,"40.60086278202","-73.99203797433","POINT (-73.992037974332 40.600862782016)"
"48091473","2020 Nov 07 08:34:42 PM","2020 Dec 04 11:37:41 AM","DOHMH","Department of Health and Mental Hygiene","Rodent","Rat Sighting","3+ Family Apt. Building","11204","6301 23 AVENUE","23 AVENUE","63 STREET","64 STREET","63 STREET","64 STREET","ADDRESS","BROOKLYN","23 AVENUE",,"Closed",,"2020 Nov 07 08:34:42 PM","11 BROOKLYN","BROOKLYN","990,338","162,817","Unspecified","BROOKLYN",,,,,,,,"40.61356936907","-73.97807234764","POINT (-73.978072347642 40.61356936907)"
"48083075","2020 Nov 06 07:23:32 AM","2021 Feb 22 01:05:46 PM","DOHMH","Department of Health and Mental Hygiene","Rodent","Rat Sighting","3+ Family Apt. Building","11214","288 BAY   38 STREET","BAY   38 STREET","CROPSEY AVENUE","SHORE PARKWAY","CROPSEY AVENUE","SHORE PARKWAY","ADDRESS","BROOKLYN","BAY   38 STREET",,"Closed",,"2020 Nov 06 07:23:32 AM","11 BROOKLYN","BROOKLYN","985,846","155,219","Unspecified","BROOKLYN",,,,,,,,"40.59271635297","-73.9942533502","POINT (-73.994253350205 40.592716352973)"
"48073903","2020 Nov 05 07:08:51 PM","2021 Mar 12 12:59:01 PM","DOHMH","Department of Health and Mental Hygiene","Rodent","Rat Sighting","Other (Explain Below)","11223","2184 MCDONALD AVENUE","MCDONALD AVENUE","AVENUE T","SLOAN PLACE","AVENUE T","SLOAN PLACE","ADDRESS","BROOKLYN","MCDONALD AVENUE",,"Closed",,"2020 Nov 05 07:08:51 PM","11 BROOKLYN","BROOKLYN","991,765","157,576","Unspecified","BROOKLYN",,,,,,,,"40.59918280044","-73.97293843588","POINT (-73.97293843588 40.599182800437)"
"48046038","2020 Nov 02 01:13:36 PM",,"DOHMH","Department of Health and Mental Hygiene","Rodent","Rat Sighting","3+ Family Apt. Building","11223","1684 WEST   10 STREET","WEST   10 STREET","AVENUE P","KINGS HIGHWAY","AVENUE P","KINGS HIGHWAY","ADDRESS","BROOKLYN","WEST   10 STREET",,"In Progress",,,"11 BROOKLYN","BROOKLYN","988,921","160,073","Unspecified","BROOKLYN",,,,,,,,"40.60603851285","-73.98317797139","POINT (-73.983177971387 40.606038512854)"
"48030219","2020 Oct 31 10:30:23 AM","2020 Nov 27 01:54:18 PM","DOHMH","Department of Health and Mental Hygiene","Rodent","Rat Sighting","Commercial Building","11214","2275 86 STREET","86 STREET","BAY 32 STREET","23 AVENUE","BAY   32 STREET","23 AVENUE","ADDRESS","BROOKLYN","86 STREET",,"Closed",,"2020 Oct 31 10:30:23 AM","11 BROOKLYN","BROOKLYN","986,468","158,181","Unspecified","BROOKLYN",,,,,,,,"40.60084631148","-73.99201276862","POINT (-73.992012768622 40.600846311484)"
"47985114","2020 Oct 26 12:29:42 PM",,"DOHMH","Department of Health and Mental Hygiene","Rodent","Rat Sighting","1-2 Family Dwelling","11214","1857 SHORE PARKWAY","SHORE PARKWAY","BAY   40 STREET","BAY   41 STREET","BAY   40 STREET","BAY   41 STREET","ADDRESS","BROOKLYN","SHORE PARKWAY",,"In Progress",,,"11 BROOKLYN","BROOKLYN","986,119","154,604","Unspecified","BROOKLYN",,,,,,,,"40.5910282479","-73.99327054075","POINT (-73.993270540755 40.591028247902)"
"47988089","2020 Oct 26 09:59:42 AM","2020 Nov 27 01:54:18 PM","DOHMH","Department of Health and Mental Hygiene","Rodent","Rat Sighting","Commercial Building","11214","2275 86 STREET","86 STREET","BAY 32 STREET","23 AVENUE","BAY   32 STREET","23 AVENUE","ADDRESS","BROOKLYN","86 STREET",,"Closed",,"2020 Oct 26 10:00:10 AM","11 BROOKLYN","BROOKLYN","986,468","158,181","Unspecified","BROOKLYN",,,,,,,,"40.60084631148","-73.99201276862","POINT (-73.992012768622 40.600846311484)"
"47986830","2020 Oct 26 08:08:17 AM","2020 Oct 26 08:08:17 AM","DOHMH","Department of Health and Mental Hygiene","Rodent","Rat Sighting","1-2 Family Dwelling","11204","1469 WEST    8 STREET","WEST    8 STREET","BEND","AVENUE O","BEND","AVENUE O","ADDRESS","BROOKLYN","WEST    8 STREET",,"Closed",,"2020 Oct 26 08:08:17 AM","11 BROOKLYN","BROOKLYN","989,178","161,957","Unspecified","BROOKLYN",,,,,,,,"40.61120956738","-73.98225104293","POINT (-73.982251042931 40.611209567383)"
"47929060","2020 Oct 20 11:07:05 AM","2020 Nov 27 01:54:19 PM","DOHMH","Department of Health and Mental Hygiene","Rodent","Rat Sighting","Commercial Building","11214","2275 86 STREET","86 STREET","BAY 32 STREET","23 AVENUE","BAY   32 STREET","23 AVENUE","ADDRESS","BROOKLYN","86 STREET",,"Closed",,"2020 Oct 20 11:07:33 AM","11 BROOKLYN","BROOKLYN","986,468","158,181","Unspecified","BROOKLYN",,,,,,,,"40.60084631148","-73.99201276862","POINT (-73.992012768622 40.600846311484)"
"47930141","2020 Oct 20 08:41:53 AM","2021 Mar 03 11:35:15 AM","DOHMH","Department of Health and Mental Hygiene","Rodent","Rat Sighting","Vacant Building","11214","2535 86 STREET","86 STREET","BAY 40 STREET","BAY 41 STREET","BAY   40 STREET","BAY   41 STREET","ADDRESS","BROOKLYN","86 STREET",,"Closed",,"2020 Oct 20 08:42:11 AM","11 BROOKLYN","BROOKLYN","988,070","156,910","Unspecified","BROOKLYN",,,,,,,,"40.59735712802","-73.98624453131","POINT (-73.98624453131 40.597357128023)"
"47905128","2020 Oct 17 11:07:49 PM","2020 Oct 17 11:07:49 PM","DOHMH","Department of Health and Mental Hygiene","Rodent","Rat Sighting","3+ Family Apt. Building","11214","1489 SHORE PARKWAY","SHORE PARKWAY","20 AVENUE","21 AVENUE","20 AVENUE","21 AVENUE","ADDRESS","BROOKLYN","SHORE PARKWAY",,"Closed",,"2020 Oct 17 11:08:06 PM","11 BROOKLYN","BROOKLYN","982,991","157,081","Unspecified","BROOKLYN",,,,,,,,"40.5978272223","-74.00453357512","POINT (-74.004533575117 40.597827222304)"
"47905074","2020 Oct 17 06:16:01 AM",,"DOHMH","Department of Health and Mental Hygiene","Rodent","Rat Sighting","Other (Explain Below)","11223","AVENUE T","AVENUE T","AVENUE T","LAKE STREET","AVENUE T","LAKE STREET","INTERSECTION",,,,"In Progress",,,"11 BROOKLYN","BROOKLYN","991,538","157,590","Unspecified","BROOKLYN",,,,,,,,"40.59922141718","-73.97375584921","POINT (-73.97375584921 40.59922141718)"
"47896541","2020 Oct 16 06:13:50 PM","2020 Oct 16 06:13:50 PM","DOHMH","Department of Health and Mental Hygiene","Rodent","Rat Sighting","1-2 Family Dwelling","11214","78 BAY   20 STREET","BAY   20 STREET","86 STREET","BENSON AVENUE","86 STREET","BENSON AVENUE","ADDRESS","BROOKLYN","BAY   20 STREET",,"Closed",,"2020 Oct 16 06:13:50 PM","11 BROOKLYN","BROOKLYN","983,520","159,703","Unspecified","BROOKLYN",,,,,,,,"40.60502413937","-74.00262896473","POINT (-74.002628964726 40.605024139369)"
"47846789","2020 Oct 11 09:52:44 AM",,"DOHMH","Department of Health and Mental Hygiene","Rodent","Rat Sighting","Commercial Building","11214","2131 86 STREET","86 STREET","BAY   28 STREET","BAY   29 STREET","BAY   28 STREET","BAY   29 STREET","ADDRESS","BROOKLYN","86 STREET",,"In Progress",,,"11 BROOKLYN","BROOKLYN","985,592","158,876","Unspecified","BROOKLYN",,,,,,,,"40.60275412127","-73.99516719081","POINT (-73.995167190808 40.602754121265)"
"47853726","2020 Oct 11 02:46:17 AM","2021 Mar 02 03:41:55 PM","DOHMH","Department of Health and Mental Hygiene","Rodent","Rat Sighting","3+ Family Apt. Building","11214","1864 85 STREET","85 STREET","NEW UTRECHT AVENUE","19 AVENUE","NEW UTRECHT AVENUE","19 AVENUE","ADDRESS","BROOKLYN","85 STREET",,"Closed",,"2020 Oct 11 02:46:35 AM","11 BROOKLYN","BROOKLYN","984,062","160,437","Unspecified","BROOKLYN",,,,,,,,"40.60703884751","-74.00067706888","POINT (-74.000677068882 40.607038847515)"
"47836745","2020 Oct 10 12:43:37 PM","2020 Nov 27 01:54:19 PM","DOHMH","Department of Health and Mental Hygiene","Rodent","Rat Sighting","Commercial Building","11214","2275 86 STREET","86 STREET","BAY 32 STREET","23 AVENUE","BAY   32 STREET","23 AVENUE","ADDRESS","BROOKLYN","86 STREET",,"Closed",,"2020 Oct 10 12:43:58 PM","11 BROOKLYN","BROOKLYN","986,468","158,181","Unspecified","BROOKLYN",,,,,,,,"40.60084631148","-73.99201276862","POINT (-73.992012768622 40.600846311484)"
"47824694","2020 Oct 09 05:59:16 AM","2020 Nov 27 01:46:18 PM","DOHMH","Department of Health and Mental Hygiene","Rodent","Rat Sighting","Commercial Building","11223","2184 MCDONALD AVENUE","MCDONALD AVENUE","AVENUE T","SLOAN PLACE","AVENUE T","SLOAN PLACE","ADDRESS","BROOKLYN","MCDONALD AVENUE",,"Closed",,"2020 Oct 09 05:59:55 AM","11 BROOKLYN","BROOKLYN","991,765","157,576","Unspecified","BROOKLYN",,,,,,,,"40.59918280044","-73.97293843588","POINT (-73.97293843588 40.599182800437)"
"47812684","2020 Oct 07 05:07:47 PM",,"DOHMH","Department of Health and Mental Hygiene","Rodent","Rat Sighting","Vacant Lot","11214","8609 20 AVENUE","20 AVENUE","86 STREET","BENSON AVENUE","86 STREET","BENSON AVENUE","ADDRESS","BROOKLYN","20 AVENUE",,"In Progress",,,"11 BROOKLYN","BROOKLYN","984,630","159,415","Unspecified","BROOKLYN",,,,,,,,"40.60423366001","-73.99863151402","POINT (-73.998631514017 40.604233660006)"
"47812482","2020 Oct 07 12:26:24 PM",,"DOHMH","Department of Health and Mental Hygiene","Rodent","Rat Sighting","1-2 Family Dwelling","11214","2050 21 DRIVE","21 DRIVE","BAY   25 STREET","20 LANE","BAY   25 STREET","20 LANE","ADDRESS","BROOKLYN","21 DRIVE",,"In Progress",,,"11 BROOKLYN","BROOKLYN","983,544","157,278","Unspecified","BROOKLYN",,,,,,,,"40.59836800879","-74.00254227955","POINT (-74.002542279551 40.598368008792)"
"47790573","2020 Oct 05 05:03:18 PM",,"DOHMH","Department of Health and Mental Hygiene","Rodent","Rat Sighting","1-2 Family Dwelling","11214","23 AVENUE","23 AVENUE","23 AVENUE","86 STREET","23 AVENUE","86 STREET","INTERSECTION",,,,"In Progress",,,"11 BROOKLYN","BROOKLYN","986,583","158,084","Unspecified","BROOKLYN",,,,,,,,"40.60058003663","-73.99159867606","POINT (-73.991598676063 40.60058003663)"
"47763334","2020 Oct 02 11:23:41 AM","2021 Feb 22 01:07:08 PM","DOHMH","Department of Health and Mental Hygiene","Rodent","Rat Sighting","3+ Family Apt. Building","11214","288 BAY   38 STREET","BAY   38 STREET","CROPSEY AVENUE","SHORE PARKWAY","CROPSEY AVENUE","SHORE PARKWAY","ADDRESS","BROOKLYN","BAY   38 STREET",,"Closed",,"2020 Oct 02 11:23:41 AM","11 BROOKLYN","BROOKLYN","985,846","155,219","Unspecified","BROOKLYN",,,,,,,,"40.59271635297","-73.9942533502","POINT (-73.994253350205 40.592716352973)"
"47756743","2020 Oct 02 10:17:12 AM","2020 Oct 14 02:23:39 PM","DOHMH","Department of Health and Mental Hygiene","Rodent","Rat Sighting","Commercial Building","11214","2535 86 STREET","86 STREET","BAY 40 STREET","BAY 41 STREET","BAY   40 STREET","BAY   41 STREET","ADDRESS","BROOKLYN","86 STREET",,"Closed",,"2020 Oct 02 10:18:05 AM","11 BROOKLYN","BROOKLYN","988,070","156,910","Unspecified","BROOKLYN",,,,,,,,"40.59735712802","-73.98624453131","POINT (-73.98624453131 40.597357128023)"
"47750349","2020 Oct 01 12:23:52 PM","2021 Mar 02 03:57:39 PM","DOHMH","Department of Health and Mental Hygiene","Rodent","Rat Sighting","Commercial Building","11214","2273 86 STREET","86 STREET","BAY 32 STREET","23 AVENUE","BAY   32 STREET","23 AVENUE","ADDRESS","BROOKLYN","86 STREET",,"Closed",,"2020 Oct 01 12:23:52 PM","11 BROOKLYN","BROOKLYN","986,461","158,187","Unspecified","BROOKLYN",,,,,,,,"40.60086278202","-73.99203797433","POINT (-73.992037974332 40.600862782016)"
"47729086","2020 Sep 29 05:51:20 PM","2020 Nov 27 01:54:19 PM","DOHMH","Department of Health and Mental Hygiene","Rodent","Rat Sighting","Commercial Building","11214","2275 86 STREET","86 STREET","BAY 32 STREET","23 AVENUE","BAY   32 STREET","23 AVENUE","ADDRESS","BROOKLYN","86 STREET",,"Closed",,"2020 Sep 29 05:51:45 PM","11 BROOKLYN","BROOKLYN","986,468","158,181","Unspecified","BROOKLYN",,,,,,,,"40.60084631148","-73.99201276862","POINT (-73.992012768622 40.600846311484)"
"47729167","2020 Sep 29 04:55:22 PM",,"DOHMH","Department of Health and Mental Hygiene","Rodent","Rat Sighting","1-2 Family Dwelling","11228","7620 15 AVENUE","15 AVENUE","76 STREET","77 STREET","76 STREET","77 STREET","ADDRESS","BROOKLYN","15 AVENUE",,"In Progress",,,"11 BROOKLYN","BROOKLYN","983,186","164,023","Unspecified","BROOKLYN",,,,,,,,"40.61688161726","-74.00383248679","POINT (-74.003832486789 40.616881617256)"
"47732666","2020 Sep 29 02:54:39 PM",,"DOHMH","Department of Health and Mental Hygiene","Rodent","Rat Sighting","Construction Site","11223","166 KINGS HIGHWAY","KINGS HIGHWAY","WEST   13 STREET","WEST   12 STREET","WEST   13 STREET","WEST   12 STREET","ADDRESS","BROOKLYN","KINGS HIGHWAY",,"In Progress",,,"11 BROOKLYN","BROOKLYN","988,304","159,979","Unspecified","BROOKLYN",,,,,,,,"40.6057808058","-73.98540007693","POINT (-73.985400076932 40.6057808058)"
"47728014","2020 Sep 29 07:31:05 AM",,"DOHMH","Department of Health and Mental Hygiene","Rodent","Rat Sighting","Commercial Building","11214","2275 86 STREET","86 STREET","BAY   32 STREET","23 AVENUE","BAY   32 STREET","23 AVENUE","ADDRESS","BROOKLYN","86 STREET",,"In Progress",,,"11 BROOKLYN","BROOKLYN","986,468","158,181","Unspecified","BROOKLYN",,,,,,,,"40.60084631148","-73.99201276862","POINT (-73.992012768622 40.600846311484)"
"47716436","2020 Sep 29 12:17:41 AM",,"DOHMH","Department of Health and Mental Hygiene","Rodent","Rat Sighting","1-2 Family Dwelling","11214","7701 16 AVENUE","16 AVENUE","77 STREET","78 STREET","77 STREET","78 STREET","ADDRESS","BROOKLYN","16 AVENUE",,"In Progress",,,"11 BROOKLYN","BROOKLYN","983,664","163,361","Unspecified","BROOKLYN",,,,,,,,"40.61506460882","-74.00211069185","POINT (-74.002110691848 40.615064608815)"
"47717380","2020 Sep 28 03:46:29 PM",,"DOHMH","Department of Health and Mental Hygiene","Rodent","Rat Sighting","1-2 Family Dwelling","11214","1622 82 STREET","82 STREET","16 AVENUE","17 AVENUE","16 AVENUE","17 AVENUE","ADDRESS","BROOKLYN","82 STREET",,"In Progress",,,"11 BROOKLYN","BROOKLYN","983,085","162,206","Unspecified","BROOKLYN",,,,,,,,"40.61189431491","-74.00419597138","POINT (-74.004195971378 40.611894314912)"
"47716410","2020 Sep 28 09:12:06 AM",,"DOHMH","Department of Health and Mental Hygiene","Rodent","Rat Sighting","1-2 Family Dwelling","11223","1810 WEST    7 STREET","WEST    7 STREET","HIGHLAWN AVENUE","AVENUE S","HIGHLAWN AVENUE","AVENUE S","ADDRESS","BROOKLYN","WEST    7 STREET",,"In Progress",,,"11 BROOKLYN","BROOKLYN","989,875","158,921","Unspecified","BROOKLYN",,,,,,,,"40.60287595354","-73.97974321793","POINT (-73.979743217929 40.602875953541)"
"47707472","2020 Sep 27 07:35:11 AM",,"DOHMH","Department of Health and Mental Hygiene","Rodent","Rat Sighting","3+ Family Apt. Building","11214","8815 17 AVENUE","17 AVENUE","BATH AVENUE","CROPSEY AVENUE","BATH AVENUE","CROPSEY AVENUE","ADDRESS","BROOKLYN","17 AVENUE",,"In Progress",,,"11 BROOKLYN","BROOKLYN","981,672","159,449","Unspecified","BROOKLYN",,,,,,,,"40.60432661624","-74.00928410996","POINT (-74.009284109956 40.60432661624)"
"47686376","2020 Sep 25 04:00:00 PM","2020 Oct 14 02:22:00 PM","DOHMH","Department of Health and Mental Hygiene","Rodent","Rat Sighting","Commercial Building","11214","2535 86 STREET","86 STREET","BAY 40 STREET","BAY 41 STREET","BAY   40 STREET","BAY   41 STREET","ADDRESS","BROOKLYN","86 STREET",,"Closed",,"2020 Sep 25 04:00:20 PM","11 BROOKLYN","BROOKLYN","988,070","156,910","Unspecified","BROOKLYN",,,,,,,,"40.59735712802","-73.98624453131","POINT (-73.98624453131 40.597357128023)"
"47685717","2020 Sep 25 10:49:10 AM",,"DOHMH","Department of Health and Mental Hygiene","Rodent","Rat Sighting","Other (Explain Below)","11219","1421 62 STREET","62 STREET","NEW UTRECHT AVENUE","15 AVENUE","NEW UTRECHT AVENUE","15 AVENUE","ADDRESS","BROOKLYN","62 STREET",,"In Progress",,,"11 BROOKLYN","BROOKLYN","985,150","167,315","Unspecified","BROOKLYN",,,,,,,,"40.62591748881","-73.99675779598","POINT (-73.996757795975 40.625917488813)"
"47683761","2020 Sep 25 06:13:19 AM","2020 Nov 27 01:46:18 PM","DOHMH","Department of Health and Mental Hygiene","Rodent","Rat Sighting","Commercial Building","11223","2184 MCDONALD AVENUE","MCDONALD AVENUE","AVENUE T","SLOAN PLACE","AVENUE T","SLOAN PLACE","ADDRESS","BROOKLYN","MCDONALD AVENUE",,"Closed",,"2020 Sep 25 06:13:19 AM","11 BROOKLYN","BROOKLYN","991,765","157,576","Unspecified","BROOKLYN",,,,,,,,"40.59918280044","-73.97293843588","POINT (-73.97293843588 40.599182800437)"
"47682295","2020 Sep 24 08:27:24 PM","2020 Oct 14 03:23:58 PM","DOHMH","Department of Health and Mental Hygiene","Rodent","Rat Sighting","3+ Family Mixed Use Building","11214","2535 86 STREET","86 STREET","BAY 40 STREET","BAY 41 STREET","BAY   40 STREET","BAY   41 STREET","ADDRESS","BROOKLYN","86 STREET",,"Closed",,"2020 Sep 24 08:27:40 PM","11 BROOKLYN","BROOKLYN","988,070","156,910","Unspecified","BROOKLYN",,,,,,,,"40.59735712802","-73.98624453131","POINT (-73.98624453131 40.597357128023)"
"47663929","2020 Sep 23 10:17:37 AM","2020 Sep 23 10:17:37 AM","DOHMH","Department of Health and Mental Hygiene","Rodent","Rat Sighting","Other (Explain Below)","11214","2522 86 STREET","86 STREET","25 AVENUE","BAY 40 STREET","25 AVENUE","BAY   40 STREET","ADDRESS","BROOKLYN","86 STREET",,"Closed",,"2020 Sep 23 10:17:37 AM","11 BROOKLYN","BROOKLYN","987,948","157,001","Unspecified","BROOKLYN",,,,,,,,"40.59760695639","-73.98668379227","POINT (-73.98668379227 40.597606956387)"
"47661630","2020 Sep 22 02:56:50 PM",,"DOHMH","Department of Health and Mental Hygiene","Rodent","Rat Sighting","3+ Family Apt. Building","11214","2072 20 LANE","20 LANE","BEND","21 DRIVE","BEND","21 DRIVE","ADDRESS","BROOKLYN","20 LANE",,"In Progress",,,"11 BROOKLYN","BROOKLYN","983,458","157,097","Unspecified","BROOKLYN",,,,,,,,"40.59787119311","-74.00285194111","POINT (-74.002851941109 40.597871193108)"
"47659181","2020 Sep 22 01:01:03 PM","2020 Sep 22 01:01:03 PM","DOHMH","Department of Health and Mental Hygiene","Rodent","Rat Sighting","Commercial Building","11204","7217 BAY PARKWAY","BAY PARKWAY","72 STREET","BAY PARKWAY","72 STREET","BAY PARKWAY","ADDRESS","BROOKLYN",,,"Closed",,"2020 Sep 22 01:01:03 PM","11 BROOKLYN","BROOKLYN","988,191","161,380","Unspecified","BROOKLYN",,,,,,,,"40.60962631491","-73.98580621333","POINT (-73.985806213326 40.609626314911)"
"47607674","2020 Sep 18 10:33:17 AM","2020 Sep 18 10:33:17 AM","DOHMH","Department of Health and Mental Hygiene","Rodent","Rat Sighting","Commercial Building","11223","2018 STILLWELL AVENUE","STILLWELL AVENUE","85 STREET","86 STREET","85 STREET","86 STREET","ADDRESS","BROOKLYN","STILLWELL AVENUE",,"Closed",,"2020 Sep 18 10:34:11 AM","11 BROOKLYN","BROOKLYN","988,304","156,928","Unspecified","BROOKLYN",,,,,,,,"40.59740643044","-73.98540190804","POINT (-73.985401908043 40.59740643044)"
"47605713","2020 Sep 18 09:45:49 AM","2021 Mar 11 02:33:23 PM","DOHMH","Department of Health and Mental Hygiene","Rodent","Rat Sighting","Commercial Building","11214","2533 86 STREET","86 STREET","BAY 40 STREET","BAY 41 STREET","BAY   40 STREET","BAY   41 STREET","ADDRESS","BROOKLYN","86 STREET",,"Closed",,"2020 Sep 18 09:46:31 AM","11 BROOKLYN","BROOKLYN","988,061","156,918","Unspecified","BROOKLYN",,,,,,,,"40.59737909028","-73.98627693497","POINT (-73.986276934968 40.597379090282)"
"47590184","2020 Sep 17 10:16:19 PM",,"DOHMH","Department of Health and Mental Hygiene","Rodent","Rat Sighting","3+ Family Apt. Building","11219","6213 14 AVENUE","14 AVENUE","62 STREET","63 STREET","62 STREET","63 STREET","ADDRESS","BROOKLYN","14 AVENUE",,"In Progress",,,"11 BROOKLYN","BROOKLYN","984,898","167,432","Unspecified","BROOKLYN",,,,,,,,"40.62623865127","-73.99766560187","POINT (-73.997665601869 40.626238651269)"
"47591283","2020 Sep 17 09:37:46 PM","2020 Sep 17 09:37:46 PM","DOHMH","Department of Health and Mental Hygiene","Rodent","Rat Sighting","Commercial Building","11214","2519 86 STREET","86 STREET","25 AVENUE","BAY 40 STREET","25 AVENUE","BAY   40 STREET","ADDRESS","BROOKLYN","86 STREET",,"Closed",,"2020 Sep 17 09:37:46 PM","11 BROOKLYN","BROOKLYN","987,938","157,016","Unspecified","BROOKLYN",,,,,,,,"40.59764813252","-73.9867197933","POINT (-73.986719793295 40.597648132524)"
"47599773","2020 Sep 17 09:18:20 PM","2020 Sep 17 09:18:20 PM","DOHMH","Department of Health and Mental Hygiene","Rodent","Rat Sighting","Commercial Building","11214","2529 86 STREET","86 STREET","BAY 40 STREET","BAY 41 STREET","BAY   40 STREET","BAY   41 STREET","ADDRESS","BROOKLYN","86 STREET",,"Closed",,"2020 Sep 17 09:18:20 PM","11 BROOKLYN","BROOKLYN","988,043","156,932","Unspecified","BROOKLYN",,,,,,,,"40.59741752518","-73.98634174347","POINT (-73.986341743473 40.597417525176)"
"47598152","2020 Sep 17 05:33:53 PM",,"DOHMH","Department of Health and Mental Hygiene","Rodent","Rat Sighting","Commercial Building","11219","1463 66 STREET","66 STREET","14 AVENUE","NEW UTRECHT AVENUE","14 AVENUE","NEW UTRECHT AVENUE","ADDRESS","BROOKLYN","66 STREET",,"In Progress",,,"11 BROOKLYN","BROOKLYN","984,597","166,374","Unspecified","BROOKLYN",,,,,,,,"40.62333467987","-73.9987499986","POINT (-73.998749998599 40.62333467987)"
"47596709","2020 Sep 17 01:12:15 PM","2020 Sep 17 01:12:15 PM","DOHMH","Department of Health and Mental Hygiene","Rodent","Rat Sighting","Commercial Building","11214","2532 86 STREET","86 STREET","BAY 40 STREET","BAY 41 STREET","BAY   40 STREET","BAY   41 STREET","ADDRESS","BROOKLYN","86 STREET",,"Closed",,"2020 Sep 17 01:12:15 PM","11 BROOKLYN","BROOKLYN","988,049","156,919","Unspecified","BROOKLYN",,,,,,,,"40.59738184023","-73.98632014532","POINT (-73.986320145316 40.597381840232)"
"47595586","2020 Sep 17 12:53:55 PM","2020 Nov 18 03:23:10 PM","DOHMH","Department of Health and Mental Hygiene","Rodent","Rat Sighting","Day Care/Nursery","11223","1990 STILLWELL AVENUE","STILLWELL AVENUE","84 STREET","AVENUE T","84 STREET","AVENUE T","ADDRESS","BROOKLYN","STILLWELL AVENUE",,"Closed",,"2020 Sep 17 12:54:37 PM","11 BROOKLYN","BROOKLYN","988,263","157,213","Unspecified","BROOKLYN",,,,,,,,"40.59818871651","-73.98554937608","POINT (-73.98554937608 40.598188716509)"
"47596815","2020 Sep 17 12:43:26 PM","2021 Mar 11 02:33:23 PM","DOHMH","Department of Health and Mental Hygiene","Rodent","Rat Sighting","1-2 Family Dwelling","11214","2533 86 STREET","86 STREET","BAY 40 STREET","BAY 41 STREET","BAY   40 STREET","BAY   41 STREET","ADDRESS","BROOKLYN","86 STREET",,"Closed",,"2020 Sep 17 12:43:58 PM","11 BROOKLYN","BROOKLYN","988,061","156,918","Unspecified","BROOKLYN",,,,,,,,"40.59737909028","-73.98627693497","POINT (-73.986276934968 40.597379090282)"
"47592700","2020 Sep 17 12:35:29 PM",,"DOHMH","Department of Health and Mental Hygiene","Rodent","Rat Sighting","Commercial Building","11214","2529 86 STREET","86 STREET","BAY   40 STREET","BAY   41 STREET","BAY   40 STREET","BAY   41 STREET","ADDRESS","BROOKLYN","86 STREET",,"In Progress",,,"11 BROOKLYN","BROOKLYN","988,043","156,932","Unspecified","BROOKLYN",,,,,,,,"40.59741752518","-73.98634174347","POINT (-73.986341743473 40.597417525176)"
"47595420","2020 Sep 17 12:12:30 PM",,"DOHMH","Department of Health and Mental Hygiene","Rodent","Rat Sighting","Commercial Building","11214","2537 86 STREET","86 STREET","BAY   40 STREET","BAY   41 STREET","BAY   40 STREET","BAY   41 STREET","ADDRESS","BROOKLYN","86 STREET",,"In Progress",,,"11 BROOKLYN","BROOKLYN","988,079","156,903","Unspecified","BROOKLYN",,,,,,,,"40.59733791055","-73.98621212711","POINT (-73.986212127105 40.597337910553)"
"47591152","2020 Sep 17 11:30:18 AM","2020 Sep 17 11:30:18 AM","DOHMH","Department of Health and Mental Hygiene","Rodent","Rat Sighting","1-2 Family Mixed Use Building","11214","2528 85 STREET","85 STREET","25 AVENUE","STILLWELL AVENUE","25 AVENUE","STILLWELL AVENUE","ADDRESS","BROOKLYN","85 STREET",,"Closed",,"2020 Sep 17 11:30:18 AM","11 BROOKLYN","BROOKLYN","988,084","157,250","Unspecified","BROOKLYN",,,,,,,,"40.59829035327","-73.98619392564","POINT (-73.986193925636 40.598290353272)"
"47587032","2020 Sep 17 01:24:30 AM","2020 Sep 17 01:24:30 AM","DOHMH","Department of Health and Mental Hygiene","Rodent","Rat Sighting","3+ Family Apt. Building","11214","1864 85 STREET","85 STREET","NEW UTRECHT AVENUE","19 AVENUE","NEW UTRECHT AVENUE","19 AVENUE","ADDRESS","BROOKLYN","85 STREET",,"Closed",,"2020 Sep 17 01:24:30 AM","11 BROOKLYN","BROOKLYN","984,062","160,437","Unspecified","BROOKLYN",,,,,,,,"40.60703884751","-74.00067706888","POINT (-74.000677068882 40.607038847515)"
"47547900","2020 Sep 12 02:05:30 PM","2020 Sep 12 02:05:30 PM","DOHMH","Department of Health and Mental Hygiene","Rodent","Rat Sighting","Other (Explain Below)","11214","2122 21 AVENUE","21 AVENUE","21 DRIVE","SHORE PARKWAY","21 DRIVE","SHORE PARKWAY","ADDRESS","BROOKLYN","21 AVENUE",,"Closed",,"2020 Sep 12 02:05:30 PM","11 BROOKLYN","BROOKLYN","983,705","157,003","Unspecified","BROOKLYN",,,,,,,,"40.59761320073","-74.0019625024","POINT (-74.001962502397 40.597613200729)"
"47522784","2020 Sep 11 05:55:13 AM",,"DOHMH","Department of Health and Mental Hygiene","Rodent","Rat Sighting","Commercial Building","11223","AVENUE T","AVENUE T","AVENUE T","LAKE STREET","AVENUE T","LAKE STREET","INTERSECTION",,,,"In Progress",,,"11 BROOKLYN","BROOKLYN","991,538","157,590","Unspecified","BROOKLYN",,,,,,,,"40.59922141718","-73.97375584921","POINT (-73.97375584921 40.59922141718)"
"47508948","2020 Sep 08 08:31:10 PM","2020 Sep 08 08:31:10 PM","DOHMH","Department of Health and Mental Hygiene","Rodent","Rat Sighting","Parking Lot/Garage","11223","2018 STILLWELL AVENUE","STILLWELL AVENUE","85 STREET","86 STREET","85 STREET","86 STREET","ADDRESS","BROOKLYN","STILLWELL AVENUE",,"Closed",,"2020 Sep 08 08:31:10 PM","11 BROOKLYN","BROOKLYN","988,304","156,928","Unspecified","BROOKLYN",,,,,,,,"40.59740643044","-73.98540190804","POINT (-73.985401908043 40.59740643044)"
"47503028","2020 Sep 08 08:27:43 PM","2020 Sep 08 08:27:43 PM","DOHMH","Department of Health and Mental Hygiene","Rodent","Rat Sighting","Parking Lot/Garage","11223","1990 STILLWELL AVENUE","STILLWELL AVENUE","84 STREET","AVENUE T","84 STREET","AVENUE T","ADDRESS","BROOKLYN","STILLWELL AVENUE",,"Closed",,"2020 Sep 08 08:27:43 PM","11 BROOKLYN","BROOKLYN","988,263","157,213","Unspecified","BROOKLYN",,,,,,,,"40.59818871651","-73.98554937608","POINT (-73.98554937608 40.598188716509)"
"47461861","2020 Sep 04 01:52:07 PM",,"DOHMH","Department of Health and Mental Hygiene","Rodent","Rat Sighting","1-2 Family Dwelling","11214","8786 26 AVENUE","26 AVENUE","BATH AVENUE","HARWAY AVENUE","BATH AVENUE","HARWAY AVENUE","ADDRESS","BROOKLYN","26 AVENUE",,"In Progress",,,"11 BROOKLYN","BROOKLYN","987,307","155,236","Unspecified","BROOKLYN",,,,,,,,"40.59276263107","-73.98899278156","POINT (-73.988992781558 40.59276263107)"
"47455724","2020 Sep 03 03:45:28 PM",,"DOHMH","Department of Health and Mental Hygiene","Rodent","Rat Sighting","1-2 Family Dwelling","11214","2132 84 STREET","84 STREET","21 AVENUE","BAY PARKWAY","21 AVENUE","BAY PARKWAY","ADDRESS","BROOKLYN","84 STREET",,"In Progress",,,"11 BROOKLYN","BROOKLYN","985,913","159,301","Unspecified","BROOKLYN",,,,,,,,"40.60392060534","-73.99401110126","POINT (-73.994011101261 40.603920605341)"
"47457284","2020 Sep 03 12:38:38 PM","2020 Sep 03 12:38:38 PM","DOHMH","Department of Health and Mental Hygiene","Rodent","Rat Sighting","3+ Family Apt. Building","11214","2522 85 STREET","85 STREET","25 AVENUE","STILLWELL AVENUE","25 AVENUE","STILLWELL AVENUE","ADDRESS","BROOKLYN","85 STREET",,"Closed",,"2020 Sep 03 12:38:38 PM","11 BROOKLYN","BROOKLYN","988,071","157,260","Unspecified","BROOKLYN",,,,,,,,"40.59831780686","-73.98624073244","POINT (-73.986240732438 40.598317806864)"
"47432809","2020 Sep 01 04:49:02 PM","2020 Sep 01 04:49:02 PM","DOHMH","Department of Health and Mental Hygiene","Rodent","Rat Sighting","3+ Family Apt. Building","11214","1429 SHORE PARKWAY","SHORE PARKWAY","19 AVENUE","20 AVENUE","19 AVENUE","20 AVENUE","ADDRESS","BROOKLYN","SHORE PARKWAY",,"Closed",,"2020 Sep 01 04:49:44 PM","11 BROOKLYN","BROOKLYN","982,607","157,397","Unspecified","BROOKLYN",,,,,,,,"40.59869451555","-74.00591641038","POINT (-74.005916410383 40.598694515552)"
"47405634","2020 Aug 29 07:28:15 AM",,"DOHMH","Department of Health and Mental Hygiene","Rodent","Rat Sighting","Commercial Building","11223","AVENUE T","AVENUE T","AVENUE T","LAKE STREET","AVENUE T","LAKE STREET","INTERSECTION",,,,"In Progress",,,"11 BROOKLYN","BROOKLYN","991,538","157,590","Unspecified","BROOKLYN",,,,,,,,"40.59922141718","-73.97375584921","POINT (-73.97375584921 40.59922141718)"
"47375248","2020 Aug 26 06:14:39 PM","2020 Aug 26 06:14:39 PM","DOHMH","Department of Health and Mental Hygiene","Rodent","Rat Sighting","1-2 Family Dwelling","11204","6221 23 AVENUE","23 AVENUE","62 STREET","63 STREET","62 STREET","63 STREET","ADDRESS","BROOKLYN","23 AVENUE",,"Closed",,"2020 Aug 26 06:14:39 PM","11 BROOKLYN","BROOKLYN","990,477","162,991","Unspecified","BROOKLYN",,,,,,,,"40.61404686654","-73.97757153942","POINT (-73.977571539421 40.614046866543)"
"47368636","2020 Aug 26 02:30:32 PM",,"DOHMH","Department of Health and Mental Hygiene","Rodent","Rat Sighting","Other (Explain Below)","11214","25 AVENUE","25 AVENUE","25 AVENUE","84 STREET","25 AVENUE","84 STREET","INTERSECTION",,,,"In Progress",,,"11 BROOKLYN","BROOKLYN","988,142","157,539","Unspecified","BROOKLYN",,,,,,,,"40.59908357452","-73.98598490355","POINT (-73.985984903552 40.599083574524)"
"47367305","2020 Aug 26 10:55:18 AM",,"DOHMH","Department of Health and Mental Hygiene","Rodent","Rat Sighting","3+ Family Apt. Building","11204","1777 71 STREET","71 STREET","17 AVENUE","18 AVENUE","17 AVENUE","18 AVENUE","ADDRESS","BROOKLYN","71 STREET",,"In Progress",,,"11 BROOKLYN","BROOKLYN","985,814","163,752","Unspecified","BROOKLYN",,,,,,,,"40.61613770425","-73.99436659536","POINT (-73.994366595356 40.616137704251)"
"47344302","2020 Aug 24 11:42:37 AM","2020 Aug 24 11:42:37 AM","DOHMH","Department of Health and Mental Hygiene","Rodent","Rat Sighting","3+ Family Apt. Building","11223","1675 WEST    9 STREET","WEST    9 STREET","AVENUE P","QUENTIN ROAD","AVENUE P","QUENTIN ROAD","ADDRESS","BROOKLYN","WEST    9 STREET",,"Closed",,"2020 Aug 24 11:42:37 AM","11 BROOKLYN","BROOKLYN","989,175","160,171","Unspecified","BROOKLYN",,,,,,,,"40.6063073653","-73.98226315037","POINT (-73.982263150373 40.606307365302)"
"47317729","2020 Aug 21 07:53:25 PM",,"DOHMH","Department of Health and Mental Hygiene","Rodent","Rat Sighting","Other (Explain Below)","11214","1155 SHORE PARKWAY","SHORE PARKWAY","BAY   13 STREET","BAY   14 STREET","BAY   13 STREET","BAY   14 STREET","ADDRESS","BROOKLYN","SHORE PARKWAY",,"In Progress",,,"11 BROOKLYN","BROOKLYN","980,547","158,798","Unspecified","BROOKLYN",,,,,,,,"40.60253935509","-74.01333519742","POINT (-74.013335197416 40.60253935509)"
"47319285","2020 Aug 21 07:51:36 PM","2020 Aug 21 07:51:36 PM","DOHMH","Department of Health and Mental Hygiene","Rodent","Rat Sighting","Other (Explain Below)","11214","1157 SHORE PARKWAY NORTH SERVICE ROAD","SHORE PARKWAY NORTH SERVICE ROAD","BAY 13 STREET","BAY 14 STREET","BAY   13 STREET","BAY   14 STREET","ADDRESS","BROOKLYN","SHORE PARKWAY",,"Closed",,"2020 Aug 21 07:51:36 PM","11 BROOKLYN","BROOKLYN","980,558","158,795","Unspecified","BROOKLYN",,,,,,,,"40.60253112529","-74.01329558271","POINT (-74.013295582714 40.602531125289)"
"47312445","2020 Aug 21 09:42:56 AM",,"DOHMH","Department of Health and Mental Hygiene","Rodent","Rat Sighting","Other (Explain Below)","11223","AVENUE S","AVENUE S","AVENUE S","WEST    9 STREET","AVENUE S","WEST    9 STREET","INTERSECTION",,,,"In Progress",,,"11 BROOKLYN","BROOKLYN","989,460","158,178","Unspecified","BROOKLYN",,,,,,,,"40.60083682321","-73.98123829133","POINT (-73.981238291332 40.600836823206)"
"47315471","2020 Aug 21 09:11:24 AM","2020 Aug 21 09:11:24 AM","DOHMH","Department of Health and Mental Hygiene","Rodent","Rat Sighting","Commercial Building","11223","2184 MCDONALD AVENUE","MCDONALD AVENUE","AVENUE T","SLOAN PLACE","AVENUE T","SLOAN PLACE","ADDRESS","BROOKLYN","MCDONALD AVENUE",,"Closed",,"2020 Aug 21 09:11:24 AM","11 BROOKLYN","BROOKLYN","991,765","157,576","Unspecified","BROOKLYN",,,,,,,,"40.59918280044","-73.97293843588","POINT (-73.97293843588 40.599182800437)"
"47304199","2020 Aug 20 08:04:36 AM",,"DOHMH","Department of Health and Mental Hygiene","Rodent","Rat Sighting","Commercial Building","11223","AVENUE T","AVENUE T","AVENUE T","MC DONALD AVENUE","AVENUE T","MC DONALD AVENUE","INTERSECTION",,,,"In Progress",,,"11 BROOKLYN","BROOKLYN","991,773","157,624","Unspecified","BROOKLYN",,,,,,,,"40.59931454393","-73.97290957437","POINT (-73.972909574374 40.599314543927)"
"47290655","2020 Aug 19 07:54:59 PM","2020 Aug 19 07:54:59 PM","DOHMH","Department of Health and Mental Hygiene","Rodent","Rat Sighting","3+ Family Apt. Building","11204","2315 65 STREET","65 STREET","23 AVENUE","WEST 4 STREET","23 AVENUE","WEST    4 STREET","ADDRESS","BROOKLYN","65 STREET",,"Closed",,"2020 Aug 19 07:54:59 PM","11 BROOKLYN","BROOKLYN","990,139","162,336","Unspecified","BROOKLYN",,,,,,,,"40.61224925777","-73.97878952184","POINT (-73.978789521838 40.612249257769)"
"47290659","2020 Aug 19 07:03:05 PM","2020 Aug 19 07:03:05 PM","DOHMH","Department of Health and Mental Hygiene","Rodent","Rat Sighting","3+ Family Apt. Building","11204","2315 65 STREET","65 STREET","23 AVENUE","WEST 4 STREET","23 AVENUE","WEST    4 STREET","ADDRESS","BROOKLYN","65 STREET",,"Closed",,"2020 Aug 19 07:03:05 PM","11 BROOKLYN","BROOKLYN","990,139","162,336","Unspecified","BROOKLYN",,,,,,,,"40.61224925777","-73.97878952184","POINT (-73.978789521838 40.612249257769)"
"47292913","2020 Aug 19 07:01:11 PM","2020 Aug 19 07:01:11 PM","DOHMH","Department of Health and Mental Hygiene","Rodent","Rat Sighting","3+ Family Apt. Building","11204","2309 65 STREET","65 STREET","23 AVENUE","WEST 4 STREET","23 AVENUE","WEST    4 STREET","ADDRESS","BROOKLYN","65 STREET",,"Closed",,"2020 Aug 19 07:01:11 PM","11 BROOKLYN","BROOKLYN","990,103","162,365","Unspecified","BROOKLYN",,,,,,,,"40.61232888065","-73.97891915831","POINT (-73.978919158306 40.612328880646)"
"47300074","2020 Aug 19 06:54:32 PM","2020 Aug 19 06:54:32 PM","DOHMH","Department of Health and Mental Hygiene","Rodent","Rat Sighting","3+ Family Apt. Building","11204","2315 65 STREET","65 STREET","23 AVENUE","WEST 4 STREET","23 AVENUE","WEST    4 STREET","ADDRESS","BROOKLYN","65 STREET",,"Closed",,"2020 Aug 19 06:54:32 PM","11 BROOKLYN","BROOKLYN","990,139","162,336","Unspecified","BROOKLYN",,,,,,,,"40.61224925777","-73.97878952184","POINT (-73.978789521838 40.612249257769)"
"47268708","2020 Aug 17 07:47:30 PM","2020 Aug 17 07:47:30 PM","DOHMH","Department of Health and Mental Hygiene","Rodent","Rat Sighting","1-2 Family Dwelling","11204","7301 19 AVENUE","19 AVENUE","73 STREET","74 STREET","73 STREET","74 STREET","ADDRESS","BROOKLYN","19 AVENUE",,"Closed",,"2020 Aug 17 07:47:30 PM","11 BROOKLYN","BROOKLYN","986,238","162,698","Unspecified","BROOKLYN",,,,,,,,"40.61324460709","-73.99283969113","POINT (-73.992839691129 40.613244607095)"
"47275391","2020 Aug 17 12:59:12 PM","2020 Aug 17 12:59:12 PM","DOHMH","Department of Health and Mental Hygiene","Rodent","Rat Sighting","Other (Explain Below)","11214","2501 85 STREET","85 STREET","25 AVENUE","STILLWELL AVENUE","25 AVENUE","STILLWELL AVENUE","ADDRESS","BROOKLYN","85 STREET",,"Closed",,"2020 Aug 17 12:59:12 PM","11 BROOKLYN","BROOKLYN","988,027","157,302","Unspecified","BROOKLYN",,,,,,,,"40.59843310723","-73.98639915119","POINT (-73.986399151186 40.598433107232)"
"47253250","2020 Aug 15 02:34:05 PM",,"DOHMH","Department of Health and Mental Hygiene","Rodent","Rat Sighting","1-2 Family Dwelling","11214","168 BAY   41 STREET","BAY   41 STREET","BENSON AVENUE","BATH AVENUE","BENSON AVENUE","BATH AVENUE","ADDRESS","BROOKLYN","BAY   41 STREET",,"In Progress",,,"11 BROOKLYN","BROOKLYN","987,287","155,635","Unspecified","BROOKLYN",,,,,,,,"40.5938578128","-73.98906461541","POINT (-73.989064615414 40.5938578128)"
"47232947","2020 Aug 13 11:57:08 AM",,"DOHMH","Department of Health and Mental Hygiene","Rodent","Rat Sighting","1-2 Family Dwelling","11223","AVENUE T","AVENUE T","AVENUE T","MCDONALD AVENUE","AVENUE T","MCDONALD AVENUE","INTERSECTION",,,,"In Progress",,,"11 BROOKLYN","BROOKLYN","991,773","157,624","Unspecified","BROOKLYN",,,,,,,,"40.59931454393","-73.97290957437","POINT (-73.972909574374 40.599314543927)"
"47176042","2020 Aug 09 11:52:45 AM","2020 Aug 09 11:52:45 AM","DOHMH","Department of Health and Mental Hygiene","Rodent","Rat Sighting","1-2 Family Dwelling","11214","65 BAY   35 STREET","BAY   35 STREET","86 STREET","BENSON AVENUE","86 STREET","BENSON AVENUE","ADDRESS","BROOKLYN","BAY   35 STREET",,"Closed",,"2020 Aug 09 11:52:45 AM","11 BROOKLYN","BROOKLYN","986,648","157,331","Unspecified","BROOKLYN",,,,,,,,"40.59851318678","-73.99136487305","POINT (-73.991364873049 40.598513186775)"
"47155057","2020 Aug 07 09:36:11 AM",,"DOHMH","Department of Health and Mental Hygiene","Rodent","Rat Sighting","Commercial Building","11223","AVENUE T","AVENUE T","AVENUE T","MCDONALD AVENUE","AVENUE T","MCDONALD AVENUE","INTERSECTION",,,,"In Progress",,,"11 BROOKLYN","BROOKLYN","991,773","157,624","Unspecified","BROOKLYN",,,,,,,,"40.59931454393","-73.97290957437","POINT (-73.972909574374 40.599314543927)"
"47140452","2020 Aug 06 09:01:54 PM",,"DOHMH","Department of Health and Mental Hygiene","Rodent","Rat Sighting","3+ Family Apt. Building","11214","2504 85 STREET","85 STREET","25 AVENUE","STILLWELL AVENUE","25 AVENUE","STILLWELL AVENUE","ADDRESS","BROOKLYN","85 STREET",,"In Progress",,,"11 BROOKLYN","BROOKLYN","988,032","157,290","Unspecified","BROOKLYN",,,,,,,,"40.59840016753","-73.98638115307","POINT (-73.986381153074 40.598400167526)"
"47140239","2020 Aug 06 08:07:19 AM",,"DOHMH","Department of Health and Mental Hygiene","Rodent","Rat Sighting","Other (Explain Below)","11214","BAY   17 STREET","BAY   17 STREET","BAY   17 STREET","SHORE PARKWAY","BAY   17 STREET","SHORE PARKWAY","INTERSECTION",,,,"In Progress",,,"11 BROOKLYN","BROOKLYN","981,437","158,317","Unspecified","BROOKLYN",,,,,,,,"40.601219435","-74.01012994024","POINT (-74.010129940237 40.601219435)"
"47117395","2020 Aug 05 10:50:30 AM",,"DOHMH","Department of Health and Mental Hygiene","Rodent","Rat Sighting","School/Pre-School","11204","6317 17 AVENUE","17 AVENUE","SEA BEACH LINE","64 STREET","SEA BEACH LINE","64 STREET","ADDRESS","BROOKLYN","17 AVENUE",,"In Progress",,,"11 BROOKLYN","BROOKLYN","986,585","165,647","Unspecified","BROOKLYN",,,,,,,,"40.62133891579","-73.99158885878","POINT (-73.991588858779 40.621338915788)"
"47067145","2020 Aug 02 05:55:49 AM",,"DOHMH","Department of Health and Mental Hygiene","Rodent","Rat Sighting","Commercial Building","11223","AVENUE T","AVENUE T","AVENUE T","MCDONALD AVENUE","AVENUE T","MCDONALD AVENUE","INTERSECTION",,,,"In Progress",,,"11 BROOKLYN","BROOKLYN","991,773","157,624","Unspecified","BROOKLYN",,,,,,,,"40.59931454393","-73.97290957437","POINT (-73.972909574374 40.599314543927)"
"47041969","2020 Jul 31 04:50:36 PM","2020 Oct 27 12:40:23 PM","DOHMH","Department of Health and Mental Hygiene","Rodent","Rat Sighting","1-2 Family Dwelling","11223","1778 WEST    4 STREET","WEST    4 STREET","KINGS HIGHWAY","HIGHLAWN AVENUE","KINGS HIGHWAY","HIGHLAWN AVENUE","ADDRESS","BROOKLYN","WEST    4 STREET",,"Closed",,"2020 Jul 31 04:51:28 PM","11 BROOKLYN","BROOKLYN","990,631","159,429","Unspecified","BROOKLYN",,,,,,,,"40.60426979797","-73.97702022662","POINT (-73.977020226618 40.604269797966)"
"47038636","2020 Jul 30 07:04:40 PM",,"DOHMH","Department of Health and Mental Hygiene","Rodent","Rat Sighting","Other (Explain Below)","11214","20 AVENUE","20 AVENUE","20 AVENUE","CROPSEY AVENUE","20 AVENUE","CROPSEY AVENUE","INTERSECTION",,,,"In Progress",,,"11 BROOKLYN","BROOKLYN","983,469","157,947","Unspecified","BROOKLYN",,,,,,,,"40.60020427207","-74.00281242909","POINT (-74.002812429087 40.600204272072)"
"47032272","2020 Jul 30 06:59:54 PM","2020 Jul 30 06:59:54 PM","DOHMH","Department of Health and Mental Hygiene","Rodent","Rat Sighting","3+ Family Mixed Use Building","11214","1429 SHORE PARKWAY","SHORE PARKWAY","19 AVENUE","20 AVENUE","19 AVENUE","20 AVENUE","ADDRESS","BROOKLYN","SHORE PARKWAY",,"Closed",,"2020 Jul 30 06:59:54 PM","11 BROOKLYN","BROOKLYN","982,607","157,397","Unspecified","BROOKLYN",,,,,,,,"40.59869451555","-74.00591641038","POINT (-74.005916410383 40.598694515552)"
"47029133","2020 Jul 29 08:22:23 PM","2020 Oct 27 01:03:59 PM","DOHMH","Department of Health and Mental Hygiene","Rodent","Rat Sighting","1-2 Family Mixed Use Building","11214","164 BAY   32 STREET","BAY   32 STREET","BENSON AVENUE","BATH AVENUE","BENSON AVENUE","BATH AVENUE","ADDRESS","BROOKLYN","BAY   32 STREET",,"Closed",,"2020 Jul 29 08:23:17 PM","11 BROOKLYN","BROOKLYN","985,487","157,130","Unspecified","BROOKLYN",,,,,,,,"40.5979617205","-73.99554563645","POINT (-73.995545636445 40.597961720501)"
"47026646","2020 Jul 29 01:53:19 PM",,"DOHMH","Department of Health and Mental Hygiene","Rodent","Rat Sighting","3+ Family Apt. Building","11214","1969 19 LANE","19 LANE","BEND","20 DRIVE","BEND","20 DRIVE","ADDRESS","BROOKLYN","19 LANE",,"In Progress",,,"11 BROOKLYN","BROOKLYN","982,872","157,616","Unspecified","BROOKLYN",,,,,,,,"40.5992956714","-74.00496219532","POINT (-74.004962195319 40.599295671401)"
"46987152","2020 Jul 26 08:31:13 AM","2020 Jul 26 08:31:13 AM","DOHMH","Department of Health and Mental Hygiene","Rodent","Rat Sighting","1-2 Family Dwelling","11214","164 BAY   32 STREET","BAY   32 STREET","BENSON AVENUE","BATH AVENUE","BENSON AVENUE","BATH AVENUE","ADDRESS","BROOKLYN","BAY   32 STREET",,"Closed",,"2020 Jul 26 08:31:13 AM","11 BROOKLYN","BROOKLYN","985,487","157,130","Unspecified","BROOKLYN",,,,,,,,"40.5979617205","-73.99554563645","POINT (-73.995545636445 40.597961720501)"
"46967196","2020 Jul 24 02:51:17 PM","2020 Jul 24 02:51:17 PM","DOHMH","Department of Health and Mental Hygiene","Rodent","Rat Sighting","Other (Explain Below)","11204","1748 71 STREET","71 STREET","17 AVENUE","18 AVENUE","17 AVENUE","18 AVENUE","ADDRESS","BROOKLYN","71 STREET",,"Closed",,"2020 Jul 24 02:51:17 PM","11 BROOKLYN","BROOKLYN","985,680","163,850","Unspecified","BROOKLYN",,,,,,,,"40.61640671659","-73.99484923203","POINT (-73.99484923203 40.616406716594)"
"46957385","2020 Jul 23 01:10:11 PM","2020 Jul 23 01:10:11 PM","DOHMH","Department of Health and Mental Hygiene","Rodent","Rat Sighting","1-2 Family Dwelling","11223","1788 WEST   12 STREET","WEST   12 STREET","QUENTIN ROAD","HIGHLAWN AVENUE","QUENTIN ROAD","HIGHLAWN AVENUE","ADDRESS","BROOKLYN","WEST   12 STREET",,"Closed",,"2020 Jul 23 01:10:11 PM","11 BROOKLYN","BROOKLYN","988,534","159,111","Unspecified","BROOKLYN",,,,,,,,"40.60339821459","-73.98457231415","POINT (-73.984572314152 40.603398214589)"
"46945539","2020 Jul 22 11:58:07 AM","2020 Oct 28 12:13:32 PM","DOHMH","Department of Health and Mental Hygiene","Rodent","Rat Sighting","3+ Family Apt. Building","11219","1448 62 STREET","62 STREET","NEW UTRECHT AVENUE","15 AVENUE","NEW UTRECHT AVENUE","15 AVENUE","ADDRESS","BROOKLYN","62 STREET",,"Closed",,"2020 Jul 22 11:58:48 AM","11 BROOKLYN","BROOKLYN","985,246","167,231","Unspecified","BROOKLYN",,,,,,,,"40.62568691617","-73.99641197327","POINT (-73.996411973274 40.625686916166)"
"46947042","2020 Jul 22 06:07:05 AM",,"DOHMH","Department of Health and Mental Hygiene","Rodent","Rat Sighting","Other (Explain Below)","11223","AVENUE T","AVENUE T","AVENUE T","LAKE STREET","AVENUE T","LAKE STREET","INTERSECTION",,,,"In Progress",,,"11 BROOKLYN","BROOKLYN","991,538","157,590","Unspecified","BROOKLYN",,,,,,,,"40.59922141718","-73.97375584921","POINT (-73.97375584921 40.59922141718)"
"46931749","2020 Jul 21 12:45:15 PM",,"DOHMH","Department of Health and Mental Hygiene","Rodent","Rat Sighting","3+ Family Apt. Building","11204","23 AVENUE","23 AVENUE","23 AVENUE","64 STREET","23 AVENUE","64 STREET","INTERSECTION",,,,"In Progress",,,"11 BROOKLYN","BROOKLYN","990,199","162,646","Unspecified","BROOKLYN",,,,,,,,"40.61310010377","-73.97857314606","POINT (-73.978573146055 40.613100103773)"
"46909824","2020 Jul 19 11:33:53 AM","2020 Jul 19 11:33:53 AM","DOHMH","Department of Health and Mental Hygiene","Rodent","Rat Sighting","3+ Family Apt. Building","11214","8224 BAY PARKWAY","BAY PARKWAY","82 STREET","83 STREET","82 STREET","83 STREET","ADDRESS","BROOKLYN","BAY PARKWAY",,"Closed",,"2020 Jul 19 11:33:53 AM","11 BROOKLYN","BROOKLYN","986,569","159,343","Unspecified","BROOKLYN",,,,,,,,"40.6040357394","-73.99164865897","POINT (-73.991648658969 40.604035739401)"
"46902899","2020 Jul 18 07:13:29 AM","2020 Jul 18 07:13:29 AM","DOHMH","Department of Health and Mental Hygiene","Rodent","Rat Sighting","3+ Family Apt. Building","11214","1757 76 STREET","76 STREET","17 AVENUE","18 AVENUE","17 AVENUE","18 AVENUE","ADDRESS","BROOKLYN","76 STREET",,"Closed",,"2020 Jul 18 07:13:29 AM","11 BROOKLYN","BROOKLYN","984,896","162,768","Unspecified","BROOKLYN",,,,,,,,"40.61343694212","-73.99767325309","POINT (-73.997673253092 40.613436942123)"
"46874960","2020 Jul 16 11:08:25 AM","2020 Jul 16 11:08:25 AM","DOHMH","Department of Health and Mental Hygiene","Rodent","Rat Sighting","1-2 Family Dwelling","11228","1111 SHORE PARKWAY","SHORE PARKWAY","15 AVENUE","16 AVENUE","15 AVENUE","16 AVENUE","ADDRESS","BROOKLYN","SHORE PARKWAY",,"Closed",,"2020 Jul 16 11:08:25 AM","11 BROOKLYN","BROOKLYN","980,122","158,929","Unspecified","BROOKLYN",,,,,,,,"40.60289873567","-74.01486578215","POINT (-74.014865782147 40.602898735668)"
"46842862","2020 Jul 13 10:33:29 PM","2020 Jul 13 10:33:29 PM","DOHMH","Department of Health and Mental Hygiene","Rodent","Rat Sighting","Other (Explain Below)","11204","176 AVENUE O","AVENUE O","WEST 5 STREET","WEST 4 STREET","WEST    5 STREET","WEST    4 STREET","ADDRESS","BROOKLYN","AVENUE O",,"Closed",,"2020 Jul 13 10:33:29 PM","11 BROOKLYN","BROOKLYN","990,247","161,815","Unspecified","BROOKLYN",,,,,,,,"40.61081914759","-73.97840099972","POINT (-73.978400999717 40.610819147588)"
"46847372","2020 Jul 13 06:21:05 AM","2020 Jul 13 06:21:05 AM","DOHMH","Department of Health and Mental Hygiene","Rodent","Rat Sighting","Commercial Building","11223","2184 MCDONALD AVENUE","MCDONALD AVENUE","AVENUE T","SLOAN PLACE","AVENUE T","SLOAN PLACE","ADDRESS","BROOKLYN","MCDONALD AVENUE",,"Closed",,"2020 Jul 13 06:21:05 AM","11 BROOKLYN","BROOKLYN","991,765","157,576","Unspecified","BROOKLYN",,,,,,,,"40.59918280044","-73.97293843588","POINT (-73.97293843588 40.599182800437)"
"46834102","2020 Jul 12 10:00:18 AM","2020 Jul 12 10:00:18 AM","DOHMH","Department of Health and Mental Hygiene","Rodent","Rat Sighting","Other (Explain Below)","11214","160 BAY   32 STREET","BAY   32 STREET","BENSON AVENUE","BATH AVENUE","BENSON AVENUE","BATH AVENUE","ADDRESS","BROOKLYN","BAY   32 STREET",,"Closed",,"2020 Jul 12 10:00:18 AM","11 BROOKLYN","BROOKLYN","985,503","157,151","Unspecified","BROOKLYN",,,,,,,,"40.59801935901","-73.9954880175","POINT (-73.9954880175 40.598019359009)"
"46841847","2020 Jul 12 09:48:55 AM","2020 Jul 12 09:48:55 AM","DOHMH","Department of Health and Mental Hygiene","Rodent","Rat Sighting","3+ Family Mixed Use Building","11214","159 BAY   32 STREET","BAY   32 STREET","BENSON AVENUE","BATH AVENUE","BENSON AVENUE","BATH AVENUE","ADDRESS","BROOKLYN","BAY   32 STREET",,"Closed",,"2020 Jul 12 09:48:55 AM","11 BROOKLYN","BROOKLYN","985,508","157,147","Unspecified","BROOKLYN",,,,,,,,"40.59800837911","-73.99547001353","POINT (-73.995470013526 40.59800837911)"
"46812432","2020 Jul 10 08:44:22 PM",,"DOHMH","Department of Health and Mental Hygiene","Rodent","Rat Sighting","1-2 Family Dwelling","11228","136 BAY    7 STREET","BAY    7 STREET","BENSON AVENUE","BATH AVENUE","BENSON AVENUE","BATH AVENUE","ADDRESS","BROOKLYN","BAY    7 STREET",,"In Progress",,,"11 BROOKLYN","BROOKLYN","980,470","161,429","Unspecified","BROOKLYN",,,,,,,,"40.60976087999","-74.01361396137","POINT (-74.01361396137 40.609760879994)"
"46816506","2020 Jul 10 02:54:00 PM",,"DOHMH","Department of Health and Mental Hygiene","Rodent","Rat Sighting","1-2 Family Dwelling","11228","1452 82 STREET","82 STREET","14 AVENUE","15 AVENUE","14 AVENUE","15 AVENUE","ADDRESS","BROOKLYN","82 STREET",,"In Progress",,,"11 BROOKLYN","BROOKLYN","981,993","163,072","Unspecified","BROOKLYN",,,,,,,,"40.61427109546","-74.00812930867","POINT (-74.008129308669 40.614271095459)"
"46793859","2020 Jul 08 10:26:33 AM",,"DOHMH","Department of Health and Mental Hygiene","Rodent","Rat Sighting","1-2 Family Dwelling","11219","1470 66 STREET","66 STREET","14 AVENUE","NEW UTRECHT AVENUE","14 AVENUE","NEW UTRECHT AVENUE","ADDRESS","BROOKLYN","66 STREET",,"In Progress",,,"11 BROOKLYN","BROOKLYN","984,625","166,344","Unspecified","BROOKLYN",,,,,,,,"40.623252335","-73.9986491356","POINT (-73.998649135599 40.623252335003)"
"46791512","2020 Jul 08 06:19:00 AM","2020 Jul 08 06:19:00 AM","DOHMH","Department of Health and Mental Hygiene","Rodent","Rat Sighting","Commercial Building","11223","321 AVENUE T","AVENUE T","AVENUE T","LAKE STREET","AVENUE T","LAKE STREET","ADDRESS","BROOKLYN",,,"Closed",,"2020 Jul 08 06:19:00 AM","11 BROOKLYN","BROOKLYN","991,674","157,613","Unspecified","BROOKLYN",,,,,,,,"40.59928443464","-73.97326608679","POINT (-73.973266086792 40.599284434639)"
"46768767","2020 Jul 06 10:41:18 PM","2020 Jul 06 10:41:18 PM","DOHMH","Department of Health and Mental Hygiene","Rodent","Rat Sighting","Vacant Building","11214","2050 BATH AVENUE","BATH AVENUE","BAY 26 STREET","21 AVENUE","BAY   26 STREET","21 AVENUE","ADDRESS","BROOKLYN","BATH AVENUE",,"Closed",,"2020 Jul 06 10:41:18 PM","11 BROOKLYN","BROOKLYN","984,232","158,023","Unspecified","BROOKLYN",,,,,,,,"40.60041291106","-74.00006481931","POINT (-74.000064819311 40.600412911061)"
"46716818","2020 Jul 02 06:19:23 PM","2020 Jul 02 06:19:23 PM","DOHMH","Department of Health and Mental Hygiene","Rodent","Rat Sighting","1-2 Family Mixed Use Building","11214","1483 SHORE PARKWAY","SHORE PARKWAY","20 AVENUE","21 AVENUE","20 AVENUE","21 AVENUE","ADDRESS","BROOKLYN","SHORE PARKWAY",,"Closed",,"2020 Jul 02 06:19:23 PM","11 BROOKLYN","BROOKLYN","982,951","157,114","Unspecified","BROOKLYN",,,,,,,,"40.59791779486","-74.0046776188","POINT (-74.004677618797 40.597917794864)"
"46718477","2020 Jul 02 10:05:53 AM","2020 Jul 02 10:05:53 AM","DOHMH","Department of Health and Mental Hygiene","Rodent","Rat Sighting","Commercial Building","11214","2002 20 AVENUE","20 AVENUE","20 AVENUE","CROPSEY AVENUE","20 AVENUE","CROPSEY AVENUE","ADDRESS",,,,"Closed",,"2020 Jul 02 10:05:53 AM","11 BROOKLYN","BROOKLYN","983,469","157,947","Unspecified","BROOKLYN",,,,,,,,"40.60020427207","-74.00281242909","POINT (-74.002812429087 40.600204272072)"
"46704994","2020 Jul 01 03:22:25 PM","2020 Jul 01 03:22:25 PM","DOHMH","Department of Health and Mental Hygiene","Rodent","Rat Sighting","3+ Family Apt. Building","11214","2072 20 LANE","20 LANE","BEND","21 DRIVE","BEND","21 DRIVE","ADDRESS","BROOKLYN","20 LANE",,"Closed",,"2020 Jul 01 03:22:25 PM","11 BROOKLYN","BROOKLYN","983,458","157,097","Unspecified","BROOKLYN",,,,,,,,"40.59787119311","-74.00285194111","POINT (-74.002851941109 40.597871193108)"
"46563386","2020 Jun 21 01:44:51 AM","2020 Jun 21 01:44:51 AM","DOHMH","Department of Health and Mental Hygiene","Rodent","Rat Sighting","3+ Family Apt. Building","11214","2049 20 LANE","20 LANE","20 AVENUE","BEND","20 AVENUE","BEND","ADDRESS","BROOKLYN","20 LANE",,"Closed",,"2020 Jun 21 01:44:51 AM","11 BROOKLYN","BROOKLYN","983,363","157,113","Unspecified","BROOKLYN",,,,,,,,"40.59791510088","-74.0031940321","POINT (-74.003194032105 40.597915100876)"
"46508583","2020 Jun 16 11:38:55 AM","2020 Jun 16 11:38:55 AM","DOHMH","Department of Health and Mental Hygiene","Rodent","Rat Sighting","1-2 Family Dwelling","11223","1778 WEST    4 STREET","WEST    4 STREET","KINGS HIGHWAY","HIGHLAWN AVENUE","KINGS HIGHWAY","HIGHLAWN AVENUE","ADDRESS","BROOKLYN","WEST    4 STREET",,"Closed",,"2020 Jun 16 11:38:55 AM","11 BROOKLYN","BROOKLYN","990,631","159,429","Unspecified","BROOKLYN",,,,,,,,"40.60426979797","-73.97702022662","POINT (-73.977020226618 40.604269797966)"
"46490893","2020 Jun 15 09:24:31 PM","2020 Jun 15 09:24:31 PM","DOHMH","Department of Health and Mental Hygiene","Rodent","Rat Sighting","3+ Family Mixed Use Building","11214","8647 17 AVENUE","17 AVENUE","86 STREET","BENSON AVENUE","86 STREET","BENSON AVENUE","ADDRESS","BROOKLYN","17 AVENUE",,"Closed",,"2020 Jun 15 09:24:31 PM","11 BROOKLYN","BROOKLYN","982,638","160,666","Unspecified","BROOKLYN",,,,,,,,"40.60766726103","-74.00580556017","POINT (-74.005805560169 40.607667261028)"
"46436363","2020 Jun 10 11:30:52 AM","2020 Jun 10 11:30:52 AM","DOHMH","Department of Health and Mental Hygiene","Rodent","Rat Sighting","Commercial Building","11214","2277 86 STREET","86 STREET","BAY 32 STREET","23 AVENUE","BAY   32 STREET","23 AVENUE","ADDRESS","BROOKLYN","86 STREET",,"Closed",,"2020 Jun 10 11:30:52 AM","11 BROOKLYN","BROOKLYN","986,475","158,175","Unspecified","BROOKLYN",,,,,,,,"40.60082984095","-73.99198756293","POINT (-73.991987562925 40.600829840946)"
"46379508","2020 Jun 04 07:59:30 AM","2020 Jun 04 07:59:30 AM","DOHMH","Department of Health and Mental Hygiene","Rodent","Rat Sighting","Catch Basin/Sewer","11223","2052 WEST   12 STREET","WEST   12 STREET","AVENUE T","AVENUE U","AVENUE T","AVENUE U","ADDRESS","BROOKLYN","WEST   12 STREET",,"Closed",,"2020 Jun 04 07:59:30 AM","11 BROOKLYN","BROOKLYN","988,873","156,767","Unspecified","BROOKLYN",,,,,,,,"40.59696423941","-73.98335310008","POINT (-73.983353100078 40.596964239411)"
"46368498","2020 Jun 02 04:16:17 PM",,"DOHMH","Department of Health and Mental Hygiene","Rodent","Rat Sighting","Other (Explain Below)","11204","6307 17 AVENUE","17 AVENUE","63 STREET","SEA BEACH LINE","63 STREET","SEA BEACH LINE","ADDRESS","BROOKLYN","17 AVENUE",,"In Progress",,,"11 BROOKLYN","BROOKLYN","986,639","165,715","Unspecified","BROOKLYN",,,,,,,,"40.62152554721","-73.99139431582","POINT (-73.991394315818 40.621525547207)"
"46299170","2020 May 26 11:24:00 PM",,"DOHMH","Department of Health and Mental Hygiene","Rodent","Rat Sighting","3+ Family Apt. Building","11219","1448 62 STREET","62 STREET","NEW UTRECHT AVENUE","15 AVENUE","NEW UTRECHT AVENUE","15 AVENUE","ADDRESS","BROOKLYN","62 STREET",,"In Progress",,,"11 BROOKLYN","BROOKLYN","985,246","167,231","Unspecified","BROOKLYN",,,,,,,,"40.62568691617","-73.99641197327","POINT (-73.996411973274 40.625686916166)"
"46306753","2020 May 26 08:54:45 PM",,"DOHMH","Department of Health and Mental Hygiene","Rodent","Rat Sighting","3+ Family Apt. Building","11204","6521 20 AVENUE","20 AVENUE","65 STREET","66 STREET","65 STREET","66 STREET","ADDRESS","BROOKLYN","20 AVENUE",,"In Progress",,,"11 BROOKLYN","BROOKLYN","988,127","163,826","Unspecified","BROOKLYN",,,,,,,,"40.61634010873","-73.9860353094","POINT (-73.986035309396 40.616340108727)"
"46255467","2020 May 20 11:19:10 PM","2020 May 20 11:19:10 PM","DOHMH","Department of Health and Mental Hygiene","Rodent","Rat Sighting","Catch Basin/Sewer","11223","57 KINGS PLACE","KINGS PLACE","KINGS HIGHWAY","DEAD END","KINGS HIGHWAY","DEAD END","ADDRESS","BROOKLYN","KINGS PLACE",,"Closed",,"2020 May 20 11:19:10 PM","11 BROOKLYN","BROOKLYN","991,176","159,061","Unspecified","BROOKLYN",,,,,,,,"40.60325930376","-73.97505790599","POINT (-73.975057905986 40.603259303759)"
"46242616","2020 May 19 03:44:45 PM",,"DOHMH","Department of Health and Mental Hygiene","Rodent","Rat Sighting","1-2 Family Dwelling","11204","1713 63 STREET","63 STREET","17 AVENUE","18 AVENUE","17 AVENUE","18 AVENUE","ADDRESS","BROOKLYN","63 STREET",,"In Progress",,,"11 BROOKLYN","BROOKLYN","986,827","165,653","Unspecified","BROOKLYN",,,,,,,,"40.62135531745","-73.99071712366","POINT (-73.990717123657 40.621355317451)"
"46236890","2020 May 18 11:23:52 PM",,"DOHMH","Department of Health and Mental Hygiene","Rodent","Rat Sighting","1-2 Family Dwelling","11204","1713 63 STREET","63 STREET","17 AVENUE","18 AVENUE","17 AVENUE","18 AVENUE","ADDRESS","BROOKLYN","63 STREET",,"In Progress",,,"11 BROOKLYN","BROOKLYN","986,827","165,653","Unspecified","BROOKLYN",,,,,,,,"40.62135531745","-73.99071712366","POINT (-73.990717123657 40.621355317451)"
"46237933","2020 May 18 04:07:11 PM",,"DOHMH","Department of Health and Mental Hygiene","Rodent","Rat Sighting","1-2 Family Dwelling","11204","1715 63 STREET","63 STREET","17 AVENUE","18 AVENUE","17 AVENUE","18 AVENUE","ADDRESS","BROOKLYN","63 STREET",,"In Progress",,,"11 BROOKLYN","BROOKLYN","986,836","165,646","Unspecified","BROOKLYN",,,,,,,,"40.62133610129","-73.99068470651","POINT (-73.990684706515 40.621336101288)"
"46228555","2020 May 17 05:38:53 PM","2020 May 17 05:38:53 PM","DOHMH","Department of Health and Mental Hygiene","Rodent","Rat Sighting","1-2 Family Dwelling","11223","1764 WEST    7 STREET","WEST    7 STREET","KINGS HIGHWAY","HIGHLAWN AVENUE","KINGS HIGHWAY","HIGHLAWN AVENUE","ADDRESS","BROOKLYN","WEST    7 STREET",,"Closed",,"2020 May 17 05:38:53 PM","11 BROOKLYN","BROOKLYN","989,800","159,437","Unspecified","BROOKLYN",,,,,,,,"40.60429231574","-73.98001288436","POINT (-73.980012884355 40.604292315738)"
"46228532","2020 May 17 04:13:55 PM","2020 May 17 04:13:55 PM","DOHMH","Department of Health and Mental Hygiene","Rodent","Rat Sighting","1-2 Family Dwelling","11204","1715 63 STREET","63 STREET","17 AVENUE","18 AVENUE","17 AVENUE","18 AVENUE","ADDRESS","BROOKLYN","63 STREET",,"Closed",,"2020 May 17 04:13:55 PM","11 BROOKLYN","BROOKLYN","986,836","165,646","Unspecified","BROOKLYN",,,,,,,,"40.62133610129","-73.99068470651","POINT (-73.990684706515 40.621336101288)"
"46223921","2020 May 17 04:01:41 PM",,"DOHMH","Department of Health and Mental Hygiene","Rodent","Rat Sighting","1-2 Family Dwelling","11204","1715 63 STREET","63 STREET","17 AVENUE","18 AVENUE","17 AVENUE","18 AVENUE","ADDRESS","BROOKLYN","63 STREET",,"In Progress",,,"11 BROOKLYN","BROOKLYN","986,836","165,646","Unspecified","BROOKLYN",,,,,,,,"40.62133610129","-73.99068470651","POINT (-73.990684706515 40.621336101288)"
"46203948","2020 May 15 09:29:21 AM","2020 May 15 09:29:21 AM","DOHMH","Department of Health and Mental Hygiene","Rodent","Rat Sighting","3+ Family Apt. Building","11214","1818 79 STREET","79 STREET","18 AVENUE","19 AVENUE","18 AVENUE","19 AVENUE","ADDRESS","BROOKLYN","79 STREET",,"Closed",,"2020 May 15 09:29:21 AM","11 BROOKLYN","BROOKLYN","984,887","161,774","Unspecified","BROOKLYN",,,,,,,,"40.61070861747","-73.99770576284","POINT (-73.997705762838 40.61070861747)"
"46184199","2020 May 12 03:42:02 PM","2020 May 12 03:42:02 PM","DOHMH","Department of Health and Mental Hygiene","Rodent","Rat Sighting","3+ Family Mixed Use Building","11223","320 KINGS HIGHWAY","KINGS HIGHWAY","WEST 6 STREET","WEST 5 STREET","WEST    6 STREET","WEST    5 STREET","ADDRESS","BROOKLYN","KINGS HIGHWAY",,"Closed",,"2020 May 12 03:42:02 PM","11 BROOKLYN","BROOKLYN","990,200","159,688","Unspecified","BROOKLYN",,,,,,,,"40.604981","-73.97857215046","POINT (-73.978572150456 40.604981000003)"
"46152150","2020 May 07 06:13:42 PM","2020 May 07 06:13:42 PM","DOHMH","Department of Health and Mental Hygiene","Rodent","Rat Sighting","3+ Family Apt. Building","11214","1970 83 STREET","83 STREET","19 AVENUE","20 AVENUE","19 AVENUE","20 AVENUE","ADDRESS","BROOKLYN","83 STREET",,"Closed",,"2020 May 07 06:13:42 PM","11 BROOKLYN","BROOKLYN","985,016","160,345","Unspecified","BROOKLYN",,,,,,,,"40.60678629522","-73.99724131489","POINT (-73.997241314885 40.606786295216)"
"46080214","2020 Apr 29 09:43:56 AM","2020 Apr 29 09:43:56 AM","DOHMH","Department of Health and Mental Hygiene","Rodent","Rat Sighting","3+ Family Apt. Building","11214","269 BAY   19 STREET","BAY   19 STREET","CROPSEY AVENUE","SHORE PARKWAY","CROPSEY AVENUE","SHORE PARKWAY","ADDRESS","BROOKLYN","BAY   19 STREET",,"Closed",,"2020 Apr 29 09:43:56 AM","11 BROOKLYN","BROOKLYN","982,158","158,429","Unspecified","BROOKLYN",,,,,,,,"40.60152705179","-74.00753357006","POINT (-74.007533570065 40.60152705179)"
"46080871","2020 Apr 28 02:32:33 PM","2020 Apr 28 02:32:33 PM","DOHMH","Department of Health and Mental Hygiene","Rodent","Rat Sighting","3+ Family Apt. Building","11214","1818 79 STREET","79 STREET","18 AVENUE","19 AVENUE","18 AVENUE","19 AVENUE","ADDRESS","BROOKLYN","79 STREET",,"Closed",,"2020 Apr 28 02:32:33 PM","11 BROOKLYN","BROOKLYN","984,887","161,774","Unspecified","BROOKLYN",,,,,,,,"40.61070861747","-73.99770576284","POINT (-73.997705762838 40.61070861747)"
"46029220","2020 Apr 19 08:56:06 PM",,"DOHMH","Department of Health and Mental Hygiene","Rodent","Rat Sighting","Other (Explain Below)","11228","BATH AVENUE","BATH AVENUE","BATH AVENUE","BAY    8 STREET","BATH AVENUE","BAY    8 STREET","INTERSECTION",,,,"In Progress",,,"11 BROOKLYN","BROOKLYN","980,427","160,962","Unspecified","BROOKLYN",,,,,,,,"40.60847904235","-74.01376856481","POINT (-74.013768564814 40.608479042349)"
"46007080","2020 Apr 15 07:38:23 AM",,"DOHMH","Department of Health and Mental Hygiene","Rodent","Rat Sighting","1-2 Family Dwelling","11204","2363 64 STREET","64 STREET","23 AVENUE","24 AVENUE","23 AVENUE","24 AVENUE","ADDRESS","BROOKLYN","64 STREET",,"In Progress",,,"11 BROOKLYN","BROOKLYN","990,563","162,361","Unspecified","BROOKLYN",,,,,,,,"40.61231758568","-73.97726237292","POINT (-73.977262372918 40.612317585676)"
"45938888","2020 Apr 03 05:11:28 PM",,"DOHMH","Department of Health and Mental Hygiene","Rodent","Rat Sighting","3+ Family Apt. Building","11223","265 QUENTIN ROAD","QUENTIN ROAD","WEST    3 STREET","WEST    2 STREET","WEST    3 STREET","WEST    2 STREET","ADDRESS","BROOKLYN","QUENTIN ROAD",,"In Progress",,,"11 BROOKLYN","BROOKLYN","990,830","160,159","Unspecified","BROOKLYN",,,,,,,,"40.60627335341","-73.97630286057","POINT (-73.976302860565 40.606273353409)"
"45922792","2020 Mar 31 07:23:28 PM",,"DOHMH","Department of Health and Mental Hygiene","Rodent","Rat Sighting","3+ Family Apt. Building","11214","8410 21 AVENUE","21 AVENUE","84 STREET","85 STREET","84 STREET","85 STREET","ADDRESS","BROOKLYN","21 AVENUE",,"In Progress",,,"11 BROOKLYN","BROOKLYN","985,643","159,446","Unspecified","BROOKLYN",,,,,,,,"40.60431864735","-73.9949834121","POINT (-73.9949834121 40.604318647352)"
"45911225","2020 Mar 28 11:57:30 AM","2020 Mar 28 11:57:30 AM","DOHMH","Department of Health and Mental Hygiene","Rodent","Rat Sighting","3+ Family Apt. Building","11214","1491 SHORE PARKWAY","SHORE PARKWAY","20 AVENUE","21 AVENUE","20 AVENUE","21 AVENUE","ADDRESS","BROOKLYN","SHORE PARKWAY",,"Closed",,"2020 Mar 28 11:57:30 AM","11 BROOKLYN","BROOKLYN","983,004","157,070","Unspecified","BROOKLYN",,,,,,,,"40.59779703136","-74.00448676095","POINT (-74.004486760954 40.597797031364)"
"45899093","2020 Mar 26 01:54:28 PM",,"DOHMH","Department of Health and Mental Hygiene","Rodent","Rat Sighting","Other (Explain Below)","11204","1713 63 STREET","63 STREET","17 AVENUE","18 AVENUE","17 AVENUE","18 AVENUE","ADDRESS","BROOKLYN","63 STREET",,"In Progress",,,"11 BROOKLYN","BROOKLYN","986,827","165,653","Unspecified","BROOKLYN",,,,,,,,"40.62135531745","-73.99071712366","POINT (-73.990717123657 40.621355317451)"
"45893456","2020 Mar 25 08:47:43 PM",,"DOHMH","Department of Health and Mental Hygiene","Rodent","Rat Sighting","School/Pre-School","11204","6317 17 AVENUE","17 AVENUE","SEA BEACH LINE","64 STREET","SEA BEACH LINE","64 STREET","ADDRESS","BROOKLYN","17 AVENUE",,"In Progress",,,"11 BROOKLYN","BROOKLYN","986,585","165,647","Unspecified","BROOKLYN",,,,,,,,"40.62133891579","-73.99158885878","POINT (-73.991588858779 40.621338915788)"
"45866098","2020 Mar 20 07:13:43 AM","2020 Apr 14 09:25:05 AM","DOHMH","Department of Health and Mental Hygiene","Rodent","Rat Sighting","Commercial Building","11223","2184 MC DONALD AVENUE","MC DONALD AVENUE","AVENUE T","SLOAN PLACE","AVENUE T","SLOAN PLACE","ADDRESS","BROOKLYN","MCDONALD AVENUE",,"Closed",,"2020 Mar 20 07:14:31 AM","11 BROOKLYN","BROOKLYN","991,765","157,576","Unspecified","BROOKLYN",,,,,,,,"40.59918280044","-73.97293843588","POINT (-73.97293843588 40.599182800437)"
"45859477","2020 Mar 19 06:09:05 PM","2020 Mar 19 06:09:05 PM","DOHMH","Department of Health and Mental Hygiene","Rodent","Rat Sighting","Commercial Building","11214","7901 17 AVENUE","17 AVENUE","79 STREET","NEW UTRECHT AVENUE","79 STREET","NEW UTRECHT AVENUE","ADDRESS","BROOKLYN","17 AVENUE",,"Closed",,"2020 Mar 19 06:09:05 PM","11 BROOKLYN","BROOKLYN","984,040","162,436","Unspecified","BROOKLYN",,,,,,,,"40.61252569164","-74.00075636251","POINT (-74.000756362509 40.612525691636)"
"45860465","2020 Mar 19 08:46:38 AM",,"DOHMH","Department of Health and Mental Hygiene","Rodent","Rat Sighting","3+ Family Apt. Building","11219","1416 66 STREET","66 STREET","14 AVENUE","NEW UTRECHT AVENUE","14 AVENUE","NEW UTRECHT AVENUE","ADDRESS","BROOKLYN","66 STREET",,"In Progress",,,"11 BROOKLYN","BROOKLYN","984,410","166,515","Unspecified","BROOKLYN",,,,,,,,"40.62372170073","-73.99942362714","POINT (-73.999423627136 40.623721700727)"
"45855713","2020 Mar 18 08:28:03 AM","2020 Mar 18 08:28:03 AM","DOHMH","Department of Health and Mental Hygiene","Rodent","Rat Sighting","1-2 Family Dwelling","11204","2059 66 STREET","66 STREET","20 AVENUE","21 AVENUE","20 AVENUE","21 AVENUE","ADDRESS","BROOKLYN","66 STREET",,"Closed",,"2020 Mar 18 08:28:03 AM","11 BROOKLYN","BROOKLYN","988,348","163,401","Unspecified","BROOKLYN",,,,,,,,"40.61517347224","-73.98523954037","POINT (-73.985239540374 40.615173472244)"
"45847398","2020 Mar 17 09:40:52 PM","2020 Mar 17 09:40:52 PM","DOHMH","Department of Health and Mental Hygiene","Rodent","Rat Sighting","Parking Lot/Garage","11223","2050 STILLWELL AVENUE","STILLWELL AVENUE","86 STREET","26 AVENUE","86 STREET","26 AVENUE","ADDRESS","BROOKLYN","STILLWELL AVENUE",,"Closed",,"2020 Mar 17 09:40:52 PM","11 BROOKLYN","BROOKLYN","988,342","156,668","Unspecified","BROOKLYN",,,,,,,,"40.59669276546","-73.98526523092","POINT (-73.985265230924 40.596692765464)"
"45799968","2020 Mar 13 07:01:53 AM","2020 Mar 13 07:01:53 AM","DOHMH","Department of Health and Mental Hygiene","Rodent","Rat Sighting","Commercial Building","11223","2184 MCDONALD AVENUE","MCDONALD AVENUE","AVENUE T","SLOAN PLACE","AVENUE T","SLOAN PLACE","ADDRESS","BROOKLYN","MCDONALD AVENUE",,"Closed",,"2020 Mar 13 07:01:53 AM","11 BROOKLYN","BROOKLYN","991,765","157,576","Unspecified","BROOKLYN",,,,,,,,"40.59918280044","-73.97293843588","POINT (-73.97293843588 40.599182800437)"
"45785320","2020 Mar 11 07:46:00 AM","2020 Mar 11 07:46:00 AM","DOHMH","Department of Health and Mental Hygiene","Rodent","Rat Sighting","1-2 Family Mixed Use Building","11223","2184 MC DONALD AVENUE","MC DONALD AVENUE","AVENUE T","SLOAN PLACE","AVENUE T","SLOAN PLACE","ADDRESS","BROOKLYN","MCDONALD AVENUE",,"Closed",,"2020 Mar 11 07:46:00 AM","11 BROOKLYN","BROOKLYN","991,765","157,576","Unspecified","BROOKLYN",,,,,,,,"40.59918280044","-73.97293843588","POINT (-73.97293843588 40.599182800437)"
"45754237","2020 Mar 04 02:21:46 PM","2020 Mar 04 02:21:46 PM","DOHMH","Department of Health and Mental Hygiene","Rodent","Rat Sighting","Commercial Building","11214","2013 86 STREET","86 STREET","20 AVENUE","BAY 25 STREET","20 AVENUE","BAY   25 STREET","ADDRESS","BROOKLYN","86 STREET",,"Closed",,"2020 Mar 04 02:21:46 PM","11 BROOKLYN","BROOKLYN","984,840","159,473","Unspecified","BROOKLYN",,,,,,,,"40.60439284669","-73.99787524038","POINT (-73.997875240381 40.604392846693)"
"45729790","2020 Mar 01 02:30:44 PM","2020 Mar 01 02:30:44 PM","DOHMH","Department of Health and Mental Hygiene","Rodent","Rat Sighting","Commercial Building","11214","2220 86 STREET","86 STREET","BAY PARKWAY","BAY 31 STREET","BAY PARKWAY","BAY   31 STREET","ADDRESS","BROOKLYN","86 STREET",,"Closed",,"2020 Mar 01 02:30:44 PM","11 BROOKLYN","BROOKLYN","986,098","158,474","Unspecified","BROOKLYN",,,,,,,,"40.60165062189","-73.99334509405","POINT (-73.993345094052 40.601650621892)"
"45714518","2020 Feb 28 04:38:00 AM",,"DOHMH","Department of Health and Mental Hygiene","Rodent","Rat Sighting","3+ Family Apt. Building","11219","6227 NEW UTRECHT AVENUE","NEW UTRECHT AVENUE","62 STREET","63 STREET","62 STREET","63 STREET","ADDRESS","BROOKLYN","NEW UTRECHT AVENUE",,"In Progress",,,"11 BROOKLYN","BROOKLYN","985,052","167,234","Unspecified","BROOKLYN",,,,,,,,"40.62569517022","-73.99711084559","POINT (-73.997110845593 40.625695170224)"
"45690959","2020 Feb 25 11:01:55 PM","2020 Feb 25 11:01:55 PM","DOHMH","Department of Health and Mental Hygiene","Rodent","Rat Sighting","1-2 Family Dwelling","11214","2420 84 STREET","84 STREET","24 AVENUE","25 AVENUE","24 AVENUE","25 AVENUE","ADDRESS","BROOKLYN","84 STREET",,"Closed",,"2020 Feb 25 11:01:55 PM","11 BROOKLYN","BROOKLYN","987,707","157,879","Unspecified","BROOKLYN",,,,,,,,"40.60001698602","-73.98755116503","POINT (-73.98755116503 40.60001698602)"
"45679837","2020 Feb 23 06:44:20 AM",,"DOHMH","Department of Health and Mental Hygiene","Rodent","Rat Sighting","1-2 Family Dwelling","11223","AVENUE T","AVENUE T","AVENUE T","MCDONALD AVENUE","AVENUE T","MCDONALD AVENUE","INTERSECTION",,,,"In Progress",,,"11 BROOKLYN","BROOKLYN","991,773","157,624","Unspecified","BROOKLYN",,,,,,,,"40.59931454393","-73.97290957437","POINT (-73.972909574374 40.599314543927)"
"45673922","2020 Feb 22 07:01:35 PM","2020 Feb 22 07:01:35 PM","DOHMH","Department of Health and Mental Hygiene","Rodent","Rat Sighting","Commercial Building","11223","2184 MC DONALD AVENUE","MC DONALD AVENUE","AVENUE T","SLOAN PLACE","AVENUE T","SLOAN PLACE","ADDRESS","BROOKLYN","MCDONALD AVENUE",,"Closed",,"2020 Feb 22 07:02:14 PM","11 BROOKLYN","BROOKLYN","991,765","157,576","Unspecified","BROOKLYN",,,,,,,,"40.59918280044","-73.97293843588","POINT (-73.97293843588 40.599182800437)"
"45556721","2020 Feb 06 10:21:58 PM","2020 Feb 06 10:21:58 PM","DOHMH","Department of Health and Mental Hygiene","Rodent","Rat Sighting","Construction Site","11219","6211 14 AVENUE","14 AVENUE","62 STREET","63 STREET","62 STREET","63 STREET","ADDRESS","BROOKLYN","14 AVENUE",,"Closed",,"2020 Feb 06 10:21:58 PM","11 BROOKLYN","BROOKLYN","984,901","167,435","Unspecified","BROOKLYN",,,,,,,,"40.62624688542","-73.99765479418","POINT (-73.997654794181 40.626246885419)"
"45558554","2020 Feb 06 02:19:11 AM","2020 Feb 06 02:19:11 AM","DOHMH","Department of Health and Mental Hygiene","Rodent","Rat Sighting","Commercial Building","11214","1933 BATH AVENUE","BATH AVENUE","BAY 22 STREET","BAY 23 STREET","BAY   22 STREET","BAY   23 STREET","ADDRESS","BROOKLYN","BATH AVENUE",,"Closed",,"2020 Feb 06 02:19:11 AM","11 BROOKLYN","BROOKLYN","983,480","158,643","Unspecified","BROOKLYN",,,,,,,,"40.60211465179","-74.00277289675","POINT (-74.002772896748 40.60211465179)"
"45554633","2020 Feb 05 12:54:16 PM","2020 Mar 12 04:58:47 PM","DOHMH","Department of Health and Mental Hygiene","Rodent","Rat Sighting","Parking Lot/Garage","11214","8855 BAY PARKWAY","BAY PARKWAY","CROPSEY AVENUE","BELT PARKWAY WB BAY PARKWAY EN","CROPSEY AVENUE","BELT PARKWAY WB BAY PARKWAY EN","ADDRESS","BROOKLYN","BAY PARKWAY",,"Closed",,"2020 Feb 05 12:54:48 PM","11 BROOKLYN","BROOKLYN","984,498","156,718","Unspecified","BROOKLYN",,,,,,,,"40.59683094655","-73.99910698185","POINT (-73.999106981848 40.596830946552)"
"45552581","2020 Feb 05 12:52:51 PM","2020 Feb 05 12:52:51 PM","DOHMH","Department of Health and Mental Hygiene","Rodent","Rat Sighting","3+ Family Apt. Building","11214","8855 BAY PARKWAY","BAY PARKWAY","CROPSEY AVENUE","BELT PARKWAY WB BAY PARKWAY EN","CROPSEY AVENUE","BELT PARKWAY WB BAY PARKWAY EN","ADDRESS","BROOKLYN","BAY PARKWAY",,"Closed",,"2020 Feb 05 12:52:51 PM","11 BROOKLYN","BROOKLYN","984,498","156,718","Unspecified","BROOKLYN",,,,,,,,"40.59683094655","-73.99910698185","POINT (-73.999106981848 40.596830946552)"
"45513689","2020 Jan 31 01:58:23 PM","2020 Jan 31 01:58:23 PM","DOHMH","Department of Health and Mental Hygiene","Rodent","Rat Sighting","Other (Explain Below)","11214","1933 BATH AVENUE","BATH AVENUE","BAY 22 STREET","BAY 23 STREET","BAY   22 STREET","BAY   23 STREET","ADDRESS","BROOKLYN","BATH AVENUE",,"Closed",,"2020 Jan 31 01:58:23 PM","11 BROOKLYN","BROOKLYN","983,480","158,643","Unspecified","BROOKLYN",,,,,,,,"40.60211465179","-74.00277289675","POINT (-74.002772896748 40.60211465179)"
"45511715","2020 Jan 30 03:06:28 PM","2020 Jan 30 03:06:28 PM","DOHMH","Department of Health and Mental Hygiene","Rodent","Rat Sighting","Commercial Building","11214","2048 86 STREET","86 STREET","BAY 25 STREET","BAY 26 STREET","BAY   25 STREET","BAY   26 STREET","ADDRESS","BROOKLYN","86 STREET",,"Closed",,"2020 Jan 30 03:07:21 PM","11 BROOKLYN","BROOKLYN","985,048","159,300","Unspecified","BROOKLYN",,,,,,,,"40.60391798065","-73.99712619302","POINT (-73.997126193023 40.603917980652)"
"45504634","2020 Jan 29 10:17:07 PM","2020 Jan 29 10:17:07 PM","DOHMH","Department of Health and Mental Hygiene","Rodent","Rat Sighting","Commercial Building","11214","2048 86 STREET","86 STREET","BAY 25 STREET","BAY 26 STREET","BAY   25 STREET","BAY   26 STREET","ADDRESS","BROOKLYN","86 STREET",,"Closed",,"2020 Jan 29 10:17:07 PM","11 BROOKLYN","BROOKLYN","985,048","159,300","Unspecified","BROOKLYN",,,,,,,,"40.60391798065","-73.99712619302","POINT (-73.997126193023 40.603917980652)"
"45475589","2020 Jan 26 06:56:55 PM","2020 Jan 26 06:56:55 PM","DOHMH","Department of Health and Mental Hygiene","Rodent","Rat Sighting","Street Area","11223","2184 MCDONALD AVENUE","MCDONALD AVENUE","AVENUE T","SLOAN PLACE","AVENUE T","SLOAN PLACE","ADDRESS","BROOKLYN","MCDONALD AVENUE",,"Closed",,"2020 Jan 26 06:57:25 PM","11 BROOKLYN","BROOKLYN","991,765","157,576","Unspecified","BROOKLYN",,,,,,,,"40.59918280044","-73.97293843588","POINT (-73.97293843588 40.599182800437)"
"45452674","2020 Jan 23 03:00:18 PM","2020 Jan 23 03:00:18 PM","DOHMH","Department of Health and Mental Hygiene","Rodent","Rat Sighting","3+ Family Apt. Building","11214","1491 SHORE PARKWAY","SHORE PARKWAY","20 AVENUE","21 AVENUE","20 AVENUE","21 AVENUE","ADDRESS","BROOKLYN","SHORE PARKWAY",,"Closed",,"2020 Jan 23 03:09:33 PM","11 BROOKLYN","BROOKLYN","983,004","157,070","Unspecified","BROOKLYN",,,,,,,,"40.59779703136","-74.00448676095","POINT (-74.004486760954 40.597797031364)"
"45451521","2020 Jan 22 09:02:20 AM","2020 Jan 22 09:02:20 AM","DOHMH","Department of Health and Mental Hygiene","Rodent","Rat Sighting","Store","11214","2014 CROPSEY AVENUE","CROPSEY AVENUE","20 AVENUE","BAY 25 STREET","20 AVENUE","BAY   25 STREET","ADDRESS","BROOKLYN","CROPSEY AVENUE",,"Closed",,"2020 Jan 22 09:02:20 AM","11 BROOKLYN","BROOKLYN","983,565","157,856","Unspecified","BROOKLYN",,,,,,,,"40.59995450345","-74.00246671795","POINT (-74.002466717948 40.599954503453)"
"45395325","2020 Jan 15 01:15:49 PM","2020 Jan 15 01:15:49 PM","DOHMH","Department of Health and Mental Hygiene","Rodent","Rat Sighting","1-2 Family Dwelling","11219","1458 65 STREET","65 STREET","14 AVENUE","NEW UTRECHT AVENUE","14 AVENUE","NEW UTRECHT AVENUE","ADDRESS","BROOKLYN","65 STREET",,"Closed",,"2020 Jan 15 01:15:49 PM","11 BROOKLYN","BROOKLYN","984,770","166,587","Unspecified","BROOKLYN",,,,,,,,"40.62391931184","-73.99812678265","POINT (-73.998126782645 40.623919311844)"
"45373424","2020 Jan 12 06:20:30 AM","2020 Mar 12 12:48:00 PM","DOHMH","Department of Health and Mental Hygiene","Rodent","Rat Sighting","1-2 Family Dwelling","11223","2184 MCDONALD AVENUE","MCDONALD AVENUE","AVENUE T","SLOAN PLACE","AVENUE T","SLOAN PLACE","ADDRESS","BROOKLYN","MCDONALD AVENUE",,"Closed",,"2020 Jan 12 06:20:30 AM","11 BROOKLYN","BROOKLYN","991,765","157,576","Unspecified","BROOKLYN",,,,,,,,"40.59918280044","-73.97293843588","POINT (-73.97293843588 40.599182800437)"
